0.0,1818763.0,1.0,-3.20793212890625
0.0,1818341.0,1.0,-3.20813818359375
0.0,1798891.0,1.0,-3.2176352539062503
0.0,1808645.0,1.0,-3.21287255859375
0.0,1811946.0,1.0,-3.2112607421875
0.0,1821226.0,1.0,-3.2067294921875
0.0,1796687.0,1.0,-3.21871142578125
0.0,1818595.0,1.0,-3.20801416015625
0.0,1831898.0,1.0,-3.2015185546875
0.0,1830692.0,1.0,-3.202107421875
0.0,1806015.0,1.0,-3.21415673828125
0.0,1813604.0,1.0,-3.210451171875
0.0,1813120.0,1.0,-3.2106875
0.0,1810585.0,1.0,-3.21192529296875
0.0,1796453.0,1.0,-3.2188256835937503
0.0,1822703.0,1.0,-3.2060083007812503
0.0,1786424.0,1.0,-3.22372265625
0.0,1817418.0,1.0,-3.2085888671875002
0.0,1809912.0,1.0,-3.21225390625
0.0,1813468.0,1.0,-3.210517578125
0.0,1797563.0,1.0,-3.21828369140625
0.0,1817872.0,1.0,-3.2083671875
0.0,1837197.0,1.0,-3.19893115234375
0.0,1808069.0,1.0,-3.2131538085937503
0.0,1793127.0,1.0,-3.22044970703125
0.0,1814241.0,1.0,-3.21014013671875
0.0,1818116.0,1.0,-3.208248046875
0.0,1806089.0,1.0,-3.21412060546875
0.0,1811523.0,1.0,-3.21146728515625
0.0,1806384.0,1.0,-3.2139765625
0.0,1800212.0,1.0,-3.2169902343750003
0.0,1780607.0,1.0,-3.22656298828125
0.0,1795255.0,1.0,-3.21941064453125
0.0,1797769.0,1.0,-3.21818310546875
0.0,1808114.0,1.0,-3.2131318359375003
0.0,1812560.0,1.0,-3.2109609375000003
0.0,1799307.0,1.0,-3.21743212890625
0.0,1824583.0,1.0,-3.20509033203125
0.0,1829286.0,1.0,-3.2027939453125
0.0,1821171.0,1.0,-3.20675634765625
0.0,1817429.0,1.0,-3.20858349609375
0.0,1799506.0,1.0,-3.2173349609375
0.0,1823887.0,1.0,-3.2054301757812502
0.0,1816575.0,1.0,-3.20900048828125
0.0,1825292.0,1.0,-3.204744140625
0.0,1812544.0,1.0,-3.21096875
0.0,1802066.0,1.0,-3.2160849609375
0.0,1831068.0,1.0,-3.201923828125
0.0,1801700.0,1.0,-3.216263671875
0.0,1814272.0,1.0,-3.210125
0.0,1803187.0,1.0,-3.21553759765625
0.0,1795740.0,1.0,-3.219173828125
0.0,1816083.0,1.0,-3.20924072265625
0.0,1819933.0,1.0,-3.20736083984375
0.0,1823329.0,1.0,-3.20570263671875
0.0,1801541.0,1.0,-3.21634130859375
0.0,1831281.0,1.0,-3.20181982421875
0.0,1809213.0,1.0,-3.21259521484375
0.0,1805898.0,1.0,-3.2142138671875
0.0,1780865.0,1.0,-3.22643701171875
0.0,1800746.0,1.0,-3.2167294921875
0.0,1818931.0,1.0,-3.20785009765625
0.0,1825244.0,1.0,-3.204767578125
0.0,1797456.0,1.0,-3.2183359375
0.0,1783606.0,1.0,-3.2250986328125
0.0,1814226.0,1.0,-3.2101474609375
0.0,1815439.0,1.0,-3.20955517578125
0.0,1820929.0,1.0,-3.20687451171875
0.0,1816965.0,1.0,-3.20881005859375
0.0,1811547.0,1.0,-3.21145556640625
0.0,1819876.0,1.0,-3.207388671875
0.0,1810001.0,1.0,-3.21221044921875
0.0,1817489.0,1.0,-3.2085541992187503
0.0,1818891.0,1.0,-3.2078696289062503
0.0,1811265.0,1.0,-3.21159326171875
0.0,1815896.0,1.0,-3.20933203125
0.0,1799470.0,1.0,-3.2173525390625
0.0,1830936.0,1.0,-3.2019882812500002
0.0,1812915.0,1.0,-3.21078759765625
0.0,1785882.0,1.0,-3.2239873046875003
0.0,1800903.0,1.0,-3.21665283203125
0.0,1809924.0,1.0,-3.212248046875
0.0,1819870.0,1.0,-3.2073916015625
0.0,1811847.0,1.0,-3.21130908203125
0.0,1816361.0,1.0,-3.20910498046875
0.0,1820937.0,1.0,-3.20687060546875
0.0,1811463.0,1.0,-3.21149658203125
0.0,1846752.0,1.0,-3.194265625
0.0,1816148.0,1.0,-3.209208984375
0.0,1798302.0,1.0,-3.2179228515625002
0.0,1778215.0,1.0,-3.22773095703125
0.0,1794566.0,1.0,-3.2197470703125
0.0,1813906.0,1.0,-3.2103037109375
0.0,1815347.0,1.0,-3.20960009765625
0.0,1832042.0,1.0,-3.2014482421875
0.0,1800974.0,1.0,-3.2166181640625
0.0,1835449.0,1.0,-3.19978466796875
0.0,1821318.0,1.0,-3.2066845703125
0.0,1815244.0,1.0,-3.209650390625
0.0,1826597.0,1.0,-3.20410693359375
0.0,1810940.0,1.0,-3.211751953125
0.0,1799238.0,1.0,-3.2174658203125
0.0,1800402.0,1.0,-3.2168974609375
0.0,1832369.0,1.0,-3.20128857421875
0.0,1821320.0,1.0,-3.2066835937500002
0.0,1822325.0,1.0,-3.20619287109375
0.0,1811884.0,1.0,-3.211291015625
0.0,1818876.0,1.0,-3.207876953125
0.0,1800233.0,1.0,-3.21697998046875
0.0,1816289.0,1.0,-3.20914013671875
0.0,1812866.0,1.0,-3.2108115234375
0.0,1803889.0,1.0,-3.21519482421875
0.0,1801454.0,1.0,-3.2163837890625
0.0,1810416.0,1.0,-3.2120078125
0.0,1808588.0,1.0,-3.212900390625
20.0,1825001,2.0,-3.20488623046875
20.0,1806064,2.0,-3.2141328125
20.0,1833007,2.0,-3.2009770507812503
20.0,1818320,2.0,-3.2081484375000002
20.0,1828129,2.0,-3.20335888671875
20.0,1814119,2.0,-3.21019970703125
20.0,1817101,2.0,-3.20874365234375
20.0,1813258,2.0,-3.2106201171875
20.0,1823641,2.0,-3.2055502929687503
20.0,1833087,2.0,-3.2009379882812503
20.0,1814350,2.0,-3.2100869140625
20.0,1823303,2.0,-3.20571533203125
20.0,1816810,2.0,-3.2088857421875003
20.0,1822238,2.0,-3.2062353515625
20.0,1810535,2.0,-3.21194970703125
20.0,1812395,2.0,-3.21104150390625
20.0,1817140,2.0,-3.208724609375
20.0,1808490,2.0,-3.2129482421875
20.0,1820287,2.0,-3.20718798828125
20.0,1815211,2.0,-3.20966650390625
20.0,1814251,2.0,-3.21013525390625
20.0,1821394,2.0,-3.2066474609375
20.0,1832390,2.0,-3.2012783203125
20.0,1821603,2.0,-3.20654541015625
20.0,1819282,2.0,-3.2076787109375
20.0,1815726,2.0,-3.2094150390625
20.0,1823663,2.0,-3.20553955078125
20.0,1812825,2.0,-3.21083154296875
20.0,1817916,2.0,-3.208345703125
20.0,1817392,2.0,-3.2086015625
20.0,1818238,2.0,-3.2081884765625
20.0,1818169,2.0,-3.20822216796875
20.0,1817114,2.0,-3.2087373046875003
20.0,1815824,2.0,-3.2093671875
20.0,1819065,2.0,-3.20778466796875
20.0,1804872,2.0,-3.21471484375
20.0,1819113,2.0,-3.20776123046875
20.0,1803273,2.0,-3.21549560546875
20.0,1817398,2.0,-3.2085986328125
20.0,1794664,2.0,-3.21969921875
20.0,1815735,2.0,-3.20941064453125
20.0,1812283,2.0,-3.21109619140625
20.0,1823802,2.0,-3.2054716796875002
20.0,1816465,2.0,-3.20905419921875
20.0,1803510,2.0,-3.2153798828125
20.0,1810025,2.0,-3.2121987304687503
20.0,1801966,2.0,-3.2161337890625
20.0,1805183,2.0,-3.21456298828125
20.0,1808953,2.0,-3.2127221679687503
20.0,1819933,2.0,-3.20736083984375
20.0,1808017,2.0,-3.21317919921875
20.0,1801073,2.0,-3.21656982421875
20.0,1812353,2.0,-3.21106201171875
20.0,1813694,2.0,-3.2104072265625003
20.0,1826418,2.0,-3.2041943359375002
20.0,1809358,2.0,-3.2125244140625
20.0,1818837,2.0,-3.2078959960937503
20.0,1813606,2.0,-3.2104501953125
20.0,1811303,2.0,-3.21157470703125
20.0,1826878,2.0,-3.2039697265625002
20.0,1809191,2.0,-3.21260595703125
20.0,1815841,2.0,-3.20935888671875
20.0,1821281,2.0,-3.20670263671875
20.0,1822347,2.0,-3.20618212890625
20.0,1812047,2.0,-3.21121142578125
20.0,1823299,2.0,-3.20571728515625
20.0,1814547,2.0,-3.20999072265625
20.0,1823328,2.0,-3.2057031250000003
20.0,1810983,2.0,-3.21173095703125
20.0,1816851,2.0,-3.20886572265625
20.0,1821708,2.0,-3.206494140625
20.0,1818659,2.0,-3.2079829101562503
20.0,1812343,2.0,-3.21106689453125
20.0,1810843,2.0,-3.21179931640625
20.0,1816205,2.0,-3.20918115234375
20.0,1819808,2.0,-3.207421875
20.0,1826559,2.0,-3.20412548828125
20.0,1809356,2.0,-3.212525390625
20.0,1810717,2.0,-3.21186083984375
20.0,1805247,2.0,-3.21453173828125
20.0,1821330,2.0,-3.2066787109375
20.0,1817324,2.0,-3.208634765625
20.0,1826836,2.0,-3.203990234375
20.0,1813680,2.0,-3.2104140625
20.0,1809548,2.0,-3.212431640625
20.0,1814451,2.0,-3.21003759765625
20.0,1812295,2.0,-3.21109033203125
20.0,1816627,2.0,-3.20897509765625
20.0,1809793,2.0,-3.2123120117187502
20.0,1820313,2.0,-3.20717529296875
20.0,1814998,2.0,-3.2097705078125003
20.0,1812748,2.0,-3.2108691406250003
20.0,1803144,2.0,-3.21555859375
20.0,1805351,2.0,-3.21448095703125
20.0,1818732,2.0,-3.207947265625
20.0,1818967,2.0,-3.20783251953125
20.0,1806972,2.0,-3.213689453125
20.0,1805485,2.0,-3.21441552734375
20.0,1806730,2.0,-3.2138076171875003
20.0,1796914,2.0,-3.2186005859375
20.0,1810046,2.0,-3.2121884765625
20.0,1815178,2.0,-3.2096826171875
20.0,1811040,2.0,-3.211703125
20.0,1799035,2.0,-3.21756494140625
20.0,1816328,2.0,-3.2091210937500003
20.0,1799567,2.0,-3.21730517578125
20.0,1810198,2.0,-3.2121142578125
20.0,1814591,2.0,-3.20996923828125
20.0,1805960,2.0,-3.21418359375
20.0,1795770,2.0,-3.2191591796875
20.0,1811083,2.0,-3.21168212890625
20.0,1807632,2.0,-3.2133671875000003
20.0,1804125,2.0,-3.21507958984375
20.0,1810436,2.0,-3.2119980468750002
20.0,1808695,2.0,-3.2128481445312502
20.0,1818368,2.0,-3.208125
20.0,1809494,2.0,-3.2124580078125
20.0,1808281,2.0,-3.21305029296875
20.0,1806585,2.0,-3.21387841796875
40.0,1809989,3.0,-3.2122163085937503
40.0,1796407,3.0,-3.21884814453125
40.0,1798522,3.0,-3.2178154296875
40.0,1796653,3.0,-3.21872802734375
40.0,1816689,3.0,-3.20894482421875
40.0,1792199,3.0,-3.22090283203125
40.0,1789048,3.0,-3.22244140625
40.0,1796790,3.0,-3.2186611328125
40.0,1798858,3.0,-3.2176513671875
40.0,1799294,3.0,-3.2174384765625
40.0,1791721,3.0,-3.2211362304687503
40.0,1794516,3.0,-3.2197714843750003
40.0,1800141,3.0,-3.2170249023437503
40.0,1792508,3.0,-3.220751953125
40.0,1800947,3.0,-3.21663134765625
40.0,1802531,3.0,-3.21585791015625
40.0,1799869,3.0,-3.21715771484375
40.0,1798301,3.0,-3.2179233398437503
40.0,1797884,3.0,-3.218126953125
40.0,1799477,3.0,-3.21734912109375
40.0,1790985,3.0,-3.22149560546875
40.0,1800884,3.0,-3.216662109375
40.0,1791419,3.0,-3.22128369140625
40.0,1809610,3.0,-3.2124013671875
40.0,1803733,3.0,-3.21527099609375
40.0,1794840,3.0,-3.21961328125
40.0,1797323,3.0,-3.21840087890625
40.0,1807690,3.0,-3.2133388671875
40.0,1789883,3.0,-3.22203369140625
40.0,1793627,3.0,-3.22020556640625
40.0,1794711,3.0,-3.21967626953125
40.0,1794778,3.0,-3.2196435546875
40.0,1799638,3.0,-3.2172705078125
40.0,1801220,3.0,-3.216498046875
40.0,1797695,3.0,-3.2182192382812502
40.0,1793880,3.0,-3.22008203125
40.0,1784210,3.0,-3.2248037109375
40.0,1794329,3.0,-3.21986279296875
40.0,1793341,3.0,-3.22034521484375
40.0,1789852,3.0,-3.222048828125
40.0,1790443,3.0,-3.22176025390625
40.0,1793068,3.0,-3.220478515625
40.0,1790295,3.0,-3.22183251953125
40.0,1792677,3.0,-3.2206694335937502
40.0,1793730,3.0,-3.2201552734375003
40.0,1792124,3.0,-3.220939453125
40.0,1792640,3.0,-3.2206875
40.0,1782695,3.0,-3.2255434570312502
40.0,1794245,3.0,-3.21990380859375
40.0,1789985,3.0,-3.22198388671875
40.0,1798734,3.0,-3.2177119140625
40.0,1785242,3.0,-3.2242998046875
40.0,1793964,3.0,-3.220041015625
40.0,1792735,3.0,-3.22064111328125
40.0,1784489,3.0,-3.2246674804687503
40.0,1815860,3.0,-3.209349609375
40.0,1806555,3.0,-3.21389306640625
40.0,1788249,3.0,-3.22283154296875
40.0,1800965,3.0,-3.21662255859375
40.0,1800474,3.0,-3.2168623046875
40.0,1796606,3.0,-3.2187509765625
40.0,1791639,3.0,-3.22117626953125
40.0,1798055,3.0,-3.21804345703125
40.0,1802573,3.0,-3.21583740234375
40.0,1803141,3.0,-3.2155600585937503
40.0,1797777,3.0,-3.21817919921875
40.0,1791194,3.0,-3.2213935546875003
40.0,1806170,3.0,-3.2140810546875
40.0,1783235,3.0,-3.22527978515625
40.0,1818833,3.0,-3.20789794921875
40.0,1805642,3.0,-3.2143388671875
40.0,1796106,3.0,-3.2189951171875
40.0,1819478,3.0,-3.2075830078125
40.0,1799616,3.0,-3.21728125
40.0,1811245,3.0,-3.21160302734375
40.0,1768040,3.0,-3.23269921875
40.0,1801075,3.0,-3.21656884765625
40.0,1776435,3.0,-3.2286000976562503
40.0,1812360,3.0,-3.21105859375
40.0,1817276,3.0,-3.208658203125
40.0,1787991,3.0,-3.22295751953125
40.0,1808678,3.0,-3.2128564453125
40.0,1793016,3.0,-3.2205039062500003
40.0,1810758,3.0,-3.2118408203125
40.0,1807970,3.0,-3.2132021484375
40.0,1836594,3.0,-3.1992255859375
40.0,1793126,3.0,-3.2204501953125
40.0,1782401,3.0,-3.22568701171875
40.0,1808701,3.0,-3.21284521484375
40.0,1801518,3.0,-3.2163525390625
40.0,1796211,3.0,-3.21894384765625
40.0,1788199,3.0,-3.22285595703125
40.0,1816612,3.0,-3.208982421875
40.0,1819098,3.0,-3.2077685546875
40.0,1776276,3.0,-3.228677734375
40.0,1813655,3.0,-3.21042626953125
40.0,1801926,3.0,-3.2161533203125003
40.0,1808767,3.0,-3.21281298828125
40.0,1781856,3.0,-3.225953125
40.0,1793808,3.0,-3.2201171875
40.0,1795781,3.0,-3.21915380859375
40.0,1795917,3.0,-3.21908740234375
40.0,1801205,3.0,-3.21650537109375
40.0,1791835,3.0,-3.22108056640625
40.0,1782887,3.0,-3.2254497070312502
40.0,1796010,3.0,-3.2190419921875
40.0,1798354,3.0,-3.2178974609375
40.0,1806039,3.0,-3.21414501953125
40.0,1797566,3.0,-3.2182822265625
40.0,1795138,3.0,-3.2194677734375
40.0,1800003,3.0,-3.2170922851562502
40.0,1817166,3.0,-3.2087119140625
40.0,1813791,3.0,-3.21035986328125
40.0,1785923,3.0,-3.22396728515625
40.0,1777304,3.0,-3.22817578125
40.0,1802975,3.0,-3.21564111328125
40.0,1791567,3.0,-3.22121142578125
40.0,1801096,3.0,-3.2165585937500003
40.0,1779020,3.0,-3.227337890625
60.0,1787960,4.0,-3.22297265625
60.0,1783588,4.0,-3.225107421875
60.0,1794560,4.0,-3.2197500000000003
60.0,1796181,4.0,-3.21895849609375
60.0,1806579,4.0,-3.21388134765625
60.0,1796426,4.0,-3.2188388671875003
60.0,1797291,4.0,-3.21841650390625
60.0,1790021,4.0,-3.22196630859375
60.0,1798257,4.0,-3.2179448242187503
60.0,1798664,4.0,-3.21774609375
60.0,1788838,4.0,-3.2225439453125
60.0,1804348,4.0,-3.214970703125
60.0,1806870,4.0,-3.2137392578125
60.0,1788877,4.0,-3.22252490234375
60.0,1807438,4.0,-3.2134619140625
60.0,1786541,4.0,-3.22366552734375
60.0,1795816,4.0,-3.21913671875
60.0,1795561,4.0,-3.2192612304687502
60.0,1812163,4.0,-3.21115478515625
60.0,1798158,4.0,-3.2179931640625
60.0,1803960,4.0,-3.21516015625
60.0,1800397,4.0,-3.21689990234375
60.0,1785829,4.0,-3.22401318359375
60.0,1802125,4.0,-3.21605615234375
60.0,1804827,4.0,-3.21473681640625
60.0,1798103,4.0,-3.21802001953125
60.0,1792004,4.0,-3.220998046875
60.0,1792694,4.0,-3.2206611328125003
60.0,1802982,4.0,-3.2156376953125
60.0,1783208,4.0,-3.22529296875
60.0,1802513,4.0,-3.21586669921875
60.0,1800934,4.0,-3.2166376953125
60.0,1789457,4.0,-3.22224169921875
60.0,1791114,4.0,-3.2214326171875003
60.0,1795866,4.0,-3.2191123046875
60.0,1818301,4.0,-3.2081577148437503
60.0,1785283,4.0,-3.22427978515625
60.0,1793160,4.0,-3.22043359375
60.0,1785484,4.0,-3.224181640625
60.0,1808426,4.0,-3.2129794921875003
60.0,1785014,4.0,-3.2244111328125
60.0,1798889,4.0,-3.21763623046875
60.0,1802026,4.0,-3.2161044921875
60.0,1792372,4.0,-3.220818359375
60.0,1799338,4.0,-3.2174169921875
60.0,1788623,4.0,-3.2226489257812503
60.0,1798793,4.0,-3.2176831054687502
60.0,1810309,4.0,-3.21206005859375
60.0,1798531,4.0,-3.21781103515625
60.0,1796265,4.0,-3.21891748046875
60.0,1797670,4.0,-3.2182314453125
60.0,1788660,4.0,-3.222630859375
60.0,1787421,4.0,-3.22323583984375
60.0,1799928,4.0,-3.21712890625
60.0,1790616,4.0,-3.22167578125
60.0,1791740,4.0,-3.221126953125
60.0,1796133,4.0,-3.21898193359375
60.0,1784288,4.0,-3.224765625
60.0,1778731,4.0,-3.22747900390625
60.0,1801282,4.0,-3.2164677734375
60.0,1792870,4.0,-3.2205751953125
60.0,1794528,4.0,-3.219765625
60.0,1788680,4.0,-3.22262109375
60.0,1797733,4.0,-3.21820068359375
60.0,1796955,4.0,-3.21858056640625
60.0,1796352,4.0,-3.218875
60.0,1795717,4.0,-3.21918505859375
60.0,1789571,4.0,-3.22218603515625
60.0,1802201,4.0,-3.21601904296875
60.0,1808984,4.0,-3.21270703125
60.0,1795130,4.0,-3.2194716796875
60.0,1802094,4.0,-3.2160712890625
60.0,1784450,4.0,-3.2246865234375
60.0,1800692,4.0,-3.216755859375
60.0,1785054,4.0,-3.2243916015625
60.0,1794969,4.0,-3.21955029296875
60.0,1786221,4.0,-3.2238217773437503
60.0,1791796,4.0,-3.221099609375
60.0,1798741,4.0,-3.21770849609375
60.0,1796204,4.0,-3.218947265625
60.0,1791660,4.0,-3.221166015625
60.0,1803709,4.0,-3.21528271484375
60.0,1802272,4.0,-3.215984375
60.0,1778500,4.0,-3.227591796875
60.0,1813965,4.0,-3.21027490234375
60.0,1773908,4.0,-3.229833984375
60.0,1800975,4.0,-3.21661767578125
60.0,1796856,4.0,-3.21862890625
60.0,1794558,4.0,-3.2197509765625
60.0,1797948,4.0,-3.218095703125
60.0,1796581,4.0,-3.21876318359375
60.0,1800862,4.0,-3.2166728515625
60.0,1779527,4.0,-3.22709033203125
60.0,1813811,4.0,-3.2103500976562502
60.0,1813363,4.0,-3.21056884765625
60.0,1797616,4.0,-3.2182578125
60.0,1796643,4.0,-3.21873291015625
60.0,1793562,4.0,-3.2202373046875
60.0,1798815,4.0,-3.21767236328125
60.0,1796190,4.0,-3.2189541015625
60.0,1798409,4.0,-3.2178706054687503
60.0,1789215,4.0,-3.22235986328125
60.0,1784849,4.0,-3.22449169921875
60.0,1797831,4.0,-3.21815283203125
60.0,1794462,4.0,-3.2197978515625003
60.0,1792652,4.0,-3.220681640625
60.0,1801154,4.0,-3.2165302734375
60.0,1794303,4.0,-3.21987548828125
60.0,1786959,4.0,-3.22346142578125
60.0,1801629,4.0,-3.21629833984375
60.0,1783846,4.0,-3.2249814453125003
60.0,1794510,4.0,-3.2197744140625
60.0,1799553,4.0,-3.21731201171875
60.0,1800559,4.0,-3.21682080078125
60.0,1787409,4.0,-3.2232416992187503
80.0,1794019,5.0,-3.22001416015625
80.0,1817646,5.0,-3.2084775390625
80.0,1802196,5.0,-3.216021484375
80.0,1817696,5.0,-3.208453125
80.0,1792762,5.0,-3.2206279296875002
80.0,1810829,5.0,-3.21180615234375
80.0,1795062,5.0,-3.2195048828125
80.0,1812105,5.0,-3.2111831054687503
80.0,1798696,5.0,-3.21773046875
80.0,1802949,5.0,-3.21565380859375
80.0,1793723,5.0,-3.22015869140625
80.0,1789035,5.0,-3.22244775390625
80.0,1798533,5.0,-3.21781005859375
80.0,1809032,5.0,-3.21268359375
80.0,1817324,5.0,-3.208634765625
80.0,1797141,5.0,-3.2184897460937503
80.0,1805622,5.0,-3.2143486328125
80.0,1794000,5.0,-3.2200234375
80.0,1789096,5.0,-3.2224179687500003
80.0,1801998,5.0,-3.2161181640625003
80.0,1803764,5.0,-3.215255859375
80.0,1795266,5.0,-3.2194052734375003
80.0,1811534,5.0,-3.2114619140625003
80.0,1786297,5.0,-3.22378466796875
80.0,1813171,5.0,-3.21066259765625
80.0,1799313,5.0,-3.21742919921875
80.0,1804715,5.0,-3.21479150390625
80.0,1794740,5.0,-3.219662109375
80.0,1812050,5.0,-3.2112099609375
80.0,1805836,5.0,-3.214244140625
80.0,1807484,5.0,-3.213439453125
80.0,1785490,5.0,-3.2241787109375
80.0,1795001,5.0,-3.21953466796875
80.0,1805034,5.0,-3.2146357421875003
80.0,1799383,5.0,-3.21739501953125
80.0,1792221,5.0,-3.2208920898437503
80.0,1791165,5.0,-3.22140771484375
80.0,1815906,5.0,-3.2093271484375
80.0,1808898,5.0,-3.2127490234375
80.0,1811055,5.0,-3.21169580078125
80.0,1810792,5.0,-3.21182421875
80.0,1784218,5.0,-3.2247998046875
80.0,1803178,5.0,-3.2155419921875
80.0,1806248,5.0,-3.2140429687500003
80.0,1813417,5.0,-3.21054248046875
80.0,1797758,5.0,-3.2181884765625
80.0,1807637,5.0,-3.2133647460937502
80.0,1800962,5.0,-3.2166240234375003
80.0,1816148,5.0,-3.209208984375
80.0,1802609,5.0,-3.21581982421875
80.0,1798087,5.0,-3.2180278320312503
80.0,1815996,5.0,-3.209283203125
80.0,1807675,5.0,-3.21334619140625
80.0,1783882,5.0,-3.2249638671875003
80.0,1809212,5.0,-3.2125957031250003
80.0,1795946,5.0,-3.2190732421875
80.0,1796874,5.0,-3.2186201171875
80.0,1799699,5.0,-3.21724072265625
80.0,1802235,5.0,-3.21600244140625
80.0,1788363,5.0,-3.22277587890625
80.0,1804297,5.0,-3.21499560546875
80.0,1793849,5.0,-3.22009716796875
80.0,1824914,5.0,-3.2049287109375
80.0,1779588,5.0,-3.227060546875
80.0,1814379,5.0,-3.21007275390625
80.0,1826757,5.0,-3.2040288085937503
80.0,1813004,5.0,-3.210744140625
80.0,1824807,5.0,-3.20498095703125
80.0,1790190,5.0,-3.2218837890625
80.0,1799641,5.0,-3.2172690429687503
80.0,1807840,5.0,-3.213265625
80.0,1807014,5.0,-3.2136689453125
80.0,1805082,5.0,-3.2146123046875
80.0,1800685,5.0,-3.2167592773437503
80.0,1795166,5.0,-3.2194541015625
80.0,1792485,5.0,-3.22076318359375
80.0,1799341,5.0,-3.21741552734375
80.0,1800838,5.0,-3.2166845703125
80.0,1790243,5.0,-3.22185791015625
80.0,1803804,5.0,-3.215236328125
80.0,1795765,5.0,-3.21916162109375
80.0,1806367,5.0,-3.21398486328125
80.0,1787521,5.0,-3.22318701171875
80.0,1800969,5.0,-3.21662060546875
80.0,1807578,5.0,-3.2133935546875003
80.0,1799134,5.0,-3.2175166015625
80.0,1797409,5.0,-3.2183588867187503
80.0,1817494,5.0,-3.2085517578125
80.0,1807192,5.0,-3.21358203125
80.0,1806790,5.0,-3.2137783203125
80.0,1797666,5.0,-3.2182333984375
80.0,1806349,5.0,-3.21399365234375
80.0,1790556,5.0,-3.221705078125
80.0,1802854,5.0,-3.2157001953125
80.0,1814538,5.0,-3.2099951171875
80.0,1807585,5.0,-3.21339013671875
80.0,1797258,5.0,-3.2184326171875
80.0,1790207,5.0,-3.22187548828125
80.0,1787917,5.0,-3.22299365234375
80.0,1821588,5.0,-3.206552734375
80.0,1812976,5.0,-3.2107578125
80.0,1807010,5.0,-3.2136708984375
80.0,1801192,5.0,-3.21651171875
80.0,1812307,5.0,-3.21108447265625
80.0,1794361,5.0,-3.21984716796875
80.0,1783665,5.0,-3.22506982421875
80.0,1796405,5.0,-3.21884912109375
80.0,1794474,5.0,-3.2197919921875
80.0,1797680,5.0,-3.2182265625
80.0,1799038,5.0,-3.2175634765625
80.0,1806047,5.0,-3.21414111328125
80.0,1798655,5.0,-3.21775048828125
80.0,1798920,5.0,-3.21762109375
80.0,1813779,5.0,-3.21036572265625
80.0,1787180,5.0,-3.223353515625
80.0,1788551,5.0,-3.2226840820312503
80.0,1801002,5.0,-3.2166044921875
100.0,1793119,6.0,-3.22045361328125
100.0,1788361,6.0,-3.22277685546875
100.0,1800566,6.0,-3.2168173828125
100.0,1792103,6.0,-3.22094970703125
100.0,1796589,6.0,-3.21875927734375
100.0,1797348,6.0,-3.218388671875
100.0,1797726,6.0,-3.2182041015625
100.0,1796638,6.0,-3.2187353515625
100.0,1788557,6.0,-3.22268115234375
100.0,1783258,6.0,-3.2252685546875
100.0,1781690,6.0,-3.2260341796875
100.0,1793676,6.0,-3.2201816406250003
100.0,1787618,6.0,-3.2231396484375
100.0,1795126,6.0,-3.2194736328125
100.0,1778044,6.0,-3.227814453125
100.0,1795512,6.0,-3.2192851562500002
100.0,1787619,6.0,-3.22313916015625
100.0,1776548,6.0,-3.228544921875
100.0,1785446,6.0,-3.2242001953125
100.0,1791945,6.0,-3.2210268554687502
100.0,1789172,6.0,-3.222380859375
100.0,1787127,6.0,-3.22337939453125
100.0,1793932,6.0,-3.220056640625
100.0,1807799,6.0,-3.21328564453125
100.0,1785415,6.0,-3.22421533203125
100.0,1794809,6.0,-3.21962841796875
100.0,1790530,6.0,-3.2217177734375
100.0,1802973,6.0,-3.21564208984375
100.0,1796556,6.0,-3.218775390625
100.0,1784962,6.0,-3.2244365234375003
100.0,1793072,6.0,-3.2204765625
100.0,1779241,6.0,-3.22722998046875
100.0,1776075,6.0,-3.22877587890625
100.0,1800271,6.0,-3.21696142578125
100.0,1787582,6.0,-3.2231572265625
100.0,1799508,6.0,-3.217333984375
100.0,1784127,6.0,-3.22484423828125
100.0,1790002,6.0,-3.2219755859375
100.0,1789958,6.0,-3.2219970703125
100.0,1785585,6.0,-3.22413232421875
100.0,1796951,6.0,-3.21858251953125
100.0,1779775,6.0,-3.2269692382812503
100.0,1778355,6.0,-3.2276625976562503
100.0,1788295,6.0,-3.22280908203125
100.0,1800543,6.0,-3.2168286132812502
100.0,1779059,6.0,-3.22731884765625
100.0,1783889,6.0,-3.22496044921875
100.0,1784466,6.0,-3.2246787109375
100.0,1795843,6.0,-3.21912353515625
100.0,1787487,6.0,-3.22320361328125
100.0,1803622,6.0,-3.2153251953125
100.0,1792463,6.0,-3.22077392578125
100.0,1778493,6.0,-3.22759521484375
100.0,1780050,6.0,-3.2268349609375
100.0,1783005,6.0,-3.22539208984375
100.0,1780418,6.0,-3.2266552734375002
100.0,1781530,6.0,-3.2261123046875
100.0,1798459,6.0,-3.21784619140625
100.0,1795451,6.0,-3.21931494140625
100.0,1784978,6.0,-3.2244287109375
100.0,1802791,6.0,-3.21573095703125
100.0,1806952,6.0,-3.21369921875
100.0,1792656,6.0,-3.2206796875
100.0,1788702,6.0,-3.2226103515625
100.0,1785699,6.0,-3.22407666015625
100.0,1782678,6.0,-3.2255517578125
100.0,1786461,6.0,-3.22370458984375
100.0,1789607,6.0,-3.22216845703125
100.0,1792930,6.0,-3.2205458984375
100.0,1797251,6.0,-3.21843603515625
100.0,1788431,6.0,-3.22274267578125
100.0,1797501,6.0,-3.21831396484375
100.0,1790288,6.0,-3.2218359375
100.0,1796231,6.0,-3.21893408203125
100.0,1792872,6.0,-3.22057421875
100.0,1792500,6.0,-3.220755859375
100.0,1795298,6.0,-3.2193896484375
100.0,1783474,6.0,-3.2251630859375
100.0,1784308,6.0,-3.224755859375
100.0,1796106,6.0,-3.2189951171875
100.0,1795658,6.0,-3.2192138671875
100.0,1797029,6.0,-3.21854443359375
100.0,1788982,6.0,-3.2224736328125
100.0,1797896,6.0,-3.21812109375
100.0,1790768,6.0,-3.2216015625
100.0,1787538,6.0,-3.2231787109375
100.0,1791459,6.0,-3.22126416015625
100.0,1787502,6.0,-3.2231962890625
100.0,1782218,6.0,-3.2257763671875
100.0,1802478,6.0,-3.2158837890625
100.0,1799801,6.0,-3.2171909179687503
100.0,1782464,6.0,-3.22565625
100.0,1793793,6.0,-3.2201245117187502
100.0,1789925,6.0,-3.22201318359375
100.0,1803846,6.0,-3.2152158203125003
100.0,1796818,6.0,-3.2186474609375
100.0,1787056,6.0,-3.2234140625
100.0,1804009,6.0,-3.21513623046875
100.0,1778108,6.0,-3.227783203125
100.0,1808183,6.0,-3.21309814453125
100.0,1784895,6.0,-3.22446923828125
100.0,1798489,6.0,-3.2178315429687503
100.0,1796462,6.0,-3.2188212890625003
100.0,1798128,6.0,-3.2180078125000002
100.0,1811862,6.0,-3.2113017578125
100.0,1805142,6.0,-3.2145830078125
100.0,1801768,6.0,-3.21623046875
100.0,1785443,6.0,-3.22420166015625
100.0,1802724,6.0,-3.215763671875
100.0,1794029,6.0,-3.22000927734375
100.0,1798791,6.0,-3.21768408203125
100.0,1794177,6.0,-3.2199370117187502
100.0,1789612,6.0,-3.222166015625
100.0,1796751,6.0,-3.21868017578125
100.0,1786867,6.0,-3.22350634765625
100.0,1802850,6.0,-3.2157021484375
100.0,1801544,6.0,-3.21633984375
100.0,1809824,6.0,-3.212296875
100.0,1792754,6.0,-3.2206318359375
100.0,1800660,6.0,-3.216771484375
120.0,1782185,7.0,-3.2257924804687503
120.0,1811561,7.0,-3.2114487304687502
120.0,1793470,7.0,-3.2202822265625
120.0,1800256,7.0,-3.21696875
120.0,1795002,7.0,-3.2195341796875
120.0,1810624,7.0,-3.21190625
120.0,1801995,7.0,-3.21611962890625
120.0,1798948,7.0,-3.217607421875
120.0,1810150,7.0,-3.2121376953125003
120.0,1795778,7.0,-3.2191552734375
120.0,1796404,7.0,-3.218849609375
120.0,1775351,7.0,-3.22912939453125
120.0,1805827,7.0,-3.21424853515625
120.0,1786537,7.0,-3.22366748046875
120.0,1792370,7.0,-3.2208193359375
120.0,1796842,7.0,-3.2186357421875
120.0,1794009,7.0,-3.22001904296875
120.0,1807481,7.0,-3.21344091796875
120.0,1777644,7.0,-3.228009765625
120.0,1803625,7.0,-3.21532373046875
120.0,1785480,7.0,-3.2241835937500003
120.0,1784887,7.0,-3.2244731445312502
120.0,1782491,7.0,-3.22564306640625
120.0,1790705,7.0,-3.22163232421875
120.0,1793084,7.0,-3.220470703125
120.0,1799415,7.0,-3.21737939453125
120.0,1796102,7.0,-3.2189970703125
120.0,1796639,7.0,-3.21873486328125
120.0,1795937,7.0,-3.21907763671875
120.0,1791825,7.0,-3.22108544921875
120.0,1791930,7.0,-3.2210341796875
120.0,1798759,7.0,-3.21769970703125
120.0,1795362,7.0,-3.2193583984375
120.0,1788235,7.0,-3.22283837890625
120.0,1793117,7.0,-3.22045458984375
120.0,1796407,7.0,-3.21884814453125
120.0,1802526,7.0,-3.2158603515625
120.0,1796545,7.0,-3.21878076171875
120.0,1792341,7.0,-3.22083349609375
120.0,1788021,7.0,-3.22294287109375
120.0,1788421,7.0,-3.22274755859375
120.0,1799437,7.0,-3.21736865234375
120.0,1793391,7.0,-3.2203208007812503
120.0,1802908,7.0,-3.215673828125
120.0,1794980,7.0,-3.2195449218750003
120.0,1802658,7.0,-3.2157958984375
120.0,1791448,7.0,-3.22126953125
120.0,1801275,7.0,-3.2164711914062503
120.0,1802249,7.0,-3.21599560546875
120.0,1781821,7.0,-3.22597021484375
120.0,1812549,7.0,-3.21096630859375
120.0,1787285,7.0,-3.22330224609375
120.0,1795850,7.0,-3.2191201171875
120.0,1793380,7.0,-3.220326171875
120.0,1793704,7.0,-3.22016796875
120.0,1798807,7.0,-3.21767626953125
120.0,1793787,7.0,-3.22012744140625
120.0,1788707,7.0,-3.22260791015625
120.0,1808585,7.0,-3.21290185546875
120.0,1791550,7.0,-3.2212197265625
120.0,1800341,7.0,-3.21692724609375
120.0,1777320,7.0,-3.2281679687500002
120.0,1803334,7.0,-3.2154658203125
120.0,1774953,7.0,-3.2293237304687503
120.0,1804651,7.0,-3.21482275390625
120.0,1779443,7.0,-3.22713134765625
120.0,1781233,7.0,-3.22625732421875
120.0,1792525,7.0,-3.2207436523437503
120.0,1786202,7.0,-3.2238310546875
120.0,1801653,7.0,-3.21628662109375
120.0,1796086,7.0,-3.2190048828125
120.0,1795786,7.0,-3.2191513671875
120.0,1789399,7.0,-3.22227001953125
120.0,1784726,7.0,-3.2245517578125
120.0,1790490,7.0,-3.2217373046875
120.0,1787720,7.0,-3.22308984375
120.0,1800052,7.0,-3.2170683593750002
120.0,1791461,7.0,-3.22126318359375
120.0,1790185,7.0,-3.2218862304687503
120.0,1798052,7.0,-3.2180449218750002
120.0,1792528,7.0,-3.2207421875
120.0,1799486,7.0,-3.2173447265625
120.0,1785850,7.0,-3.2240029296875
120.0,1801093,7.0,-3.21656005859375
120.0,1785662,7.0,-3.2240947265625
120.0,1797109,7.0,-3.21850537109375
120.0,1796787,7.0,-3.21866259765625
120.0,1793719,7.0,-3.22016064453125
120.0,1794659,7.0,-3.2197016601562503
120.0,1809673,7.0,-3.21237060546875
120.0,1791773,7.0,-3.22111083984375
120.0,1770958,7.0,-3.2312744140625
120.0,1797739,7.0,-3.2181977539062503
120.0,1790313,7.0,-3.22182373046875
120.0,1793936,7.0,-3.2200546875000002
120.0,1784683,7.0,-3.22457275390625
120.0,1796648,7.0,-3.21873046875
120.0,1804312,7.0,-3.21498828125
120.0,1808428,7.0,-3.212978515625
120.0,1798236,7.0,-3.217955078125
120.0,1795285,7.0,-3.21939599609375
120.0,1798738,7.0,-3.2177099609375
120.0,1791757,7.0,-3.2211186523437503
120.0,1798852,7.0,-3.217654296875
120.0,1801183,7.0,-3.21651611328125
120.0,1790109,7.0,-3.22192333984375
120.0,1812265,7.0,-3.21110498046875
120.0,1794514,7.0,-3.2197724609375
120.0,1810317,7.0,-3.21205615234375
120.0,1805215,7.0,-3.21454736328125
120.0,1801915,7.0,-3.21615869140625
120.0,1802716,7.0,-3.215767578125
120.0,1801264,7.0,-3.2164765625
120.0,1801563,7.0,-3.21633056640625
120.0,1808949,7.0,-3.21272412109375
120.0,1800795,7.0,-3.21670556640625
120.0,1789864,7.0,-3.2220429687500003
120.0,1791961,7.0,-3.22101904296875
120.0,1799766,7.0,-3.2172080078125003
120.0,1780694,7.0,-3.2265205078125003
120.0,1785658,7.0,-3.2240966796875
140.0,1794894,8.0,-3.2195869140625
140.0,1797389,8.0,-3.21836865234375
140.0,1792941,8.0,-3.22054052734375
140.0,1805973,8.0,-3.21417724609375
140.0,1773394,8.0,-3.2300849609375
140.0,1796160,8.0,-3.21896875
140.0,1791961,8.0,-3.22101904296875
140.0,1806136,8.0,-3.21409765625
140.0,1796523,8.0,-3.21879150390625
140.0,1802973,8.0,-3.21564208984375
140.0,1798380,8.0,-3.217884765625
140.0,1807424,8.0,-3.21346875
140.0,1800353,8.0,-3.21692138671875
140.0,1790857,8.0,-3.22155810546875
140.0,1795286,8.0,-3.2193955078125
140.0,1778805,8.0,-3.22744287109375
140.0,1798333,8.0,-3.21790771484375
140.0,1773705,8.0,-3.22993310546875
140.0,1778295,8.0,-3.22769189453125
140.0,1798931,8.0,-3.21761572265625
140.0,1795907,8.0,-3.21909228515625
140.0,1791894,8.0,-3.2210517578125
140.0,1794020,8.0,-3.220013671875
140.0,1795156,8.0,-3.219458984375
140.0,1787234,8.0,-3.2233271484375
140.0,1798346,8.0,-3.2179013671875003
140.0,1782110,8.0,-3.2258291015625
140.0,1803700,8.0,-3.215287109375
140.0,1796036,8.0,-3.219029296875
140.0,1790402,8.0,-3.2217802734375
140.0,1791258,8.0,-3.2213623046875
140.0,1799723,8.0,-3.21722900390625
140.0,1789561,8.0,-3.2221909179687502
140.0,1799639,8.0,-3.21727001953125
140.0,1811087,8.0,-3.2116801757812503
140.0,1777749,8.0,-3.22795849609375
140.0,1794315,8.0,-3.21986962890625
140.0,1796938,8.0,-3.2185888671875
140.0,1797981,8.0,-3.21807958984375
140.0,1794811,8.0,-3.2196274414062502
140.0,1790195,8.0,-3.2218813476562502
140.0,1781301,8.0,-3.2262241210937503
140.0,1798581,8.0,-3.21778662109375
140.0,1798756,8.0,-3.217701171875
140.0,1789166,8.0,-3.2223837890625
140.0,1783970,8.0,-3.2249208984375
140.0,1796853,8.0,-3.21863037109375
140.0,1798484,8.0,-3.217833984375
140.0,1764661,8.0,-3.23434912109375
140.0,1797057,8.0,-3.21853076171875
140.0,1788706,8.0,-3.2226083984375
140.0,1794357,8.0,-3.21984912109375
140.0,1808929,8.0,-3.21273388671875
140.0,1792675,8.0,-3.22067041015625
140.0,1795382,8.0,-3.2193486328125003
140.0,1789411,8.0,-3.22226416015625
140.0,1794021,8.0,-3.22001318359375
140.0,1815606,8.0,-3.2094736328125
140.0,1808761,8.0,-3.21281591796875
140.0,1798340,8.0,-3.217904296875
140.0,1792685,8.0,-3.2206655273437503
140.0,1781112,8.0,-3.22631640625
140.0,1786068,8.0,-3.223896484375
140.0,1782401,8.0,-3.22568701171875
140.0,1779902,8.0,-3.2269072265625
140.0,1776001,8.0,-3.22881201171875
140.0,1787893,8.0,-3.22300537109375
140.0,1799056,8.0,-3.2175546875
140.0,1800913,8.0,-3.21664794921875
140.0,1794892,8.0,-3.219587890625
140.0,1790174,8.0,-3.2218916015625
140.0,1801947,8.0,-3.21614306640625
140.0,1777160,8.0,-3.22824609375
140.0,1790282,8.0,-3.2218388671875
140.0,1788008,8.0,-3.22294921875
140.0,1801328,8.0,-3.2164453125000003
140.0,1794220,8.0,-3.219916015625
140.0,1797629,8.0,-3.21825146484375
140.0,1788541,8.0,-3.22268896484375
140.0,1802221,8.0,-3.2160092773437503
140.0,1784634,8.0,-3.2245966796875
140.0,1792735,8.0,-3.22064111328125
140.0,1780848,8.0,-3.2264453125
140.0,1791984,8.0,-3.2210078125
140.0,1790020,8.0,-3.221966796875
140.0,1801385,8.0,-3.21641748046875
140.0,1798236,8.0,-3.217955078125
140.0,1798442,8.0,-3.2178544921875
140.0,1785851,8.0,-3.22400244140625
140.0,1790059,8.0,-3.22194775390625
140.0,1797083,8.0,-3.21851806640625
140.0,1778982,8.0,-3.2273564453125
140.0,1798861,8.0,-3.21764990234375
140.0,1806390,8.0,-3.2139736328125
140.0,1790762,8.0,-3.2216044921875002
140.0,1798982,8.0,-3.2175908203125
140.0,1785705,8.0,-3.22407373046875
140.0,1798045,8.0,-3.21804833984375
140.0,1796734,8.0,-3.2186884765625
140.0,1800002,8.0,-3.2170927734375
140.0,1785935,8.0,-3.2239614257812503
140.0,1795507,8.0,-3.2192875976562503
140.0,1792689,8.0,-3.22066357421875
140.0,1794189,8.0,-3.21993115234375
140.0,1792054,8.0,-3.2209736328125
140.0,1791332,8.0,-3.221326171875
140.0,1796875,8.0,-3.21861962890625
140.0,1794413,8.0,-3.21982177734375
160.0,1794712,9.0,-3.2196757812500003
160.0,1793885,9.0,-3.22007958984375
160.0,1787652,9.0,-3.223123046875
160.0,1785322,9.0,-3.2242607421875
160.0,1803203,9.0,-3.2155297851562503
160.0,1796695,9.0,-3.2187075195312502
160.0,1797407,9.0,-3.21835986328125
160.0,1789462,9.0,-3.2222392578125003
160.0,1790039,9.0,-3.22195751953125
160.0,1793994,9.0,-3.2200263671875
160.0,1796489,9.0,-3.2188081054687503
160.0,1788473,9.0,-3.22272216796875
160.0,1787770,9.0,-3.2230654296875
160.0,1790277,9.0,-3.22184130859375
160.0,1788435,9.0,-3.2227407226562503
160.0,1786835,9.0,-3.22352197265625
160.0,1794693,9.0,-3.21968505859375
160.0,1793085,9.0,-3.22047021484375
160.0,1791738,9.0,-3.2211279296875
160.0,1777799,9.0,-3.22793408203125
160.0,1799723,9.0,-3.21722900390625
160.0,1788372,9.0,-3.222771484375
160.0,1775267,9.0,-3.22917041015625
160.0,1782513,9.0,-3.22563232421875
160.0,1790438,9.0,-3.2217626953125
160.0,1790572,9.0,-3.221697265625
160.0,1797579,9.0,-3.21827587890625
160.0,1792827,9.0,-3.22059619140625
160.0,1774821,9.0,-3.22938818359375
160.0,1798950,9.0,-3.2176064453125
160.0,1796527,9.0,-3.21878955078125
160.0,1793314,9.0,-3.2203583984375
160.0,1792916,9.0,-3.220552734375
160.0,1776524,9.0,-3.228556640625
160.0,1799087,9.0,-3.2175395507812503
160.0,1792914,9.0,-3.2205537109375
160.0,1777376,9.0,-3.228140625
160.0,1766143,9.0,-3.23362548828125
160.0,1787820,9.0,-3.2230410156250002
160.0,1789400,9.0,-3.2222695312500003
160.0,1794714,9.0,-3.2196748046875
160.0,1788935,9.0,-3.2224965820312503
160.0,1795935,9.0,-3.2190786132812503
160.0,1786507,9.0,-3.2236821289062503
160.0,1783201,9.0,-3.22529638671875
160.0,1787372,9.0,-3.223259765625
160.0,1783759,9.0,-3.22502392578125
160.0,1775422,9.0,-3.2290947265625
160.0,1796668,9.0,-3.2187207031250002
160.0,1784805,9.0,-3.22451318359375
160.0,1791099,9.0,-3.22143994140625
160.0,1781269,9.0,-3.22623974609375
160.0,1784907,9.0,-3.22446337890625
160.0,1777589,9.0,-3.22803662109375
160.0,1791289,9.0,-3.22134716796875
160.0,1788559,9.0,-3.22268017578125
160.0,1797604,9.0,-3.218263671875
160.0,1787968,9.0,-3.22296875
160.0,1797722,9.0,-3.2182060546875
160.0,1798403,9.0,-3.21787353515625
160.0,1792918,9.0,-3.2205517578125002
160.0,1795485,9.0,-3.21929833984375
160.0,1787515,9.0,-3.22318994140625
160.0,1799822,9.0,-3.2171806640625
160.0,1784721,9.0,-3.2245541992187503
160.0,1796777,9.0,-3.21866748046875
160.0,1780143,9.0,-3.22678955078125
160.0,1794600,9.0,-3.21973046875
160.0,1776876,9.0,-3.228384765625
160.0,1775573,9.0,-3.22902099609375
160.0,1789594,9.0,-3.2221748046875
160.0,1785395,9.0,-3.22422509765625
160.0,1789097,9.0,-3.22241748046875
160.0,1787751,9.0,-3.22307470703125
160.0,1785834,9.0,-3.2240107421875
160.0,1783808,9.0,-3.225
160.0,1783815,9.0,-3.22499658203125
160.0,1785319,9.0,-3.2242622070312503
160.0,1771463,9.0,-3.23102783203125
160.0,1783161,9.0,-3.22531591796875
160.0,1784709,9.0,-3.22456005859375
160.0,1789610,9.0,-3.2221669921875
160.0,1794869,9.0,-3.21959912109375
160.0,1784880,9.0,-3.2244765625
160.0,1789991,9.0,-3.22198095703125
160.0,1773725,9.0,-3.22992333984375
160.0,1788727,9.0,-3.22259814453125
160.0,1789357,9.0,-3.22229052734375
160.0,1786435,9.0,-3.2237172851562503
160.0,1799365,9.0,-3.21740380859375
160.0,1795605,9.0,-3.2192397460937503
160.0,1791148,9.0,-3.221416015625
160.0,1776904,9.0,-3.22837109375
160.0,1787846,9.0,-3.2230283203125003
160.0,1785374,9.0,-3.2242353515625
160.0,1788405,9.0,-3.22275537109375
160.0,1792580,9.0,-3.220716796875
160.0,1781493,9.0,-3.22613037109375
160.0,1792995,9.0,-3.22051416015625
160.0,1800282,9.0,-3.2169560546875
160.0,1785778,9.0,-3.2240380859375
160.0,1791954,9.0,-3.2210224609375
160.0,1780201,9.0,-3.22676123046875
160.0,1791094,9.0,-3.2214423828125
160.0,1786917,9.0,-3.22348193359375
160.0,1793412,9.0,-3.220310546875
160.0,1794610,9.0,-3.2197255859375
160.0,1776284,9.0,-3.2286738281250003
160.0,1792920,9.0,-3.22055078125
160.0,1776997,9.0,-3.22832568359375
160.0,1804330,9.0,-3.2149794921875
160.0,1779534,9.0,-3.2270869140625003
160.0,1787557,9.0,-3.22316943359375
160.0,1784207,9.0,-3.22480517578125
160.0,1798894,9.0,-3.2176337890625
160.0,1796033,9.0,-3.21903076171875
160.0,1783101,9.0,-3.22534521484375
160.0,1784946,9.0,-3.2244443359375
160.0,1790948,9.0,-3.221513671875
160.0,1799882,9.0,-3.2171513671875003
160.0,1790496,9.0,-3.221734375
160.0,1774051,9.0,-3.2297641601562503
160.0,1790952,9.0,-3.22151171875
160.0,1783150,9.0,-3.2253212890625003
160.0,1774867,9.0,-3.22936572265625
180.0,1785801,10.0,-3.2240268554687503
180.0,1780974,10.0,-3.2263837890625
180.0,1781594,10.0,-3.2260810546875
180.0,1773761,10.0,-3.22990576171875
180.0,1783874,10.0,-3.2249677734375
180.0,1769415,10.0,-3.23202783203125
180.0,1781813,10.0,-3.22597412109375
180.0,1787083,10.0,-3.22340087890625
180.0,1791822,10.0,-3.2210869140625
180.0,1767451,10.0,-3.23298681640625
180.0,1797869,10.0,-3.21813427734375
180.0,1787298,10.0,-3.2232958984375
180.0,1787849,10.0,-3.22302685546875
180.0,1802955,10.0,-3.21565087890625
180.0,1774489,10.0,-3.2295502929687503
180.0,1789719,10.0,-3.22211376953125
180.0,1776831,10.0,-3.22840673828125
180.0,1774909,10.0,-3.2293452148437503
180.0,1777801,10.0,-3.2279331054687503
180.0,1783066,10.0,-3.2253623046875
180.0,1782232,10.0,-3.22576953125
180.0,1798467,10.0,-3.21784228515625
180.0,1780913,10.0,-3.22641357421875
180.0,1772189,10.0,-3.23067333984375
180.0,1767143,10.0,-3.23313720703125
180.0,1788995,10.0,-3.22246728515625
180.0,1780393,10.0,-3.22666748046875
180.0,1778302,10.0,-3.2276884765625002
180.0,1766061,10.0,-3.2336655273437502
180.0,1772302,10.0,-3.2306181640625002
180.0,1771101,10.0,-3.23120458984375
180.0,1791294,10.0,-3.2213447265625
180.0,1769953,10.0,-3.2317651367187503
180.0,1769074,10.0,-3.2321943359375
180.0,1775876,10.0,-3.228873046875
180.0,1789453,10.0,-3.2222436523437503
180.0,1776721,10.0,-3.2284604492187503
180.0,1787160,10.0,-3.22336328125
180.0,1781139,10.0,-3.22630322265625
180.0,1781513,10.0,-3.22612060546875
180.0,1766913,10.0,-3.23324951171875
180.0,1775926,10.0,-3.2288486328125003
180.0,1796823,10.0,-3.21864501953125
180.0,1775835,10.0,-3.22889306640625
180.0,1781462,10.0,-3.2261455078125003
180.0,1769667,10.0,-3.23190478515625
180.0,1773585,10.0,-3.22999169921875
180.0,1781172,10.0,-3.226287109375
180.0,1786552,10.0,-3.2236601562500002
180.0,1783017,10.0,-3.22538623046875
180.0,1773791,10.0,-3.22989111328125
180.0,1777551,10.0,-3.2280551757812503
180.0,1779610,10.0,-3.2270498046875
180.0,1783138,10.0,-3.2253271484375
180.0,1781601,10.0,-3.22607763671875
180.0,1773270,10.0,-3.2301455078125
180.0,1776730,10.0,-3.2284560546875003
180.0,1775633,10.0,-3.22899169921875
180.0,1775335,10.0,-3.22913720703125
180.0,1779603,10.0,-3.22705322265625
180.0,1779603,10.0,-3.22705322265625
180.0,1775577,10.0,-3.22901904296875
180.0,1758984,10.0,-3.23712109375
180.0,1783406,10.0,-3.2251962890625
180.0,1776499,10.0,-3.22856884765625
180.0,1777454,10.0,-3.2281025390625
180.0,1778272,10.0,-3.227703125
180.0,1769602,10.0,-3.2319365234375
180.0,1797182,10.0,-3.2184697265625
180.0,1765533,10.0,-3.23392333984375
180.0,1776612,10.0,-3.228513671875
180.0,1796387,10.0,-3.2188579101562502
180.0,1788144,10.0,-3.2228828125
180.0,1780796,10.0,-3.226470703125
180.0,1782252,10.0,-3.225759765625
180.0,1782952,10.0,-3.22541796875
180.0,1783146,10.0,-3.2253232421875
180.0,1782900,10.0,-3.2254433593750003
180.0,1779429,10.0,-3.22713818359375
180.0,1766517,10.0,-3.23344287109375
180.0,1779418,10.0,-3.2271435546875002
180.0,1775213,10.0,-3.22919677734375
180.0,1774003,10.0,-3.2297875976562502
180.0,1777397,10.0,-3.22813037109375
180.0,1782946,10.0,-3.2254208984375
180.0,1774257,10.0,-3.2296635742187503
180.0,1771011,10.0,-3.23124853515625
180.0,1777974,10.0,-3.2278486328125
180.0,1774694,10.0,-3.2294501953125003
180.0,1775426,10.0,-3.2290927734375003
180.0,1788523,10.0,-3.22269775390625
180.0,1774635,10.0,-3.22947900390625
180.0,1773876,10.0,-3.229849609375
180.0,1769254,10.0,-3.2321064453125
180.0,1767922,10.0,-3.2327568359375
180.0,1779031,10.0,-3.22733251953125
180.0,1758473,10.0,-3.23737060546875
180.0,1786588,10.0,-3.223642578125
180.0,1771494,10.0,-3.2310126953125
180.0,1779770,10.0,-3.2269716796875
180.0,1784313,10.0,-3.22475341796875
180.0,1772948,10.0,-3.230302734375
180.0,1786920,10.0,-3.22348046875
180.0,1784515,10.0,-3.22465478515625
180.0,1771972,10.0,-3.230779296875
180.0,1790911,10.0,-3.22153173828125
180.0,1763942,10.0,-3.2347001953125
180.0,1777995,10.0,-3.22783837890625
180.0,1790939,10.0,-3.22151806640625
180.0,1792763,10.0,-3.22062744140625
180.0,1772146,10.0,-3.2306943359375
180.0,1765406,10.0,-3.2339853515625
180.0,1779267,10.0,-3.22721728515625
180.0,1788837,10.0,-3.2225444335937503
180.0,1775432,10.0,-3.22908984375
200.0,1785350,11.0,-3.2242470703125
200.0,1791144,11.0,-3.22141796875
200.0,1786670,11.0,-3.2236025390625
200.0,1799855,11.0,-3.2171645507812503
200.0,1794753,11.0,-3.2196557617187502
200.0,1793562,11.0,-3.2202373046875
200.0,1782004,11.0,-3.225880859375
200.0,1788239,11.0,-3.2228364257812503
200.0,1785692,11.0,-3.224080078125
200.0,1794735,11.0,-3.21966455078125
200.0,1791322,11.0,-3.2213310546875
200.0,1799406,11.0,-3.2173837890625
200.0,1800550,11.0,-3.2168251953125
200.0,1800283,11.0,-3.21695556640625
200.0,1781541,11.0,-3.22610693359375
200.0,1782096,11.0,-3.2258359375000003
200.0,1790443,11.0,-3.22176025390625
200.0,1790354,11.0,-3.2218037109375
200.0,1785848,11.0,-3.22400390625
200.0,1791096,11.0,-3.2214414062500003
200.0,1786306,11.0,-3.2237802734375
200.0,1791356,11.0,-3.221314453125
200.0,1802796,11.0,-3.215728515625
200.0,1787474,11.0,-3.2232099609375
200.0,1784606,11.0,-3.2246103515625
200.0,1794363,11.0,-3.21984619140625
200.0,1788330,11.0,-3.2227919921875
200.0,1774210,11.0,-3.2296865234375
200.0,1778737,11.0,-3.22747607421875
200.0,1792749,11.0,-3.22063427734375
200.0,1792989,11.0,-3.2205170898437503
200.0,1794901,11.0,-3.21958349609375
200.0,1794848,11.0,-3.219609375
200.0,1802028,11.0,-3.216103515625
200.0,1786300,11.0,-3.223783203125
200.0,1788872,11.0,-3.22252734375
200.0,1787487,11.0,-3.22320361328125
200.0,1798357,11.0,-3.21789599609375
200.0,1786750,11.0,-3.2235634765625
200.0,1788251,11.0,-3.22283056640625
200.0,1780354,11.0,-3.2266865234375
200.0,1781983,11.0,-3.22589111328125
200.0,1802109,11.0,-3.21606396484375
200.0,1796806,11.0,-3.2186533203125
200.0,1796570,11.0,-3.2187685546875002
200.0,1788804,11.0,-3.222560546875
200.0,1797160,11.0,-3.21848046875
200.0,1792640,11.0,-3.2206875
200.0,1787600,11.0,-3.2231484375
200.0,1784213,11.0,-3.22480224609375
200.0,1788058,11.0,-3.2229248046875
200.0,1783345,11.0,-3.22522607421875
200.0,1787883,11.0,-3.22301025390625
200.0,1798587,11.0,-3.2177836914062503
200.0,1777808,11.0,-3.2279296875
200.0,1792228,11.0,-3.220888671875
200.0,1786751,11.0,-3.22356298828125
200.0,1785787,11.0,-3.22403369140625
200.0,1787874,11.0,-3.2230146484375
200.0,1787714,11.0,-3.2230927734375
200.0,1796222,11.0,-3.2189384765625
200.0,1787478,11.0,-3.2232080078125
200.0,1787965,11.0,-3.22297021484375
200.0,1794045,11.0,-3.22000146484375
200.0,1803563,11.0,-3.21535400390625
200.0,1790074,11.0,-3.2219404296875
200.0,1789865,11.0,-3.22204248046875
200.0,1774926,11.0,-3.2293369140625003
200.0,1787845,11.0,-3.22302880859375
200.0,1786339,11.0,-3.22376416015625
200.0,1787082,11.0,-3.2234013671875
200.0,1785985,11.0,-3.22393701171875
200.0,1793324,11.0,-3.220353515625
200.0,1796943,11.0,-3.21858642578125
200.0,1779528,11.0,-3.22708984375
200.0,1792551,11.0,-3.2207309570312503
200.0,1794977,11.0,-3.21954638671875
200.0,1798524,11.0,-3.217814453125
200.0,1782148,11.0,-3.225810546875
200.0,1778481,11.0,-3.22760107421875
200.0,1792641,11.0,-3.2206870117187503
200.0,1774781,11.0,-3.22940771484375
200.0,1802349,11.0,-3.21594677734375
200.0,1783511,11.0,-3.22514501953125
200.0,1790636,11.0,-3.221666015625
200.0,1787391,11.0,-3.2232504882812503
200.0,1787069,11.0,-3.2234077148437503
200.0,1788270,11.0,-3.2228212890625
200.0,1795286,11.0,-3.2193955078125
200.0,1788343,11.0,-3.22278564453125
200.0,1792338,11.0,-3.2208349609375
200.0,1781555,11.0,-3.22610009765625
200.0,1786757,11.0,-3.2235600585937503
200.0,1795417,11.0,-3.21933154296875
200.0,1801511,11.0,-3.21635595703125
200.0,1780828,11.0,-3.2264550781250003
200.0,1792427,11.0,-3.2207915039062502
200.0,1802685,11.0,-3.2157827148437503
200.0,1790621,11.0,-3.22167333984375
200.0,1792827,11.0,-3.22059619140625
200.0,1789067,11.0,-3.22243212890625
200.0,1802638,11.0,-3.2158056640625
200.0,1787254,11.0,-3.2233173828125
200.0,1788787,11.0,-3.22256884765625
200.0,1781077,11.0,-3.22633349609375
200.0,1785666,11.0,-3.2240927734375
200.0,1797383,11.0,-3.21837158203125
200.0,1787995,11.0,-3.22295556640625
200.0,1793643,11.0,-3.22019775390625
200.0,1784928,11.0,-3.224453125
200.0,1797230,11.0,-3.2184462890625003
200.0,1795850,11.0,-3.2191201171875
200.0,1808956,11.0,-3.212720703125
200.0,1789243,11.0,-3.22234619140625
200.0,1802697,11.0,-3.21577685546875
200.0,1789827,11.0,-3.22206103515625
200.0,1783314,11.0,-3.2252412109375
200.0,1789364,11.0,-3.2222871093750003
200.0,1793754,11.0,-3.2201435546875
200.0,1777868,11.0,-3.227900390625
220.0,1785029,12.0,-3.22440380859375
220.0,1786582,12.0,-3.2236455078125
220.0,1778537,12.0,-3.22757373046875
220.0,1799824,12.0,-3.2171796875
220.0,1784945,12.0,-3.2244448242187502
220.0,1792875,12.0,-3.22057275390625
220.0,1782148,12.0,-3.225810546875
220.0,1809422,12.0,-3.2124931640625
220.0,1778908,12.0,-3.227392578125
220.0,1796604,12.0,-3.218751953125
220.0,1793586,12.0,-3.2202255859375
220.0,1795741,12.0,-3.21917333984375
220.0,1802644,12.0,-3.215802734375
220.0,1782084,12.0,-3.225841796875
220.0,1799100,12.0,-3.217533203125
220.0,1798781,12.0,-3.21768896484375
220.0,1791542,12.0,-3.2212236328125
220.0,1787288,12.0,-3.22330078125
220.0,1786214,12.0,-3.2238251953125
220.0,1787899,12.0,-3.22300244140625
220.0,1784952,12.0,-3.22444140625
220.0,1794115,12.0,-3.21996728515625
220.0,1781970,12.0,-3.2258974609375
220.0,1790832,12.0,-3.2215703125
220.0,1792550,12.0,-3.2207314453125
220.0,1790238,12.0,-3.2218603515625
220.0,1794410,12.0,-3.2198232421875
220.0,1788922,12.0,-3.2225029296875
220.0,1803218,12.0,-3.2155224609375
220.0,1785561,12.0,-3.2241440429687502
220.0,1782093,12.0,-3.22583740234375
220.0,1790668,12.0,-3.2216503906250002
220.0,1787361,12.0,-3.22326513671875
220.0,1782350,12.0,-3.2257119140625
220.0,1789755,12.0,-3.22209619140625
220.0,1786066,12.0,-3.2238974609375
220.0,1784716,12.0,-3.224556640625
220.0,1785058,12.0,-3.2243896484375
220.0,1791038,12.0,-3.2214697265625
220.0,1785493,12.0,-3.22417724609375
220.0,1789007,12.0,-3.2224614257812503
220.0,1791329,12.0,-3.22132763671875
220.0,1789956,12.0,-3.221998046875
220.0,1792470,12.0,-3.2207705078125
220.0,1782648,12.0,-3.22556640625
220.0,1782256,12.0,-3.2257578125
220.0,1794588,12.0,-3.219736328125
220.0,1789924,12.0,-3.222013671875
220.0,1783554,12.0,-3.2251240234375
220.0,1783655,12.0,-3.22507470703125
220.0,1797768,12.0,-3.21818359375
220.0,1788605,12.0,-3.2226577148437503
220.0,1783088,12.0,-3.2253515625
220.0,1799326,12.0,-3.2174228515625
220.0,1782588,12.0,-3.225595703125
220.0,1794260,12.0,-3.219896484375
220.0,1774593,12.0,-3.22949951171875
220.0,1786373,12.0,-3.2237475585937503
220.0,1791576,12.0,-3.22120703125
220.0,1787782,12.0,-3.2230595703125
220.0,1788046,12.0,-3.2229306640625
220.0,1788366,12.0,-3.2227744140625
220.0,1790453,12.0,-3.2217553710937503
220.0,1785071,12.0,-3.22438330078125
220.0,1782294,12.0,-3.2257392578125
220.0,1787473,12.0,-3.22321044921875
220.0,1785145,12.0,-3.22434716796875
220.0,1786871,12.0,-3.22350439453125
220.0,1799712,12.0,-3.2172343750000003
220.0,1786700,12.0,-3.223587890625
220.0,1783192,12.0,-3.22530078125
220.0,1784112,12.0,-3.2248515625
220.0,1783778,12.0,-3.2250146484375
220.0,1776502,12.0,-3.2285673828125
220.0,1795990,12.0,-3.2190517578125
220.0,1789913,12.0,-3.22201904296875
220.0,1782407,12.0,-3.22568408203125
220.0,1791139,12.0,-3.22142041015625
220.0,1784046,12.0,-3.2248837890625
220.0,1793614,12.0,-3.2202119140625003
220.0,1775156,12.0,-3.229224609375
220.0,1781079,12.0,-3.22633251953125
220.0,1792256,12.0,-3.220875
220.0,1792784,12.0,-3.2206171875000003
220.0,1791030,12.0,-3.2214736328125
220.0,1789076,12.0,-3.222427734375
220.0,1782813,12.0,-3.22548583984375
220.0,1785251,12.0,-3.22429541015625
220.0,1796516,12.0,-3.2187949218750003
220.0,1792586,12.0,-3.2207138671875
220.0,1784250,12.0,-3.2247841796875
220.0,1784169,12.0,-3.22482373046875
220.0,1793539,12.0,-3.22024853515625
220.0,1785833,12.0,-3.22401123046875
220.0,1795793,12.0,-3.2191479492187502
220.0,1788337,12.0,-3.2227885742187503
220.0,1794707,12.0,-3.21967822265625
220.0,1791781,12.0,-3.22110693359375
220.0,1789721,12.0,-3.2221127929687503
220.0,1787168,12.0,-3.2233593750000002
220.0,1782263,12.0,-3.22575439453125
220.0,1795571,12.0,-3.21925634765625
220.0,1788882,12.0,-3.2225224609375003
220.0,1796854,12.0,-3.2186298828125
220.0,1782916,12.0,-3.225435546875
220.0,1795142,12.0,-3.2194658203125
220.0,1789286,12.0,-3.2223251953125
220.0,1786848,12.0,-3.223515625
220.0,1786773,12.0,-3.22355224609375
220.0,1791226,12.0,-3.2213779296875
220.0,1786857,12.0,-3.22351123046875
220.0,1786639,12.0,-3.22361767578125
220.0,1783629,12.0,-3.22508740234375
220.0,1786455,12.0,-3.22370751953125
220.0,1783854,12.0,-3.2249775390625
220.0,1783809,12.0,-3.22499951171875
220.0,1775099,12.0,-3.22925244140625
240.0,1782521,13.0,-3.22562841796875
240.0,1778529,13.0,-3.22757763671875
240.0,1776954,13.0,-3.2283466796875
240.0,1790266,13.0,-3.2218466796875003
240.0,1776395,13.0,-3.22861962890625
240.0,1788236,13.0,-3.222837890625
240.0,1785753,13.0,-3.2240502929687502
240.0,1793095,13.0,-3.22046533203125
240.0,1789389,13.0,-3.22227490234375
240.0,1782093,13.0,-3.22583740234375
240.0,1785575,13.0,-3.22413720703125
240.0,1787649,13.0,-3.22312451171875
240.0,1790533,13.0,-3.22171630859375
240.0,1789330,13.0,-3.2223037109375
240.0,1778739,13.0,-3.2274750976562503
240.0,1781596,13.0,-3.2260800781250003
240.0,1783675,13.0,-3.22506494140625
240.0,1775567,13.0,-3.22902392578125
240.0,1782261,13.0,-3.22575537109375
240.0,1790227,13.0,-3.22186572265625
240.0,1773785,13.0,-3.22989404296875
240.0,1774604,13.0,-3.229494140625
240.0,1782364,13.0,-3.2257050781250003
240.0,1784442,13.0,-3.2246904296875
240.0,1782500,13.0,-3.225638671875
240.0,1790386,13.0,-3.2217880859375
240.0,1790241,13.0,-3.22185888671875
240.0,1780426,13.0,-3.2266513671875003
240.0,1781562,13.0,-3.2260966796875
240.0,1782742,13.0,-3.2255205078125
240.0,1793356,13.0,-3.220337890625
240.0,1782442,13.0,-3.2256669921875
240.0,1790820,13.0,-3.2215761718750002
240.0,1781406,13.0,-3.2261728515625
240.0,1788303,13.0,-3.22280517578125
240.0,1789811,13.0,-3.2220688476562502
240.0,1779828,13.0,-3.2269433593750003
240.0,1776034,13.0,-3.2287958984375003
240.0,1774116,13.0,-3.229732421875
240.0,1786209,13.0,-3.22382763671875
240.0,1777508,13.0,-3.228076171875
240.0,1778399,13.0,-3.22764111328125
240.0,1797833,13.0,-3.21815185546875
240.0,1777510,13.0,-3.2280751953125
240.0,1790500,13.0,-3.221732421875
240.0,1790436,13.0,-3.2217636718750002
240.0,1781427,13.0,-3.2261625976562502
240.0,1791551,13.0,-3.2212192382812503
240.0,1771627,13.0,-3.23094775390625
240.0,1779708,13.0,-3.227001953125
240.0,1780421,13.0,-3.22665380859375
240.0,1779134,13.0,-3.2272822265625
240.0,1774428,13.0,-3.229580078125
240.0,1771397,13.0,-3.23106005859375
240.0,1775568,13.0,-3.2290234375
240.0,1784861,13.0,-3.22448583984375
240.0,1774286,13.0,-3.2296494140625
240.0,1799280,13.0,-3.2174453125
240.0,1786744,13.0,-3.22356640625
240.0,1782848,13.0,-3.22546875
240.0,1789132,13.0,-3.2224003906250003
240.0,1774206,13.0,-3.2296884765625
240.0,1781311,13.0,-3.2262192382812502
240.0,1761285,13.0,-3.23599755859375
240.0,1784673,13.0,-3.22457763671875
240.0,1765457,13.0,-3.23396044921875
240.0,1793841,13.0,-3.22010107421875
240.0,1776219,13.0,-3.22870556640625
240.0,1785779,13.0,-3.22403759765625
240.0,1785666,13.0,-3.2240927734375
240.0,1782554,13.0,-3.2256123046875
240.0,1779680,13.0,-3.227015625
240.0,1768161,13.0,-3.23264013671875
240.0,1785559,13.0,-3.22414501953125
240.0,1772026,13.0,-3.2307529296875
240.0,1777074,13.0,-3.2282880859375
240.0,1781724,13.0,-3.226017578125
240.0,1783279,13.0,-3.22525830078125
240.0,1783870,13.0,-3.2249697265625
240.0,1773703,13.0,-3.2299340820312503
240.0,1775899,13.0,-3.22886181640625
240.0,1785542,13.0,-3.2241533203125
240.0,1787220,13.0,-3.223333984375
240.0,1773409,13.0,-3.2300776367187503
240.0,1778576,13.0,-3.2275546875
240.0,1791679,13.0,-3.22115673828125
240.0,1781091,13.0,-3.22632666015625
240.0,1782799,13.0,-3.22549267578125
240.0,1794295,13.0,-3.21987939453125
240.0,1769938,13.0,-3.2317724609375
240.0,1792860,13.0,-3.220580078125
240.0,1781576,13.0,-3.22608984375
240.0,1783209,13.0,-3.22529248046875
240.0,1788333,13.0,-3.22279052734375
240.0,1761734,13.0,-3.2357783203125
240.0,1775041,13.0,-3.22928076171875
240.0,1776648,13.0,-3.22849609375
240.0,1796148,13.0,-3.218974609375
240.0,1771350,13.0,-3.2310830078125
240.0,1808428,13.0,-3.212978515625
240.0,1777980,13.0,-3.2278457031250003
240.0,1800649,13.0,-3.21677685546875
240.0,1776912,13.0,-3.2283671875
240.0,1782112,13.0,-3.225828125
240.0,1791253,13.0,-3.2213647460937502
240.0,1785249,13.0,-3.22429638671875
240.0,1786749,13.0,-3.22356396484375
240.0,1772473,13.0,-3.23053466796875
240.0,1790724,13.0,-3.221623046875
240.0,1784566,13.0,-3.2246298828125
240.0,1780341,13.0,-3.22669287109375
240.0,1782501,13.0,-3.22563818359375
240.0,1776511,13.0,-3.22856298828125
240.0,1793897,13.0,-3.22007373046875
240.0,1780220,13.0,-3.226751953125
240.0,1789084,13.0,-3.222423828125
240.0,1786115,13.0,-3.22387353515625
260.0,1789293,14.0,-3.2223217773437502
260.0,1797486,14.0,-3.2183212890625
260.0,1793731,14.0,-3.22015478515625
260.0,1780775,14.0,-3.2264809570312503
260.0,1787774,14.0,-3.2230634765625
260.0,1790826,14.0,-3.2215732421875
260.0,1803336,14.0,-3.21546484375
260.0,1788441,14.0,-3.22273779296875
260.0,1789623,14.0,-3.2221606445312503
260.0,1788245,14.0,-3.22283349609375
260.0,1790545,14.0,-3.22171044921875
260.0,1787137,14.0,-3.2233745117187502
260.0,1784024,14.0,-3.22489453125
260.0,1788330,14.0,-3.2227919921875
260.0,1790131,14.0,-3.22191259765625
260.0,1793992,14.0,-3.22002734375
260.0,1785609,14.0,-3.22412060546875
260.0,1796601,14.0,-3.21875341796875
260.0,1780059,14.0,-3.22683056640625
260.0,1793348,14.0,-3.220341796875
260.0,1792084,14.0,-3.220958984375
260.0,1778952,14.0,-3.22737109375
260.0,1794261,14.0,-3.21989599609375
260.0,1777232,14.0,-3.2282109375
260.0,1805380,14.0,-3.214466796875
260.0,1792621,14.0,-3.22069677734375
260.0,1791153,14.0,-3.22141357421875
260.0,1787266,14.0,-3.2233115234375003
260.0,1794270,14.0,-3.2198916015625
260.0,1792593,14.0,-3.22071044921875
260.0,1788291,14.0,-3.22281103515625
260.0,1793751,14.0,-3.22014501953125
260.0,1797558,14.0,-3.2182861328125
260.0,1802504,14.0,-3.21587109375
260.0,1794568,14.0,-3.21974609375
260.0,1792917,14.0,-3.22055224609375
260.0,1796401,14.0,-3.21885107421875
260.0,1788967,14.0,-3.22248095703125
260.0,1790141,14.0,-3.2219077148437503
260.0,1779970,14.0,-3.2268740234375
260.0,1798807,14.0,-3.21767626953125
260.0,1794218,14.0,-3.2199169921875
260.0,1787898,14.0,-3.2230029296875
260.0,1804318,14.0,-3.2149853515625
260.0,1802629,14.0,-3.21581005859375
260.0,1782575,14.0,-3.22560205078125
260.0,1797341,14.0,-3.21839208984375
260.0,1786720,14.0,-3.223578125
260.0,1794372,14.0,-3.219841796875
260.0,1796206,14.0,-3.2189462890625
260.0,1796344,14.0,-3.21887890625
260.0,1795117,14.0,-3.21947802734375
260.0,1798976,14.0,-3.21759375
260.0,1796882,14.0,-3.2186162109375003
260.0,1789612,14.0,-3.222166015625
260.0,1798613,14.0,-3.21777099609375
260.0,1798637,14.0,-3.2177592773437502
260.0,1804694,14.0,-3.2148017578125003
260.0,1794497,14.0,-3.21978076171875
260.0,1792933,14.0,-3.22054443359375
260.0,1790729,14.0,-3.22162060546875
260.0,1805792,14.0,-3.214265625
260.0,1788399,14.0,-3.22275830078125
260.0,1799461,14.0,-3.21735693359375
260.0,1801315,14.0,-3.21645166015625
260.0,1790822,14.0,-3.2215751953125
260.0,1807849,14.0,-3.21326123046875
260.0,1797597,14.0,-3.21826708984375
260.0,1801480,14.0,-3.2163710937500003
260.0,1789175,14.0,-3.22237939453125
260.0,1798502,14.0,-3.2178251953125
260.0,1799529,14.0,-3.21732373046875
260.0,1811324,14.0,-3.211564453125
260.0,1796091,14.0,-3.21900244140625
260.0,1799556,14.0,-3.217310546875
260.0,1798327,14.0,-3.21791064453125
260.0,1795534,14.0,-3.2192744140625003
260.0,1798106,14.0,-3.2180185546875
260.0,1806796,14.0,-3.213775390625
260.0,1795204,14.0,-3.219435546875
260.0,1784161,14.0,-3.22482763671875
260.0,1799649,14.0,-3.21726513671875
260.0,1800996,14.0,-3.216607421875
260.0,1793813,14.0,-3.22011474609375
260.0,1799170,14.0,-3.2174990234375
260.0,1802510,14.0,-3.2158681640625
260.0,1798705,14.0,-3.21772607421875
260.0,1801587,14.0,-3.2163188476562503
260.0,1796338,14.0,-3.2188818359375
260.0,1791573,14.0,-3.22120849609375
260.0,1805086,14.0,-3.2146103515625
260.0,1800157,14.0,-3.21701708984375
260.0,1803257,14.0,-3.2155034179687503
260.0,1798185,14.0,-3.2179799804687503
260.0,1795124,14.0,-3.219474609375
260.0,1799142,14.0,-3.2175126953125
260.0,1798362,14.0,-3.2178935546875
260.0,1800591,14.0,-3.21680517578125
260.0,1798360,14.0,-3.21789453125
260.0,1804951,14.0,-3.21467626953125
260.0,1798047,14.0,-3.21804736328125
260.0,1794169,14.0,-3.21994091796875
260.0,1793602,14.0,-3.2202177734375
260.0,1790849,14.0,-3.22156201171875
260.0,1796782,14.0,-3.2186650390625
260.0,1789334,14.0,-3.2223017578125
260.0,1789399,14.0,-3.22227001953125
260.0,1806877,14.0,-3.21373583984375
260.0,1792868,14.0,-3.220576171875
260.0,1807325,14.0,-3.21351708984375
260.0,1794843,14.0,-3.21961181640625
260.0,1810513,14.0,-3.21196044921875
260.0,1804766,14.0,-3.2147666015625003
260.0,1797673,14.0,-3.21822998046875
260.0,1804964,14.0,-3.214669921875
260.0,1793383,14.0,-3.22032470703125
260.0,1801336,14.0,-3.21644140625
260.0,1789866,14.0,-3.2220419921875
260.0,1795426,14.0,-3.2193271484375003
260.0,1791456,14.0,-3.221265625
260.0,1797077,14.0,-3.21852099609375
260.0,1808896,14.0,-3.21275
280.0,1796449,15.0,-3.21882763671875
280.0,1799394,15.0,-3.2173896484375
280.0,1803491,15.0,-3.21538916015625
280.0,1794590,15.0,-3.2197353515625
280.0,1796278,15.0,-3.2189111328125
280.0,1805994,15.0,-3.2141669921875
280.0,1790567,15.0,-3.22169970703125
280.0,1798989,15.0,-3.2175874023437503
280.0,1801917,15.0,-3.21615771484375
280.0,1789433,15.0,-3.22225341796875
280.0,1801966,15.0,-3.2161337890625
280.0,1797866,15.0,-3.2181357421875
280.0,1791355,15.0,-3.2213149414062503
280.0,1792441,15.0,-3.22078466796875
280.0,1792243,15.0,-3.22088134765625
280.0,1799813,15.0,-3.21718505859375
280.0,1791291,15.0,-3.22134619140625
280.0,1803494,15.0,-3.2153876953125
280.0,1806170,15.0,-3.2140810546875
280.0,1803053,15.0,-3.21560302734375
280.0,1782774,15.0,-3.2255048828125
280.0,1795915,15.0,-3.21908837890625
280.0,1791169,15.0,-3.22140576171875
280.0,1795759,15.0,-3.21916455078125
280.0,1806228,15.0,-3.214052734375
280.0,1802504,15.0,-3.21587109375
280.0,1788373,15.0,-3.2227709960937503
280.0,1802287,15.0,-3.21597705078125
280.0,1790250,15.0,-3.2218544921875
280.0,1810127,15.0,-3.21214892578125
280.0,1796883,15.0,-3.21861572265625
280.0,1797066,15.0,-3.2185263671875
280.0,1802530,15.0,-3.2158583984375
280.0,1795647,15.0,-3.21921923828125
280.0,1799529,15.0,-3.21732373046875
280.0,1792798,15.0,-3.2206103515625
280.0,1794155,15.0,-3.21994775390625
280.0,1796359,15.0,-3.21887158203125
280.0,1798065,15.0,-3.21803857421875
280.0,1801638,15.0,-3.2162939453125
280.0,1795935,15.0,-3.2190786132812503
280.0,1795649,15.0,-3.21921826171875
280.0,1789916,15.0,-3.222017578125
280.0,1789227,15.0,-3.22235400390625
280.0,1794787,15.0,-3.21963916015625
280.0,1790349,15.0,-3.22180615234375
280.0,1795134,15.0,-3.2194697265625
280.0,1804592,15.0,-3.2148515625
280.0,1802217,15.0,-3.21601123046875
280.0,1795417,15.0,-3.21933154296875
280.0,1803542,15.0,-3.2153642578125
280.0,1792436,15.0,-3.2207871093750002
280.0,1795655,15.0,-3.21921533203125
280.0,1793388,15.0,-3.220322265625
280.0,1788883,15.0,-3.22252197265625
280.0,1797424,15.0,-3.2183515625
280.0,1799357,15.0,-3.21740771484375
280.0,1787993,15.0,-3.22295654296875
280.0,1797771,15.0,-3.21818212890625
280.0,1783946,15.0,-3.2249326171875
280.0,1803201,15.0,-3.21553076171875
280.0,1783977,15.0,-3.22491748046875
280.0,1807621,15.0,-3.21337255859375
280.0,1784042,15.0,-3.2248857421875
280.0,1787121,15.0,-3.22338232421875
280.0,1798988,15.0,-3.217587890625
280.0,1791478,15.0,-3.2212548828125
280.0,1797615,15.0,-3.21825830078125
280.0,1795220,15.0,-3.219427734375
280.0,1792521,15.0,-3.22074560546875
280.0,1798536,15.0,-3.21780859375
280.0,1798394,15.0,-3.2178779296875
280.0,1790507,15.0,-3.2217290039062503
280.0,1789225,15.0,-3.22235498046875
280.0,1789230,15.0,-3.2223525390625003
280.0,1797504,15.0,-3.2183125
280.0,1787712,15.0,-3.2230937500000003
280.0,1806048,15.0,-3.214140625
280.0,1791045,15.0,-3.22146630859375
280.0,1813841,15.0,-3.21033544921875
280.0,1798313,15.0,-3.21791748046875
280.0,1803435,15.0,-3.2154165039062503
280.0,1792364,15.0,-3.2208222656250003
280.0,1803594,15.0,-3.2153388671875
280.0,1799746,15.0,-3.2172177734375
280.0,1801931,15.0,-3.21615087890625
280.0,1794317,15.0,-3.21986865234375
280.0,1798520,15.0,-3.21781640625
280.0,1799137,15.0,-3.2175151367187502
280.0,1804858,15.0,-3.2147216796875
280.0,1800964,15.0,-3.216623046875
280.0,1790575,15.0,-3.22169580078125
280.0,1790316,15.0,-3.221822265625
280.0,1798602,15.0,-3.2177763671875
280.0,1797742,15.0,-3.2181962890625
280.0,1798172,15.0,-3.217986328125
280.0,1786552,15.0,-3.2236601562500002
280.0,1797570,15.0,-3.2182802734375002
280.0,1798506,15.0,-3.2178232421875
280.0,1797992,15.0,-3.21807421875
280.0,1792737,15.0,-3.22064013671875
280.0,1814706,15.0,-3.2099130859375
280.0,1803691,15.0,-3.21529150390625
280.0,1789589,15.0,-3.22217724609375
280.0,1795214,15.0,-3.2194306640625
280.0,1801169,15.0,-3.21652294921875
280.0,1804260,15.0,-3.215013671875
280.0,1797211,15.0,-3.21845556640625
280.0,1782253,15.0,-3.2257592773437502
280.0,1808979,15.0,-3.21270947265625
280.0,1801520,15.0,-3.2163515625
280.0,1803756,15.0,-3.215259765625
280.0,1783349,15.0,-3.22522412109375
280.0,1797150,15.0,-3.2184853515625003
280.0,1796701,15.0,-3.21870458984375
280.0,1781800,15.0,-3.22598046875
280.0,1787486,15.0,-3.2232041015625
280.0,1787148,15.0,-3.223369140625
280.0,1802756,15.0,-3.215748046875
280.0,1786888,15.0,-3.22349609375
280.0,1799140,15.0,-3.217513671875
