2800,11272041
2800,11272006
2800,11272535
2800,11273141
2800,11273103
2800,11274179
2800,11270987
2800,11272106
2800,11273521
2800,11273150
2800,11273549
2800,11273423
2800,11273860
2800,11273365
2800,11273553
2800,11273133
2800,11273988
2800,11272843
2800,11271519
2800,11271964
2800,11273588
2800,11272914
2800,11273312
2800,11273309
2800,11272497
2800,11272953
2800,11273043
2800,11272447
2800,11273384
2800,11273615
2800,11273426
2800,11272806
2800,11273749
2800,11271839
2800,11273575
2800,11273951
2800,11272627
2800,11273362
2790.0,11271707
2790.0,11272166
2790.0,11271999
2790.0,11271527
2790.0,11271567
2790.0,11271483
2790.0,11269714
2790.0,11272301
2790.0,11272617
2790.0,11271938
2790.0,11272715
2790.0,11272245
2790.0,11271040
2790.0,11271451
2790.0,11272053
2790.0,11271423
2790.0,11271237
2790.0,11271100
2790.0,11272309
2790.0,11271429
2790.0,11271534
2790.0,11272019
2790.0,11271798
2790.0,11273131
2790.0,11271005
2790.0,11272648
2790.0,11272816
2790.0,11271622
2790.0,11269290
2790.0,11271157
2790.0,11272580
2790.0,11270269
2780.0,11270113
2780.0,11269128
2780.0,11270528
2780.0,11271277
2780.0,11270773
2780.0,11269801
2780.0,11270132
2780.0,11271534
2780.0,11271964
2780.0,11273055
2780.0,11271123
2780.0,11270774
2780.0,11271397
2780.0,11270624
2780.0,11269933
2780.0,11270904
2780.0,11270628
2780.0,11270860
2780.0,11269203
2780.0,11271171
2780.0,11270950
2780.0,11271325
2780.0,11270110
2780.0,11272202
2780.0,11272833
2780.0,11272034
2780.0,11270629
2780.0,11269391
2780.0,11270199
2780.0,11270370
2780.0,11271104
2780.0,11270533
2780.0,11271124
2780.0,11272377
2780.0,11270643
2780.0,11270622
2780.0,11270896
2780.0,11270784
2780.0,11269499
2780.0,11269073
2780.0,11270256
2780.0,11270957
2780.0,11271452
2780.0,11268762
2780.0,11270118
2780.0,11270927
2780.0,11270917
2780.0,11271714
2780.0,11269945
2770.0,11269542
2770.0,11271908
2770.0,11270887
2770.0,11269616
2770.0,11268204
2770.0,11271998
2770.0,11269593
2770.0,11271177
2770.0,11270666
2770.0,11271692
2770.0,11271042
2770.0,11270920
2770.0,11271576
2770.0,11270634
2770.0,11269045
2770.0,11270584
2770.0,11270145
2770.0,11269322
2770.0,11270113
2770.0,11270260
2770.0,11270553
2770.0,11269462
2770.0,11270169
2770.0,11270515
2770.0,11269678
2770.0,11269678
2770.0,11268122
2770.0,11270552
2770.0,11269620
2770.0,11270255
2770.0,11270937
2770.0,11270951
2770.0,11269731
2770.0,11271381
2760.0,11268847
2760.0,11270025
2760.0,11269355
2760.0,11269987
2760.0,11268077
2760.0,11267836
2760.0,11269019
2760.0,11268938
2760.0,11269508
2760.0,11268569
2760.0,11270534
2760.0,11268712
2760.0,11269269
2760.0,11269129
2760.0,11267152
2760.0,11268646
2760.0,11268961
2760.0,11267749
2760.0,11268913
2760.0,11267229
2760.0,11269178
2760.0,11269967
2760.0,11269507
2760.0,11270162
2760.0,11268307
2760.0,11269867
2760.0,11269266
2760.0,11269280
2760.0,11271079
2760.0,11268693
2760.0,11269363
2760.0,11268389
2760.0,11268247
2760.0,11268881
2760.0,11268878
2760.0,11267519
2760.0,11268051
2760.0,11268697
2760.0,11269514
2760.0,11268952
2760.0,11269202
2760.0,11269923
2760.0,11269790
2760.0,11269646
2760.0,11268094
2750.0,11267524
2750.0,11268225
2750.0,11266985
2750.0,11267453
2750.0,11268042
2750.0,11269927
2750.0,11267598
2750.0,11269104
2750.0,11268143
2750.0,11268157
2750.0,11267607
2750.0,11269141
2750.0,11269047
2750.0,11268376
2750.0,11269463
2750.0,11268867
2750.0,11269072
2750.0,11268738
2750.0,11268761
2750.0,11269512
2750.0,11268988
2750.0,11269932
2750.0,11268837
2750.0,11268554
2750.0,11267922
2750.0,11269247
2750.0,11269497
2750.0,11269085
2750.0,11268927
2750.0,11269356
2750.0,11267501
2750.0,11268318
2750.0,11269348
2750.0,11268416
2750.0,11269466
2750.0,11268412
2750.0,11268675
2750.0,11268573
2750.0,11269912
2750.0,11268196
2750.0,11269161
2750.0,11268735
2750.0,11269525
2750.0,11267755
2750.0,11269157
2750.0,11268277
2750.0,11269058
2750.0,11269771
2750.0,11267889
2750.0,11268965
2740.0,11266454
2740.0,11266809
2740.0,11266948
2740.0,11267372
2740.0,11266870
2740.0,11267475
2740.0,11267303
2740.0,11268526
2740.0,11266677
2740.0,11267527
2740.0,11267420
2740.0,11266404
2740.0,11267081
2740.0,11267360
2740.0,11267630
2740.0,11267549
2740.0,11268501
2740.0,11267222
2740.0,11267792
2740.0,11267885
2740.0,11268050
2740.0,11267776
2740.0,11267352
2740.0,11268001
2740.0,11267282
2740.0,11268212
2740.0,11268706
2740.0,11267623
2740.0,11267574
2740.0,11267270
2740.0,11267798
2740.0,11267367
2740.0,11268582
2740.0,11267926
2740.0,11267169
2740.0,11267193
2740.0,11267001
2740.0,11267755
2740.0,11268202
2740.0,11267909
2740.0,11268215
2740.0,11268305
2740.0,11267407
2740.0,11267844
2740.0,11268166
2740.0,11266816
2740.0,11268682
2740.0,11268095
2740.0,11268036
2740.0,11267872
2740.0,11268084
2740.0,11267296
2740.0,11268535
2740.0,11268272
2740.0,11268370
2740.0,11267806
2730.0,11266563
2730.0,11267351
2730.0,11266629
2730.0,11266078
2730.0,11265860
2730.0,11266342
2730.0,11266362
2730.0,11266420
2730.0,11266685
2730.0,11266783
2730.0,11267332
2730.0,11268020
2730.0,11267473
2730.0,11266909
2730.0,11266268
2730.0,11266943
2730.0,11266531
2730.0,11266473
2730.0,11267373
2730.0,11267194
2730.0,11266105
2730.0,11267043
2730.0,11267191
2730.0,11267288
2730.0,11267897
2730.0,11266734
2730.0,11266543
2730.0,11266151
2730.0,11267355
2730.0,11266054
2730.0,11267663
2730.0,11266375
2730.0,11266552
2730.0,11265485
2730.0,11265628
2730.0,11266815
2730.0,11267234
2730.0,11266234
2730.0,11266462
2730.0,11266661
2730.0,11265910
2730.0,11266919
2730.0,11266641
2730.0,11266999
2730.0,11267055
2720.0,11265744
2720.0,11265318
2720.0,11265981
2720.0,11265278
2720.0,11266317
2720.0,11265137
2720.0,11266405
2720.0,11265384
2720.0,11265068
2720.0,11265483
2720.0,11266165
2720.0,11265751
2720.0,11265724
2720.0,11265588
2720.0,11266027
2720.0,11266866
2720.0,11265969
2720.0,11265071
2720.0,11265535
2720.0,11266693
2720.0,11265390
2720.0,11265491
2720.0,11265458
2720.0,11265528
2720.0,11265189
2720.0,11266842
2720.0,11265421
2720.0,11267025
2720.0,11266758
2720.0,11266567
2720.0,11265434
2720.0,11266209
2720.0,11265150
2720.0,11265116
2720.0,11265192
2720.0,11266020
2720.0,11264586
2720.0,11265553
2710.0,11266069
2710.0,11264709
2710.0,11264565
2710.0,11264641
2710.0,11264442
2710.0,11264681
2710.0,11265595
2710.0,11265490
2710.0,11264016
2710.0,11264093
2710.0,11265612
2710.0,11265870
2710.0,11264615
2710.0,11264696
2710.0,11266057
2710.0,11265316
2710.0,11264856
2710.0,11265129
2710.0,11265145
2710.0,11263523
2710.0,11264119
2710.0,11265240
2710.0,11264949
2710.0,11264604
2710.0,11264524
2710.0,11264330
2710.0,11264154
2710.0,11265595
2710.0,11264771
2710.0,11263592
2710.0,11265709
2710.0,11264504
2710.0,11264980
2710.0,11265408
2710.0,11264070
2710.0,11264528
2710.0,11265273
2710.0,11265114
2710.0,11264691
2710.0,11265325
2710.0,11264630
2710.0,11264223
2710.0,11265090
2710.0,11266042
2710.0,11266121
2710.0,11264881
2710.0,11264972
2710.0,11264994
2710.0,11264763
2710.0,11264393
2710.0,11264571
2710.0,11263281
2710.0,11263542
2700.0,11263957
2700.0,11264152
2700.0,11264857
2700.0,11264800
2700.0,11264223
2700.0,11264495
2700.0,11265361
2700.0,11263523
2700.0,11263605
2700.0,11263068
2700.0,11264059
2700.0,11264339
2700.0,11264235
2700.0,11263165
2700.0,11264390
2700.0,11263939
2700.0,11263545
2700.0,11263254
2700.0,11262814
2700.0,11263138
2700.0,11263748
2700.0,11263811
2700.0,11263219
2700.0,11262596
2700.0,11263983
2700.0,11263629
2700.0,11264530
2700.0,11262565
2700.0,11264345
2700.0,11263431
2700.0,11264051
2700.0,11264977
2700.0,11264224
2700.0,11263566
2700.0,11263852
2700.0,11262401
2700.0,11263589
2700.0,11263918
2700.0,11263534
2700.0,11263767
2700.0,11263521
2700.0,11263529
2700.0,11263460
2700.0,11263341
2700.0,11262561
2700.0,11263050
2700.0,11263818
2700.0,11263377
2700.0,11263782
2700.0,11264001
2700.0,11265280
2700.0,11265195
2700.0,11263376
2700.0,11263145
2700.0,11264869
2700.0,11263979
2700.0,11264988
2700.0,11264626
2700.0,11261263
2700.0,11262473
2700.0,11262606
2700.0,11263551
2700.0,11263393
2690.0,11261847
2690.0,11263851
2690.0,11263509
2690.0,11262285
2690.0,11262780
2690.0,11262879
2690.0,11263005
2690.0,11263008
2690.0,11263557
2690.0,11263299
2690.0,11263080
2690.0,11264049
2690.0,11262969
2690.0,11262465
2690.0,11263186
2690.0,11262789
2690.0,11262083
2690.0,11264550
2690.0,11262163
2690.0,11263449
2690.0,11263695
2690.0,11263502
2690.0,11263304
2690.0,11263026
2690.0,11262641
2690.0,11262538
2690.0,11262900
2690.0,11263367
2690.0,11263188
2690.0,11264469
2690.0,11262971
2690.0,11262804
2690.0,11264298
2690.0,11262726
2690.0,11263001
2690.0,11264432
2690.0,11261792
2690.0,11263023
2690.0,11262533
2690.0,11262905
2690.0,11264249
2690.0,11264353
2690.0,11263033
2690.0,11262253
2690.0,11263830
2690.0,11263124
2690.0,11262750
2690.0,11263711
2690.0,11262750
2690.0,11264190
2690.0,11262938
2690.0,11263699
2690.0,11264478
2690.0,11263543
2690.0,11262755
2690.0,11263376
2690.0,11262446
2690.0,11262935
2680.0,11262101
2680.0,11262273
2680.0,11261711
2680.0,11260775
2680.0,11261989
2680.0,11262005
2680.0,11262896
2680.0,11261081
2680.0,11262436
2680.0,11261350
2680.0,11262754
2680.0,11262147
2680.0,11263750
2680.0,11262610
2680.0,11262275
2680.0,11263635
2680.0,11262200
2680.0,11264307
2680.0,11263483
2680.0,11262008
2680.0,11262987
2680.0,11262075
2680.0,11262271
2680.0,11262210
2680.0,11263412
2680.0,11264189
2680.0,11262649
2680.0,11262636
2680.0,11262836
2680.0,11262843
2680.0,11262974
2680.0,11262837
2680.0,11261227
2680.0,11261286
2680.0,11263759
2680.0,11262111
2680.0,11261961
2680.0,11263007
2680.0,11262241
2680.0,11261858
2680.0,11262729
2680.0,11262449
2680.0,11263501
2680.0,11262062
2680.0,11262089
2680.0,11262359
2680.0,11261865
2680.0,11263048
2680.0,11261590
2680.0,11261483
2680.0,11263878
2680.0,11263710
2680.0,11263420
2680.0,11263803
2680.0,11263279
2680.0,11261488
2680.0,11262576
2680.0,11264476
2680.0,11261727
2680.0,11262228
2680.0,11262401
2680.0,11263224
2680.0,11262087
2680.0,11260778
2680.0,11262325
2680.0,11262368
2680.0,11262571
2680.0,11262165
2680.0,11262043
2680.0,11262161
2680.0,11262122
2680.0,11262595
2680.0,11262157
2680.0,11262400
2680.0,11263171
2680.0,11263119
2680.0,11262593
2680.0,11261486
2680.0,11262650
2680.0,11262879
2680.0,11263735
2680.0,11261950
2680.0,11263038
2680.0,11262662
2670.0,11262577
2670.0,11259896
2670.0,11262569
2670.0,11261544
2670.0,11261677
2670.0,11261043
2670.0,11262269
2670.0,11262216
2670.0,11261358
2670.0,11260381
2670.0,11263090
2670.0,11261634
2670.0,11261082
2670.0,11262261
2670.0,11260812
2670.0,11260166
2670.0,11260796
2670.0,11261187
2670.0,11261353
2670.0,11263106
2670.0,11261095
2670.0,11259546
2670.0,11261557
2670.0,11261226
2670.0,11263062
2670.0,11261079
2670.0,11262215
2670.0,11261464
2670.0,11261473
2670.0,11261691
2670.0,11260325
2670.0,11263036
2670.0,11261070
2670.0,11260439
2670.0,11261012
2670.0,11261366
2670.0,11259303
2670.0,11262225
2670.0,11260753
2670.0,11260704
2670.0,11262179
2670.0,11261776
2670.0,11261666
2670.0,11262321
2670.0,11261749
2670.0,11261534
2670.0,11260615
2670.0,11261735
2670.0,11261740
2670.0,11261040
2670.0,11261476
2670.0,11260896
2670.0,11261484
2670.0,11262821
2670.0,11261725
2670.0,11259681
2670.0,11262599
2670.0,11261902
2670.0,11261383
2670.0,11261493
2670.0,11260727
2670.0,11261534
2670.0,11262249
2670.0,11262434
2670.0,11261174
2670.0,11261568
2670.0,11261386
2670.0,11261913
2670.0,11261341
2670.0,11260373
2670.0,11262902
2670.0,11260618
2670.0,11260520
2670.0,11259195
2670.0,11261771
2670.0,11261651
2670.0,11261094
2670.0,11260997
2670.0,11261760
2670.0,11262060
2670.0,11263187
2670.0,11260803
2670.0,11260896
2670.0,11260056
2670.0,11262504
2670.0,11260891
2670.0,11260181
2670.0,11260346
2670.0,11261497
2670.0,11261140
2660.0,11258519
2660.0,11259923
2660.0,11258787
2660.0,11259639
2660.0,11260131
2660.0,11259106
2660.0,11260638
2660.0,11261225
2660.0,11261449
2660.0,11260851
2660.0,11260668
2660.0,11260671
2660.0,11261356
2660.0,11258782
2660.0,11260801
2660.0,11259443
2660.0,11261807
2660.0,11259337
2660.0,11260948
2660.0,11260777
2660.0,11261537
2660.0,11259641
2660.0,11260030
2660.0,11259962
2660.0,11261375
2660.0,11260206
2660.0,11260813
2660.0,11259937
2660.0,11261130
2660.0,11260495
2660.0,11259666
2660.0,11261485
2660.0,11260436
2660.0,11260587
2660.0,11259731
2660.0,11260872
2660.0,11261476
2660.0,11262241
2660.0,11260676
2660.0,11261545
2660.0,11261207
2660.0,11261405
2660.0,11260445
2660.0,11258758
2660.0,11262107
2660.0,11260537
2660.0,11261184
2660.0,11261291
2660.0,11260466
2660.0,11260708
2660.0,11260441
2660.0,11260368
2660.0,11260316
2660.0,11259904
2660.0,11261868
2660.0,11260092
2660.0,11259629
2660.0,11261283
2660.0,11260079
2660.0,11261357
2660.0,11258789
2660.0,11260461
2660.0,11261491
2660.0,11259856
2660.0,11261660
2660.0,11261588
2660.0,11259927
2660.0,11260497
2660.0,11259570
2660.0,11260484
2660.0,11260571
2660.0,11260962
2660.0,11259013
2660.0,11259453
2660.0,11260204
2660.0,11260466
2660.0,11260497
2660.0,11261374
2660.0,11261001
2660.0,11260704
2660.0,11259816
2660.0,11260091
2660.0,11259756
2660.0,11260253
2660.0,11260902
2660.0,11260986
2660.0,11260495
2660.0,11259612
2660.0,11260461
2660.0,11259465
2660.0,11261215
2660.0,11260276
2660.0,11260195
2660.0,11261164
2660.0,11259838
2660.0,11260319
2660.0,11260344
2650.0,11258693
2650.0,11259741
2650.0,11259686
2650.0,11259229
2650.0,11260452
2650.0,11259567
2650.0,11259875
2650.0,11259959
2650.0,11259860
2650.0,11259309
2650.0,11259547
2650.0,11260645
2650.0,11259083
2650.0,11259912
2650.0,11259656
2650.0,11258520
2650.0,11260282
2650.0,11259327
2650.0,11259509
2650.0,11260280
2650.0,11260123
2650.0,11259256
2650.0,11260155
2650.0,11260238
2650.0,11259686
2650.0,11259886
2650.0,11260278
2650.0,11260204
2650.0,11260020
2650.0,11259855
2650.0,11259645
2650.0,11259276
2650.0,11260481
2650.0,11259215
2650.0,11259853
2650.0,11259349
2650.0,11259609
2650.0,11258340
2650.0,11260349
2650.0,11259702
2650.0,11259913
2650.0,11259643
2650.0,11259260
2650.0,11259383
2650.0,11260534
2650.0,11259465
2650.0,11259368
2650.0,11258679
2650.0,11259028
2650.0,11259462
2650.0,11260151
2650.0,11259293
2650.0,11260176
2650.0,11260403
2650.0,11259820
2650.0,11259591
2650.0,11259644
2650.0,11259898
2650.0,11259796
2650.0,11259561
2650.0,11259306
2650.0,11259315
2650.0,11258902
2650.0,11258749
2650.0,11258867
2650.0,11258958
2650.0,11259137
2650.0,11258832
2650.0,11261011
2650.0,11259870
2650.0,11259791
2650.0,11259842
2650.0,11258604
2650.0,11259055
2650.0,11259233
2650.0,11260651
2650.0,11260334
2650.0,11259676
2650.0,11259722
2650.0,11260353
2650.0,11260540
2650.0,11259539
2650.0,11259501
2650.0,11259873
2650.0,11259785
2650.0,11259762
2650.0,11259891
2650.0,11259198
2650.0,11259417
2650.0,11259330
2650.0,11258736
2650.0,11259000
2650.0,11259154
2650.0,11260910
2650.0,11259521
2650.0,11259469
2650.0,11260401
2650.0,11259062
2650.0,11260268
2650.0,11259352
2650.0,11259980
2650.0,11259567
2650.0,11259268
2650.0,11259834
2650.0,11259977
2650.0,11260266
2650.0,11259558
2650.0,11260237
2650.0,11259359
2650.0,11260476
2650.0,11260243
2650.0,11259167
2650.0,11259323
2650.0,11260095
2640.0,11260386
2640.0,11258140
2640.0,11258766
2640.0,11258279
2640.0,11258304
2640.0,11259280
2640.0,11258035
2640.0,11258839
2640.0,11258752
2640.0,11258394
2640.0,11258471
2640.0,11258849
2640.0,11257775
2640.0,11260058
2640.0,11258524
2640.0,11259142
2640.0,11259061
2640.0,11258684
2640.0,11259041
2640.0,11259610
2640.0,11258366
2640.0,11258676
2640.0,11259502
2640.0,11259438
2640.0,11258477
2640.0,11258458
2640.0,11258549
2640.0,11258162
2640.0,11258422
2640.0,11257862
2640.0,11259258
2640.0,11259455
2640.0,11258241
2640.0,11258989
2640.0,11258978
2640.0,11258258
2640.0,11259191
2640.0,11258333
2640.0,11258447
2640.0,11257667
2640.0,11259053
2640.0,11259430
2640.0,11258578
2640.0,11259580
2640.0,11258164
2640.0,11258730
2640.0,11258449
2640.0,11258407
2640.0,11257817
2640.0,11259161
2640.0,11259772
2640.0,11259332
2640.0,11259231
2640.0,11257784
2640.0,11258287
2640.0,11258912
2640.0,11258540
2640.0,11260228
2640.0,11258254
2640.0,11258044
2640.0,11259311
2640.0,11258700
2640.0,11258356
2640.0,11259203
2640.0,11258815
2640.0,11258395
2640.0,11258537
2640.0,11258274
2640.0,11259307
2640.0,11258755
2640.0,11258479
2640.0,11259097
2640.0,11258652
2640.0,11259558
2640.0,11259205
2640.0,11257941
2640.0,11258396
2640.0,11258514
2640.0,11258673
2640.0,11259104
2640.0,11258642
2640.0,11258945
2640.0,11258421
2640.0,11257997
2640.0,11258317
2640.0,11258798
2640.0,11259091
2640.0,11258202
2640.0,11258431
2640.0,11260246
2640.0,11259450
2640.0,11256130
2640.0,11258728
2640.0,11258757
2640.0,11258636
2640.0,11260753
2640.0,11257792
2640.0,11257950
2640.0,11258926
2640.0,11259864
2640.0,11258853
2640.0,11258992
2640.0,11259274
2640.0,11258577
2630.0,11257478
2630.0,11258092
2630.0,11257512
2630.0,11257535
2630.0,11256980
2630.0,11257358
2630.0,11257244
2630.0,11256450
2630.0,11257663
2630.0,11257590
2630.0,11257033
2630.0,11259342
2630.0,11257272
2630.0,11258390
2630.0,11257555
2630.0,11257647
2630.0,11257571
2630.0,11257362
2630.0,11257944
2630.0,11257038
2630.0,11257792
2630.0,11257886
2630.0,11257958
2630.0,11258181
2630.0,11257796
2630.0,11257189
2630.0,11257926
2630.0,11257050
2630.0,11257956
2630.0,11256898
2630.0,11257255
2630.0,11256871
2630.0,11257826
2630.0,11258382
2630.0,11258256
2630.0,11256593
2630.0,11257514
2630.0,11256796
2630.0,11257190
2630.0,11258135
2630.0,11257919
2630.0,11257256
2630.0,11257187
2630.0,11258295
2630.0,11258969
2630.0,11258540
2630.0,11257278
2630.0,11257814
2630.0,11257918
2630.0,11258331
2630.0,11257442
2630.0,11257641
2630.0,11257940
2630.0,11257733
2630.0,11258473
2630.0,11257744
2630.0,11258007
2630.0,11257863
2630.0,11257555
2630.0,11256467
2630.0,11257552
2630.0,11258048
2630.0,11257714
2630.0,11258827
2630.0,11257411
2630.0,11257144
2630.0,11257707
2630.0,11257015
2630.0,11257780
2630.0,11257291
2630.0,11257426
2630.0,11258234
2630.0,11257043
2630.0,11257986
2630.0,11258741
2630.0,11256952
2630.0,11258276
2630.0,11257846
2630.0,11257817
2630.0,11257596
2630.0,11257761
2630.0,11257347
2630.0,11257351
2630.0,11257859
2630.0,11257085
2630.0,11256625
2630.0,11257410
2630.0,11258091
2630.0,11257274
2630.0,11257819
2630.0,11258075
2630.0,11257541
2630.0,11257884
2630.0,11257674
2630.0,11257665
2630.0,11257219
2630.0,11257658
2630.0,11257691
2630.0,11258225
2630.0,11257271
2630.0,11257872
2630.0,11256607
2630.0,11257951
2630.0,11257971
2630.0,11257427
2630.0,11258041
2630.0,11257812
2630.0,11257971
2630.0,11257715
2630.0,11257706
2630.0,11256416
2630.0,11258111
2620.0,11256634
2620.0,11257394
2620.0,11257586
2620.0,11257543
2620.0,11257102
2620.0,11257208
2620.0,11256467
2620.0,11257294
2620.0,11257535
2620.0,11256759
2620.0,11256678
2620.0,11256596
2620.0,11257359
2620.0,11256743
2620.0,11257404
2620.0,11257714
2620.0,11255728
2620.0,11256611
2620.0,11256150
2620.0,11256655
2620.0,11255816
2620.0,11257424
2620.0,11256892
2620.0,11257090
2620.0,11257322
2620.0,11258374
2620.0,11257753
2620.0,11257057
2620.0,11256986
2620.0,11258723
2620.0,11258334
2620.0,11256704
2620.0,11256805
2620.0,11257734
2620.0,11257319
2620.0,11257101
2620.0,11256790
2620.0,11257681
2620.0,11257948
2620.0,11256973
2620.0,11257406
2620.0,11256061
2620.0,11257474
2620.0,11256108
2620.0,11257439
2620.0,11257766
2620.0,11257180
2620.0,11257728
2620.0,11256863
2620.0,11257643
2620.0,11256604
2620.0,11257188
2620.0,11257268
2620.0,11258006
2620.0,11258030
2620.0,11256652
2620.0,11257200
2620.0,11257077
2620.0,11257570
2620.0,11257279
2620.0,11257418
2620.0,11257394
2620.0,11258259
2620.0,11257466
2620.0,11257480
2620.0,11257809
2620.0,11256645
2620.0,11257164
2620.0,11258065
2620.0,11256939
2620.0,11258128
2620.0,11256212
2620.0,11255680
2620.0,11256854
2620.0,11257252
2620.0,11257883
2620.0,11257982
2620.0,11256188
2620.0,11258133
2620.0,11257510
2620.0,11257539
2620.0,11257318
2620.0,11255806
2620.0,11256659
2620.0,11255791
2620.0,11257647
2620.0,11257266
2620.0,11256741
2620.0,11257754
2620.0,11256227
2620.0,11257201
2620.0,11257328
2620.0,11256210
2620.0,11257145
2620.0,11257801
2620.0,11256638
2620.0,11257719
2620.0,11256990
2620.0,11256466
2620.0,11257548
2620.0,11257453
2620.0,11257480
2620.0,11256474
2620.0,11256991
2620.0,11256823
2620.0,11256985
2620.0,11256655
2620.0,11256059
2620.0,11257432
2620.0,11257942
2620.0,11257723
2620.0,11256466
2620.0,11256101
2620.0,11256753
2620.0,11257265
2620.0,11256519
2620.0,11257288
2620.0,11255657
2620.0,11255582
2620.0,11257289
2620.0,11257139
2620.0,11257822
2620.0,11256762
2620.0,11257546
2620.0,11256064
2620.0,11256281
2620.0,11256516
2620.0,11256967
2620.0,11256551
2620.0,11257171
2620.0,11256849
2610.0,11255807
2610.0,11256224
2610.0,11255509
2610.0,11256226
2610.0,11255062
2610.0,11254907
2610.0,11256882
2610.0,11255327
2610.0,11255855
2610.0,11256258
2610.0,11255513
2610.0,11256624
2610.0,11255047
2610.0,11256376
2610.0,11256155
2610.0,11255824
2610.0,11256326
2610.0,11256583
2610.0,11256309
2610.0,11254485
2610.0,11256981
2610.0,11256153
2610.0,11257297
2610.0,11256946
2610.0,11254825
2610.0,11257227
2610.0,11256312
2610.0,11256045
2610.0,11255646
2610.0,11255776
2610.0,11255842
2610.0,11255392
2610.0,11256412
2610.0,11256015
2610.0,11256778
2610.0,11256040
2610.0,11256946
2610.0,11255379
2610.0,11256031
2610.0,11255899
2610.0,11255884
2610.0,11255476
2610.0,11256830
2610.0,11255648
2610.0,11256454
2610.0,11256223
2610.0,11255990
2610.0,11256961
2610.0,11256935
2610.0,11255284
2610.0,11256255
2610.0,11257718
2610.0,11255659
2610.0,11256029
2610.0,11256329
2610.0,11255502
2610.0,11256667
2610.0,11256111
2610.0,11256751
2610.0,11256032
2610.0,11256799
2610.0,11255897
2610.0,11255737
2610.0,11256030
2610.0,11255750
2610.0,11255612
2610.0,11255817
2610.0,11256880
2610.0,11257135
2610.0,11256425
2610.0,11255367
2610.0,11254698
2610.0,11256785
2610.0,11256903
2610.0,11256041
2610.0,11256676
2610.0,11255293
2610.0,11257222
2610.0,11254613
2610.0,11256495
2610.0,11256646
2610.0,11255993
2610.0,11257180
2610.0,11256816
2610.0,11255591
2610.0,11256540
2610.0,11256622
2610.0,11256263
2610.0,11257165
2610.0,11256275
2610.0,11255834
2610.0,11256271
2610.0,11255755
2610.0,11255857
2610.0,11256661
2610.0,11256440
2610.0,11254846
2610.0,11256418
2610.0,11257079
2610.0,11256510
2610.0,11255652
2610.0,11255419
2610.0,11255008
2610.0,11256000
2610.0,11256891
2610.0,11257097
2610.0,11255769
2610.0,11256908
2610.0,11256462
2610.0,11255685
2610.0,11256748
2610.0,11255639
2610.0,11256218
2610.0,11257484
2610.0,11256172
2610.0,11255941
2610.0,11256243
2610.0,11256208
2610.0,11255780
2610.0,11255230
2610.0,11256291
2610.0,11255728
2610.0,11255605
2610.0,11254778
2610.0,11256964
2610.0,11256289
2610.0,11256311
2610.0,11255574
2610.0,11255470
2610.0,11254780
2610.0,11255001
2610.0,11256366
2610.0,11254977
2610.0,11255550
2610.0,11255603
2610.0,11255571
2610.0,11253561
2610.0,11255329
2610.0,11255887
2610.0,11255598
2610.0,11256149
2610.0,11256447
2610.0,11256308
2610.0,11255341
2610.0,11255235
2610.0,11255921
2610.0,11255532
2610.0,11255949
2610.0,11255300
2610.0,11255307
2610.0,11256465
2610.0,11256488
2600.0,11254239
2600.0,11253142
2600.0,11255452
2600.0,11256529
2600.0,11255206
2600.0,11256007
2600.0,11255349
2600.0,11255403
2600.0,11253770
2600.0,11255635
2600.0,11256210
2600.0,11256035
2600.0,11254384
2600.0,11254446
2600.0,11255778
2600.0,11255637
2600.0,11254774
2600.0,11256921
2600.0,11255143
2600.0,11254498
2600.0,11254421
2600.0,11255266
2600.0,11255608
2600.0,11256444
2600.0,11253725
2600.0,11254558
2600.0,11255156
2600.0,11253753
2600.0,11255290
2600.0,11254904
2600.0,11255473
2600.0,11255288
2600.0,11255239
2600.0,11255582
2600.0,11254779
2600.0,11255680
2600.0,11255299
2600.0,11256667
2600.0,11254695
2600.0,11255621
2600.0,11256856
2600.0,11257673
2600.0,11255359
2600.0,11255442
2600.0,11255833
2600.0,11257317
2600.0,11254939
2600.0,11255695
2600.0,11254381
2600.0,11256374
2600.0,11254443
2600.0,11257225
2600.0,11255484
2600.0,11254748
2600.0,11255678
2600.0,11254794
2600.0,11257067
2600.0,11255363
2600.0,11255694
2600.0,11257491
2600.0,11255500
2600.0,11256592
2600.0,11255229
2600.0,11255466
2600.0,11256104
2600.0,11256107
2600.0,11256136
2600.0,11254643
2600.0,11257449
2600.0,11256579
2600.0,11254089
2600.0,11255674
2600.0,11256541
2600.0,11256497
2600.0,11254920
2600.0,11254543
2600.0,11256433
2600.0,11255028
2600.0,11255977
2600.0,11255921
2600.0,11255018
2600.0,11254935
2600.0,11254680
2600.0,11254613
2600.0,11256186
2600.0,11256044
2600.0,11256779
2600.0,11255122
2600.0,11256242
2600.0,11255484
2600.0,11256161
2600.0,11255898
2600.0,11256240
2600.0,11255937
2600.0,11256823
2600.0,11256379
2600.0,11255432
2600.0,11256383
2600.0,11254793
2600.0,11255360
2600.0,11255236
2600.0,11256906
2600.0,11254975
2600.0,11256194
2600.0,11255028
2600.0,11255137
2600.0,11256005
2600.0,11255439
2600.0,11254333
2600.0,11255365
2600.0,11255617
2600.0,11254131
2600.0,11255804
2600.0,11254728
2600.0,11254789
2600.0,11254446
2600.0,11255582
2600.0,11254379
2600.0,11256017
2600.0,11254201
2600.0,11254315
2600.0,11255177
2600.0,11254545
2600.0,11255150
2600.0,11255078
2600.0,11255396
2600.0,11255286
2600.0,11254785
2600.0,11254563
2600.0,11255251
2600.0,11254905
2600.0,11254450
2600.0,11255862
2600.0,11255732
2600.0,11255909
2600.0,11255047
2600.0,11255188
2600.0,11256099
2600.0,11253441
2600.0,11256138
2600.0,11254854
2600.0,11255218
2600.0,11254567
2600.0,11255219
2600.0,11255770
2600.0,11256009
2600.0,11255934
2600.0,11253983
2600.0,11255701
2600.0,11254790
2600.0,11255627
2600.0,11256114
2600.0,11255533
2600.0,11254804
2590.0,11255005
2590.0,11254174
2590.0,11255095
2590.0,11254057
2590.0,11255622
2590.0,11254664
2590.0,11254277
2590.0,11255213
2590.0,11256062
2590.0,11254195
2590.0,11256417
2590.0,11254532
2590.0,11254752
2590.0,11255708
2590.0,11253292
2590.0,11254374
2590.0,11255497
2590.0,11255274
2590.0,11254629
2590.0,11255232
2590.0,11254951
2590.0,11254796
2590.0,11255285
2590.0,11253778
2590.0,11254931
2590.0,11253806
2590.0,11254322
2590.0,11254993
2590.0,11255091
2590.0,11252689
2590.0,11253676
2590.0,11253864
2590.0,11254582
2590.0,11254012
2590.0,11255642
2590.0,11255555
2590.0,11255233
2590.0,11254466
2590.0,11255230
2590.0,11255999
2590.0,11254719
2590.0,11255037
2590.0,11255093
2590.0,11252843
2590.0,11255889
2590.0,11253181
2590.0,11254426
2590.0,11255829
2590.0,11253914
2590.0,11255204
2590.0,11254074
2590.0,11254873
2590.0,11254880
2590.0,11256098
2590.0,11253162
2590.0,11255101
2590.0,11254832
2590.0,11255563
2590.0,11252801
2590.0,11254606
2590.0,11253146
2590.0,11254270
2590.0,11254983
2590.0,11254371
2590.0,11254351
2590.0,11254797
2590.0,11254564
2590.0,11254502
2590.0,11254212
2590.0,11252892
2590.0,11254015
2590.0,11252618
2590.0,11253338
2590.0,11254322
2590.0,11255870
2590.0,11253622
2590.0,11254645
2590.0,11253737
2590.0,11254116
2590.0,11253915
2590.0,11253796
2590.0,11252941
2590.0,11255425
2590.0,11255001
2590.0,11253774
2590.0,11256311
2590.0,11253633
2590.0,11254128
2590.0,11254492
2590.0,11253406
2590.0,11255355
2590.0,11253723
2590.0,11254674
2590.0,11255260
2590.0,11255286
2590.0,11254973
2590.0,11254699
2590.0,11255416
2590.0,11255456
2590.0,11253751
2590.0,11253883
2590.0,11254676
2590.0,11254854
2590.0,11254833
2590.0,11255190
2590.0,11252977
2590.0,11255484
2590.0,11254496
2590.0,11253168
2590.0,11256840
2590.0,11255796
2590.0,11254604
2590.0,11252931
2590.0,11254472
2590.0,11256315
2590.0,11255823
2590.0,11255404
2590.0,11254797
2590.0,11254355
2590.0,11254827
2590.0,11254525
2590.0,11255087
2590.0,11254487
2590.0,11255905
2590.0,11254830
2590.0,11254774
2590.0,11254074
2590.0,11254377
2590.0,11252941
2590.0,11255285
2590.0,11254657
2590.0,11254895
2590.0,11253604
2590.0,11255587
2590.0,11255366
2590.0,11254789
2590.0,11255385
2590.0,11255473
2590.0,11254358
2590.0,11254771
2590.0,11255615
2590.0,11255891
2590.0,11254117
2590.0,11254955
2590.0,11255753
2590.0,11253906
2590.0,11254892
2590.0,11253823
2590.0,11254683
2590.0,11254148
2590.0,11253849
2590.0,11253079
2590.0,11254965
2590.0,11254567
2590.0,11254200
2590.0,11253820
2590.0,11254797
2590.0,11254850
2590.0,11254236
2590.0,11254392
2590.0,11253077
2590.0,11254114
2590.0,11254278
2590.0,11254057
2580.0,11253574
2580.0,11254709
2580.0,11253619
2580.0,11252862
2580.0,11252842
2580.0,11253841
2580.0,11253857
2580.0,11253418
2580.0,11253161
2580.0,11252646
2580.0,11252876
2580.0,11251976
2580.0,11253833
2580.0,11252617
2580.0,11252043
2580.0,11253479
2580.0,11254881
2580.0,11252638
2580.0,11253118
2580.0,11252000
2580.0,11254692
2580.0,11253733
2580.0,11254308
2580.0,11255140
2580.0,11254606
2580.0,11253291
2580.0,11253799
2580.0,11253912
2580.0,11254591
2580.0,11252942
2580.0,11254536
2580.0,11251896
2580.0,11253422
2580.0,11253402
2580.0,11251909
2580.0,11253780
2580.0,11253198
2580.0,11254785
2580.0,11253302
2580.0,11253480
2580.0,11253659
2580.0,11253660
2580.0,11253004
2580.0,11252943
2580.0,11252524
2580.0,11251795
2580.0,11253033
2580.0,11253696
2580.0,11253576
2580.0,11253706
2580.0,11253227
2580.0,11253272
2580.0,11252569
2580.0,11254862
2580.0,11254543
2580.0,11254471
2580.0,11252668
2580.0,11252839
2580.0,11254354
2580.0,11251871
2580.0,11253468
2580.0,11254495
2580.0,11253865
2580.0,11254188
2580.0,11253322
2580.0,11254999
2580.0,11253298
2580.0,11255118
2580.0,11255097
2580.0,11254436
2580.0,11252476
2580.0,11254540
2580.0,11251772
2580.0,11254218
2580.0,11252806
2580.0,11254196
2580.0,11253134
2580.0,11254150
2580.0,11252904
2580.0,11252762
2580.0,11254262
2580.0,11254293
2580.0,11253769
2580.0,11252662
2580.0,11255544
2580.0,11251537
2580.0,11254264
2580.0,11254035
2580.0,11254894
2580.0,11253436
2580.0,11253107
2580.0,11254035
2580.0,11253698
2580.0,11253253
2580.0,11254061
2580.0,11252520
2580.0,11255230
2580.0,11253751
2580.0,11253021
2580.0,11252361
2580.0,11253851
2580.0,11253095
2580.0,11253893
2580.0,11252086
2580.0,11254810
2580.0,11253041
2580.0,11252128
2580.0,11252546
2580.0,11252347
2580.0,11253107
2580.0,11254372
2580.0,11253998
2580.0,11254288
2580.0,11254516
2580.0,11252773
2580.0,11251909
2580.0,11253632
2580.0,11253017
2580.0,11253366
2580.0,11254056
2580.0,11252532
2580.0,11252892
2580.0,11254053
2580.0,11254125
2580.0,11253700
2580.0,11254017
2580.0,11253974
2580.0,11252957
2580.0,11252654
2580.0,11253684
2580.0,11254004
2580.0,11254439
2580.0,11252372
2580.0,11252852
2580.0,11254061
2580.0,11252470
2580.0,11253520
2580.0,11253458
2580.0,11253619
2580.0,11252326
2580.0,11251368
2580.0,11253114
2580.0,11252416
2580.0,11254312
2580.0,11252327
2580.0,11253847
2580.0,11252803
2580.0,11254856
2580.0,11254360
2580.0,11253392
2580.0,11252785
2580.0,11252989
2580.0,11254087
2580.0,11254128
2580.0,11253642
2580.0,11251923
2580.0,11253082
2580.0,11252813
2580.0,11253051
2580.0,11254342
2580.0,11252854
2580.0,11255526
2580.0,11253253
2580.0,11254059
2580.0,11253829
2580.0,11253816
2580.0,11252730
2580.0,11252611
2580.0,11252351
2580.0,11252844
2580.0,11252910
2580.0,11254228
2580.0,11252887
2580.0,11252853
2580.0,11253209
2580.0,11251643
2580.0,11251954
2580.0,11252609
2580.0,11251940
2580.0,11252631
2580.0,11254307
2580.0,11253699
2580.0,11253607
2580.0,11253530
2580.0,11252970
2580.0,11251558
2580.0,11253819
2580.0,11253236
2580.0,11251754
2580.0,11252595
2580.0,11254224
2580.0,11252859
2580.0,11252583
2580.0,11253358
2580.0,11252993
2580.0,11252927
2580.0,11251825
2580.0,11252358
2580.0,11254144
2570.0,11252010
2570.0,11252814
2570.0,11252834
2570.0,11252571
2570.0,11251130
2570.0,11251491
2570.0,11251531
2570.0,11251438
2570.0,11252728
2570.0,11253644
2570.0,11254515
2570.0,11253916
2570.0,11252016
2570.0,11252639
2570.0,11252141
2570.0,11254232
2570.0,11252610
2570.0,11253369
2570.0,11252887
2570.0,11252523
2570.0,11252478
2570.0,11252096
2570.0,11253531
2570.0,11254826
2570.0,11251771
2570.0,11252796
2570.0,11254123
2570.0,11253762
2570.0,11252550
2570.0,11250952
2570.0,11252070
2570.0,11252739
2570.0,11254251
2570.0,11252202
2570.0,11253761
2570.0,11252017
2570.0,11253180
2570.0,11252174
2570.0,11251978
2570.0,11253599
2570.0,11252948
2570.0,11253496
2570.0,11253974
2570.0,11252113
2570.0,11253836
2570.0,11251110
2570.0,11252893
2570.0,11250858
2570.0,11251890
2570.0,11252091
2570.0,11252913
2570.0,11252205
2570.0,11252295
2570.0,11252916
2570.0,11254826
2570.0,11252131
2570.0,11254350
2570.0,11251197
2570.0,11253535
2570.0,11253168
2570.0,11253181
2570.0,11252488
2570.0,11252479
2570.0,11253809
2570.0,11252408
2570.0,11252545
2570.0,11252010
2570.0,11254590
2570.0,11254339
2570.0,11252727
2570.0,11255096
2570.0,11253135
2570.0,11253740
2570.0,11253756
2570.0,11251690
2570.0,11252594
2570.0,11253307
2570.0,11252361
2570.0,11252799
2570.0,11252228
2570.0,11251851
2570.0,11252191
2570.0,11253619
2570.0,11253901
2570.0,11252781
2570.0,11253387
2570.0,11253221
2570.0,11254118
2570.0,11252051
2570.0,11252845
2570.0,11254306
2570.0,11252630
2570.0,11252868
2570.0,11253223
2570.0,11254216
2570.0,11254634
2570.0,11251943
2570.0,11253770
2570.0,11252725
2570.0,11252601
2570.0,11252709
2570.0,11252905
2570.0,11254299
2570.0,11251874
2570.0,11252616
2570.0,11251639
2570.0,11251166
2570.0,11252293
2570.0,11253469
2570.0,11252009
2570.0,11253104
2570.0,11250927
2570.0,11251847
2570.0,11253780
2570.0,11251618
2570.0,11253177
2570.0,11253298
2570.0,11251749
2570.0,11254643
2570.0,11253995
2570.0,11252908
2570.0,11251980
2570.0,11254026
2570.0,11253540
2570.0,11253013
2570.0,11251007
2570.0,11253225
2570.0,11252299
2570.0,11253082
2570.0,11253628
2570.0,11253113
2570.0,11252483
2570.0,11253716
2570.0,11254662
2570.0,11251681
2570.0,11254295
2570.0,11253155
2570.0,11251297
2570.0,11254167
2570.0,11253810
2570.0,11252847
2570.0,11252938
2570.0,11251001
2570.0,11252668
2570.0,11254890
2570.0,11253269
2570.0,11251547
2570.0,11252455
2570.0,11252508
2570.0,11253136
2570.0,11253077
2570.0,11252521
2570.0,11253450
2570.0,11252459
2570.0,11251640
2570.0,11252655
2570.0,11252409
2570.0,11251453
2570.0,11253423
2570.0,11252594
2570.0,11253469
2570.0,11251517
2570.0,11252614
2570.0,11253715
2570.0,11252874
2570.0,11252565
2570.0,11251843
2570.0,11252484
2570.0,11252287
2570.0,11252292
2570.0,11251954
2570.0,11251735
2570.0,11251362
2570.0,11251611
2570.0,11252232
2570.0,11251567
2570.0,11252246
2570.0,11252999
2570.0,11252452
2570.0,11252746
2570.0,11251605
2560.0,11251051
2560.0,11252818
2560.0,11250107
2560.0,11253119
2560.0,11252357
2560.0,11252385
2560.0,11252596
2560.0,11251179
2560.0,11250840
2560.0,11251227
2560.0,11251915
2560.0,11251775
2560.0,11252116
2560.0,11250311
2560.0,11252725
2560.0,11252029
2560.0,11250718
2560.0,11252472
2560.0,11252343
2560.0,11250912
2560.0,11251693
2560.0,11252573
2560.0,11250470
2560.0,11253149
2560.0,11252782
2560.0,11252199
2560.0,11252059
2560.0,11251879
2560.0,11251765
2560.0,11252781
2560.0,11252007
2560.0,11252964
2560.0,11251749
2560.0,11253086
2560.0,11253383
2560.0,11250875
2560.0,11252545
2560.0,11250864
2560.0,11251623
2560.0,11252244
2560.0,11253633
2560.0,11253637
2560.0,11251072
2560.0,11252167
2560.0,11250428
2560.0,11252381
2560.0,11252404
2560.0,11250475
2560.0,11252451
2560.0,11253101
2560.0,11251586
2560.0,11251879
2560.0,11251635
2560.0,11251557
2560.0,11252828
2560.0,11252639
2560.0,11251761
2560.0,11252445
2560.0,11251409
2560.0,11250556
2560.0,11251894
2560.0,11252763
2560.0,11251670
2560.0,11253300
2560.0,11252340
2560.0,11252072
2560.0,11252330
2560.0,11253231
2560.0,11251477
2560.0,11253045
2560.0,11251727
2560.0,11253801
2560.0,11252673
2560.0,11252845
2560.0,11252047
2560.0,11252334
2560.0,11251550
2560.0,11251079
2560.0,11251347
2560.0,11252241
2560.0,11252707
2560.0,11251887
2560.0,11251804
2560.0,11251659
2560.0,11251607
2560.0,11252768
2560.0,11250838
2560.0,11251343
2560.0,11251759
2560.0,11252059
2560.0,11252902
2560.0,11252253
2560.0,11251428
2560.0,11252018
2560.0,11252085
2560.0,11251941
2560.0,11251461
2560.0,11251746
2560.0,11250824
2560.0,11251646
2560.0,11252707
2560.0,11250987
2560.0,11252091
2560.0,11251562
2560.0,11251012
2560.0,11253930
2560.0,11251594
2560.0,11251922
2560.0,11251232
2560.0,11250789
2560.0,11251482
2560.0,11252565
2560.0,11251766
2560.0,11250847
2560.0,11252477
2560.0,11251762
2560.0,11250357
2560.0,11250418
2560.0,11249448
2560.0,11252178
2560.0,11252513
2560.0,11252171
2560.0,11252349
2560.0,11251084
2560.0,11251560
2560.0,11252619
2560.0,11249735
2560.0,11252616
2560.0,11252304
2560.0,11253692
2560.0,11250012
2560.0,11252521
2560.0,11252355
2560.0,11250091
2560.0,11252459
2560.0,11250794
2560.0,11252638
2560.0,11249555
2560.0,11251760
2560.0,11252548
2560.0,11251388
2550.0,11249820
2550.0,11250601
2550.0,11251643
2550.0,11251425
2550.0,11249678
2550.0,11251241
2550.0,11250692
2550.0,11250269
2550.0,11250579
2550.0,11250846
2550.0,11251613
2550.0,11251076
2550.0,11252105
2550.0,11250877
2550.0,11251464
2550.0,11251018
2550.0,11251347
2550.0,11251253
2550.0,11252261
2550.0,11251578
2550.0,11252520
2550.0,11251414
2550.0,11250711
2550.0,11251955
2550.0,11251328
2550.0,11251684
2550.0,11250831
2550.0,11251368
2550.0,11251016
2550.0,11250755
2550.0,11250826
2550.0,11252179
2550.0,11251333
2550.0,11250973
2550.0,11250766
2550.0,11251487
2550.0,11250567
2550.0,11250825
2550.0,11250361
2550.0,11251846
2550.0,11250656
2550.0,11250707
2550.0,11251337
2550.0,11249942
2550.0,11250119
2550.0,11250653
2550.0,11251317
2550.0,11250189
2550.0,11250472
2550.0,11249225
2550.0,11252235
2550.0,11250638
2550.0,11251365
2550.0,11250864
2550.0,11249227
2550.0,11251068
2550.0,11250273
2550.0,11250697
2550.0,11250955
2550.0,11251824
2550.0,11249973
2550.0,11251581
2550.0,11248938
2550.0,11250980
2550.0,11251446
2550.0,11252546
2550.0,11251350
2550.0,11251337
2550.0,11250988
2550.0,11251548
2550.0,11249847
2550.0,11251162
2550.0,11251441
2550.0,11249228
2550.0,11250444
2550.0,11251637
2550.0,11252466
2550.0,11250377
2550.0,11250409
2550.0,11251059
2550.0,11251882
2550.0,11249787
2550.0,11251825
2550.0,11250702
2550.0,11250980
2550.0,11249843
2550.0,11249978
2550.0,11249766
2550.0,11251402
2550.0,11251655
2550.0,11251085
2550.0,11251400
2550.0,11251148
2550.0,11250645
2550.0,11251319
2550.0,11250043
2550.0,11250810
2550.0,11251079
2550.0,11250635
2550.0,11250317
2550.0,11251253
2550.0,11248646
2550.0,11249456
2550.0,11249912
2550.0,11251348
2550.0,11249871
2550.0,11252549
2550.0,11251213
2550.0,11251481
2550.0,11251190
2550.0,11252127
2550.0,11251536
2550.0,11251259
2550.0,11252088
2550.0,11251185
2550.0,11252226
2550.0,11251683
2550.0,11251555
2550.0,11251165
2550.0,11250718
2550.0,11250877
2550.0,11250968
2550.0,11249010
2550.0,11250719
2550.0,11250876
2550.0,11248960
2550.0,11250035
2550.0,11249986
2550.0,11251762
2550.0,11249408
2550.0,11249844
2550.0,11252164
2550.0,11250149
2550.0,11251858
2550.0,11250602
2550.0,11250637
2550.0,11249643
2550.0,11250677
2550.0,11249936
2550.0,11251319
2550.0,11251005
2550.0,11251202
2550.0,11251264
2550.0,11251224
2550.0,11250206
2550.0,11251314
2550.0,11252667
2550.0,11250817
2550.0,11251080
2550.0,11250712
2550.0,11250418
2550.0,11250571
2550.0,11252455
2550.0,11251469
2550.0,11251197
2550.0,11251790
2550.0,11252137
2550.0,11252236
2550.0,11250620
2550.0,11250435
2550.0,11249618
2550.0,11250027
2550.0,11251271
2550.0,11250578
2550.0,11251253
2550.0,11251177
2550.0,11249371
2550.0,11251694
2550.0,11251041
2550.0,11250299
2550.0,11249515
2550.0,11249075
2550.0,11249251
2550.0,11249572
2550.0,11249895
2550.0,11251460
2550.0,11249302
2550.0,11251684
2550.0,11249544
2550.0,11250221
2500.0,11245562
2500.0,11245122
2500.0,11247188
2500.0,11247157
2500.0,11247521
2500.0,11245098
2500.0,11245265
2500.0,11245262
2500.0,11245955
2500.0,11247136
2500.0,11245149
2500.0,11246671
2500.0,11246098
2500.0,11246613
2500.0,11246840
2500.0,11246431
2500.0,11245674
2500.0,11245308
2500.0,11245869
2500.0,11245640
2500.0,11245848
2500.0,11246215
2500.0,11246100
2500.0,11245765
2500.0,11245007
2500.0,11247690
2500.0,11245681
2500.0,11245424
2500.0,11245132
2500.0,11245634
2500.0,11245868
2500.0,11245492
2500.0,11245262
2500.0,11245292
2500.0,11244945
2500.0,11246338
2500.0,11244247
2500.0,11246644
2500.0,11245020
2500.0,11245715
2500.0,11244187
2500.0,11245869
2500.0,11244849
2500.0,11245000
2500.0,11245785
2500.0,11245814
2500.0,11246364
2500.0,11246735
2500.0,11246168
2500.0,11246467
2500.0,11245458
2500.0,11246774
2500.0,11245702
2500.0,11245116
2500.0,11246451
2500.0,11245097
2500.0,11246578
2500.0,11246411
2500.0,11245416
2500.0,11245830
2500.0,11246215
2500.0,11245557
2500.0,11246564
2500.0,11246207
2500.0,11245833
2500.0,11246701
2500.0,11245826
2500.0,11245748
2500.0,11246582
2500.0,11245969
2500.0,11246191
2500.0,11245682
2500.0,11246531
2500.0,11245893
2500.0,11247222
2500.0,11246426
2500.0,11246714
2500.0,11246315
2500.0,11245969
2500.0,11244763
2500.0,11245226
2500.0,11245223
2500.0,11245388
2500.0,11245233
2500.0,11245864
2500.0,11247048
2500.0,11245625
2500.0,11245257
2500.0,11244684
2500.0,11244742
2500.0,11246115
2500.0,11245087
2500.0,11245183
2500.0,11245920
2500.0,11246290
2500.0,11246636
2500.0,11246622
2500.0,11244845
2500.0,11245685
2500.0,11246419
2500.0,11245573
2500.0,11245728
2500.0,11244659
2500.0,11245958
2500.0,11246912
2500.0,11245566
2500.0,11246172
2500.0,11246184
2500.0,11246469
2500.0,11245517
2500.0,11246770
2500.0,11245895
2500.0,11246566
2500.0,11245478
2500.0,11245116
2500.0,11246155
2500.0,11246244
2500.0,11245499
2500.0,11246302
2500.0,11246023
2500.0,11246266
2500.0,11245446
2500.0,11245180
2500.0,11246203
2500.0,11245530
2500.0,11246864
2500.0,11246326
2500.0,11246441
2500.0,11246124
2500.0,11246032
2500.0,11246464
2500.0,11245804
2500.0,11246551
2500.0,11246251
2500.0,11244821
2500.0,11246146
2500.0,11245318
2450.0,11241311
2450.0,11240448
2450.0,11241648
2450.0,11242535
2450.0,11242154
2450.0,11241812
2450.0,11241089
2450.0,11243939
2450.0,11240962
2450.0,11242441
2450.0,11240659
2450.0,11241625
2450.0,11241676
2450.0,11241324
2450.0,11242409
2450.0,11241272
2450.0,11241510
2450.0,11241218
2450.0,11241958
2450.0,11239899
2450.0,11241860
2450.0,11239887
2450.0,11242002
2450.0,11242041
2450.0,11240059
2450.0,11241790
2450.0,11242045
2450.0,11242609
2450.0,11242547
2450.0,11241443
2450.0,11241359
2450.0,11241396
2450.0,11241387
2450.0,11242721
2450.0,11240751
2450.0,11241384
2450.0,11240778
2450.0,11241849
2450.0,11240480
2450.0,11241904
2450.0,11241069
2450.0,11241956
2450.0,11241719
2450.0,11241251
2450.0,11241920
2450.0,11241582
2450.0,11241599
2450.0,11241808
2450.0,11241504
2450.0,11240604
2450.0,11242102
2450.0,11240970
2450.0,11240826
2450.0,11240705
2450.0,11240583
2450.0,11242137
2450.0,11239537
2450.0,11240957
2450.0,11240704
2450.0,11241596
2450.0,11240455
2450.0,11240238
2450.0,11241653
2450.0,11241612
2450.0,11241376
2450.0,11241714
2450.0,11240568
2450.0,11240419
2450.0,11242204
2450.0,11242236
2450.0,11241897
2450.0,11242288
2450.0,11242310
2450.0,11243066
2450.0,11242879
2450.0,11240917
2450.0,11241709
2450.0,11241419
2450.0,11242502
2450.0,11243609
2450.0,11241123
2450.0,11242246
2450.0,11241941
2450.0,11241933
2450.0,11241172
2450.0,11241303
2450.0,11243153
2450.0,11241014
2450.0,11241709
2450.0,11240115
2450.0,11241799
2450.0,11239985
2450.0,11241984
2450.0,11240933
2450.0,11241535
2400.0,11237568
2400.0,11237870
2400.0,11236669
2400.0,11236715
2400.0,11237514
2400.0,11237118
2400.0,11237460
2400.0,11238151
2400.0,11238268
2400.0,11236149
2400.0,11236537
2400.0,11235799
2400.0,11236655
2400.0,11236764
2400.0,11237665
2400.0,11237005
2400.0,11236896
2400.0,11237808
2400.0,11238128
2400.0,11236942
2400.0,11237289
2400.0,11237053
2400.0,11238767
2400.0,11238082
2400.0,11238681
2400.0,11237216
2400.0,11237317
2400.0,11236944
2400.0,11238099
2400.0,11236582
2400.0,11237664
2400.0,11237174
2400.0,11237877
2400.0,11236382
2400.0,11237022
2400.0,11237680
2400.0,11237781
2400.0,11237375
2400.0,11237375
2400.0,11238115
2400.0,11237387
2400.0,11237919
2400.0,11237780
2400.0,11236686
2400.0,11238887
2400.0,11237323
2400.0,11238673
2400.0,11237775
2400.0,11238400
2400.0,11236619
2400.0,11238415
2400.0,11238033
2400.0,11237811
2400.0,11239153
2400.0,11237805
2400.0,11237725
2400.0,11237298
2400.0,11237265
2400.0,11237202
2400.0,11238637
2400.0,11238725
2400.0,11237477
2400.0,11237491
2400.0,11236939
2400.0,11238005
2400.0,11238926
2400.0,11237204
2400.0,11238608
2400.0,11237409
2400.0,11238084
2400.0,11236363
2400.0,11236439
2400.0,11237055
2400.0,11237383
2400.0,11236722
2400.0,11237731
2400.0,11239717
2400.0,11237925
2400.0,11237870
2400.0,11239929
2400.0,11237375
2400.0,11239325
2400.0,11238154
2400.0,11238248
2400.0,11238986
2400.0,11238102
2400.0,11238402
2400.0,11239020
2400.0,11239103
2400.0,11237634
2400.0,11238518
2400.0,11237434
2400.0,11238344
2400.0,11239300
2400.0,11237131
2400.0,11238184
2400.0,11238320
2400.0,11237023
2400.0,11238109
2400.0,11237751
2400.0,11238388
2400.0,11236974
2400.0,11237776
2400.0,11236884
2400.0,11237434
2400.0,11238802
2400.0,11237176
2400.0,11237165
2400.0,11237525
2400.0,11238535
2400.0,11238025
2400.0,11237498
2400.0,11236848
2400.0,11238456
2400.0,11237781
2400.0,11237418
2400.0,11237923
2400.0,11237952
2400.0,11236590
2400.0,11237257
2400.0,11238823
2400.0,11237135
2400.0,11238076
2400.0,11236766
2400.0,11235846
2400.0,11235714
2400.0,11237280
2400.0,11238114
2400.0,11237151
2400.0,11236952
2400.0,11237941
2400.0,11237644
2400.0,11236869
2400.0,11237138
2400.0,11237596
2400.0,11238497
2400.0,11239250
2400.0,11236948
2400.0,11237062
2400.0,11237020
2400.0,11237108
2400.0,11237297
2400.0,11237113
2400.0,11236734
2400.0,11237601
2400.0,11236481
2400.0,11236588
2400.0,11235723
2400.0,11236042
2400.0,11237408
2400.0,11238097
2400.0,11237911
2400.0,11237213
2400.0,11237198
2400.0,11236285
2400.0,11236675
2400.0,11236659
2400.0,11238114
2400.0,11236978
2400.0,11236680
2400.0,11237797
2400.0,11238317
2400.0,11237302
2400.0,11237023
2400.0,11237639
2400.0,11236923
2400.0,11237978
2400.0,11235854
2350.0,11232493
2350.0,11232574
2350.0,11233586
2350.0,11232991
2350.0,11234114
2350.0,11232715
2350.0,11231447
2350.0,11234259
2350.0,11232452
2350.0,11231801
2350.0,11232027
2350.0,11233053
2350.0,11232579
2350.0,11232269
2350.0,11231872
2350.0,11233476
2350.0,11233010
2350.0,11232870
2350.0,11232783
2350.0,11233646
2350.0,11232874
2350.0,11230957
2350.0,11232540
2350.0,11233550
2350.0,11231721
2350.0,11233407
2350.0,11231150
2350.0,11232857
2350.0,11233490
2350.0,11233008
2350.0,11233333
2350.0,11232812
2350.0,11232065
2350.0,11232470
2350.0,11232647
2350.0,11233499
2350.0,11232279
2350.0,11231664
2350.0,11234061
2350.0,11232583
2350.0,11232493
2350.0,11231690
2350.0,11233149
2350.0,11232966
2350.0,11232357
2350.0,11232150
2350.0,11231379
2350.0,11233046
2350.0,11232036
2350.0,11233169
2350.0,11231765
2350.0,11232731
2350.0,11232061
2350.0,11231975
2350.0,11231970
2350.0,11231866
2350.0,11232102
2350.0,11233945
2350.0,11230922
2350.0,11232587
2350.0,11232559
2350.0,11231734
2350.0,11233741
2350.0,11232637
2350.0,11231059
2350.0,11231851
2350.0,11231439
2350.0,11232131
2350.0,11232072
2350.0,11233069
2350.0,11233250
2350.0,11231691
2350.0,11231233
2350.0,11233630
2350.0,11231051
2350.0,11232311
2350.0,11231128
2350.0,11231593
2350.0,11233855
2350.0,11232576
2350.0,11233660
2350.0,11232009
2350.0,11231703
2350.0,11232794
2350.0,11232111
2350.0,11232658
2350.0,11231984
2350.0,11234104
2350.0,11232477
2350.0,11232649
2350.0,11233397
2350.0,11232262
2350.0,11232564
2350.0,11232749
2350.0,11232682
2350.0,11232763
2350.0,11231226
2350.0,11233118
2350.0,11230970
2350.0,11231394
2350.0,11232505
2350.0,11231501
2350.0,11231442
2350.0,11233398
2300.0,11229096
2300.0,11228561
2300.0,11228517
2300.0,11227506
2300.0,11227762
2300.0,11227729
2300.0,11228651
2300.0,11228401
2300.0,11229555
2300.0,11227444
2300.0,11229910
2300.0,11228179
2300.0,11228735
2300.0,11228196
2300.0,11228852
2300.0,11226509
2300.0,11228091
2300.0,11227747
2300.0,11229479
2300.0,11229736
2300.0,11227310
2300.0,11230612
2300.0,11227540
2300.0,11227832
2300.0,11229281
2300.0,11228764
2300.0,11229423
2300.0,11227253
2300.0,11229050
2300.0,11228522
2300.0,11229262
2300.0,11228698
2300.0,11229074
2300.0,11228525
2300.0,11226745
2300.0,11228150
2300.0,11228207
2300.0,11228816
2300.0,11227784
2300.0,11228475
2300.0,11227353
2300.0,11227657
2300.0,11229456
2300.0,11228632
2300.0,11228845
2300.0,11228668
2300.0,11228261
2300.0,11229974
2300.0,11228897
2300.0,11228125
2300.0,11228662
2300.0,11229672
2300.0,11228573
2300.0,11228760
2300.0,11228627
2300.0,11228472
2300.0,11228537
2300.0,11228730
2300.0,11227631
2300.0,11227676
2300.0,11229884
2300.0,11228671
2300.0,11229331
2300.0,11227536
2300.0,11229165
2300.0,11226584
2300.0,11230162
2300.0,11227540
2300.0,11228155
2300.0,11228592
2300.0,11227591
2300.0,11228892
2300.0,11228605
2300.0,11228778
2300.0,11228246
2300.0,11227497
2300.0,11228856
2300.0,11228966
2300.0,11229371
2300.0,11227459
2300.0,11229487
2300.0,11228800
2300.0,11229286
2300.0,11227810
2300.0,11227097
2300.0,11228557
2300.0,11228048
2300.0,11228896
2300.0,11228283
2300.0,11228869
2300.0,11228812
2300.0,11227764
2300.0,11228547
2300.0,11229076
2300.0,11228363
2300.0,11228133
2300.0,11227966
2300.0,11228599
2300.0,11227762
2300.0,11228882
2300.0,11229655
2300.0,11229818
2300.0,11229527
2300.0,11227619
2300.0,11229760
2300.0,11228399
2300.0,11227153
2300.0,11227517
2300.0,11227954
2300.0,11228745
2300.0,11228759
2300.0,11228815
2300.0,11229035
2300.0,11229098
2250.0,11185224
2250.0,11185612
2250.0,11185566
2250.0,11186268
2250.0,11184358
2250.0,11187058
2250.0,11185698
2250.0,11187516
2250.0,11185269
2250.0,11187121
2250.0,11184812
2250.0,11184366
2250.0,11183151
2250.0,11184909
2250.0,11185962
2250.0,11185010
2250.0,11186340
2250.0,11184370
2250.0,11185011
2250.0,11187838
2250.0,11185718
2250.0,11184782
2250.0,11185886
2250.0,11185405
2250.0,11183991
2250.0,11186750
2250.0,11185762
2250.0,11186614
2250.0,11184357
2250.0,11185088
2250.0,11185231
2250.0,11185511
2250.0,11187296
2250.0,11184796
2250.0,11185330
2250.0,11186741
2250.0,11185968
2250.0,11186506
2250.0,11185492
2250.0,11187091
2250.0,11185884
2250.0,11185633
2250.0,11186527
2250.0,11185651
2250.0,11186027
2250.0,11187240
2250.0,11187499
2250.0,11184492
2250.0,11187076
2250.0,11185573
2250.0,11183424
2250.0,11185205
2250.0,11185991
2250.0,11185782
2250.0,11185607
2250.0,11183564
2250.0,11184428
2250.0,11186029
2250.0,11185820
2250.0,11185656
2250.0,11186270
2250.0,11185279
2250.0,11185949
2250.0,11184709
2250.0,11185266
2250.0,11185670
2250.0,11185781
2250.0,11185179
2250.0,11186947
2250.0,11185942
2250.0,11185928
2250.0,11185245
2250.0,11186689
2250.0,11185837
2250.0,11185552
2250.0,11184704
2250.0,11184658
2250.0,11184224
2250.0,11185213
2250.0,11186751
2250.0,11185006
2250.0,11185092
2250.0,11186872
2250.0,11185538
2250.0,11185898
2250.0,11185902
2250.0,11185320
2250.0,11184565
2250.0,11185291
2250.0,11185582
2250.0,11185807
2250.0,11185026
2250.0,11186417
2250.0,11185332
2250.0,11184164
2250.0,11185190
2250.0,11187585
2250.0,11185198
2250.0,11184714
2250.0,11183839
2250.0,11186221
2250.0,11184688
2250.0,11184999
2250.0,11184860
2250.0,11185832
2250.0,11185247
2250.0,11185179
2250.0,11185112
2250.0,11186017
2250.0,11184256
2250.0,11184924
2250.0,11184887
2250.0,11184004
2250.0,11187037
2250.0,11184901
2250.0,11183387
2250.0,11184988
2250.0,11184327
2250.0,11183841
2250.0,11184089
2250.0,11185112
2250.0,11185495
2250.0,11187272
2250.0,11185304
2250.0,11185187
2250.0,11186226
2250.0,11185864
2250.0,11186867
2250.0,11183873
2250.0,11183728
2200.0,11141652
2200.0,11143841
2200.0,11142361
2200.0,11142001
2200.0,11142103
2200.0,11141248
2200.0,11142261
2200.0,11142359
2200.0,11141873
2200.0,11143782
2200.0,11142633
2200.0,11142394
2200.0,11143474
2200.0,11142646
2200.0,11141478
2200.0,11142575
2200.0,11142744
2200.0,11143081
2200.0,11143322
2200.0,11141447
2200.0,11144095
2200.0,11141200
2200.0,11141786
2200.0,11144823
2200.0,11142884
2200.0,11143601
2200.0,11142106
2200.0,11142838
2200.0,11142980
2200.0,11143194
2200.0,11142562
2200.0,11141496
2200.0,11142359
2200.0,11143630
2200.0,11141998
2200.0,11143345
2200.0,11143775
2200.0,11141337
2200.0,11143195
2200.0,11143102
2200.0,11141338
2200.0,11143012
2200.0,11140880
2200.0,11143821
2200.0,11140993
2200.0,11141854
2200.0,11142053
2200.0,11141968
2200.0,11142030
2200.0,11142365
2200.0,11141005
2200.0,11143142
2200.0,11141263
2200.0,11143609
2200.0,11143003
2200.0,11142863
2200.0,11142212
2200.0,11143068
2200.0,11143898
2200.0,11142147
2200.0,11141245
2200.0,11143067
2200.0,11143267
2200.0,11144938
2200.0,11142102
2200.0,11142444
2200.0,11142606
2200.0,11140894
2200.0,11142208
2200.0,11142797
2200.0,11141844
2200.0,11143470
2200.0,11141614
2200.0,11142819
2200.0,11141207
2200.0,11142765
2200.0,11142050
2200.0,11143101
2200.0,11142430
2200.0,11141813
2200.0,11140603
2200.0,11141982
2200.0,11143211
2200.0,11142984
2200.0,11141768
2200.0,11142945
2200.0,11143358
2200.0,11142718
2200.0,11142904
2200.0,11143851
2200.0,11143565
2200.0,11142290
2200.0,11141474
2200.0,11145200
2200.0,11143129
2200.0,11143010
2200.0,11141582
2200.0,11143180
2200.0,11142848
2200.0,11141521
2200.0,11140208
2200.0,11143916
2200.0,11142750
2200.0,11143876
2200.0,11142656
2200.0,11143450
2200.0,11143963
2200.0,11142290
2200.0,11141394
2200.0,11143904
2200.0,11144063
2200.0,11142980
2200.0,11143592
2200.0,11143261
2200.0,11144228
2200.0,11140973
2200.0,11142251
2200.0,11141244
2200.0,11144388
2200.0,11143492
2200.0,11142058
2200.0,11142996
2200.0,11143246
2200.0,11141897
2200.0,11141968
2200.0,11143569
2200.0,11144996
2200.0,11141667
2200.0,11142217
2200.0,11143705
2200.0,11142574
2200.0,11141069
2200.0,11139788
2200.0,11142204
2200.0,11142512
2200.0,11142427
2200.0,11141520
2200.0,11141329
2200.0,11144095
2200.0,11142692
2200.0,11142565
2200.0,11143559
2200.0,11143430
2200.0,11142810
2200.0,11141865
2200.0,11141540
2200.0,11141316
2200.0,11144492
2200.0,11142942
2200.0,11141289
2200.0,11141958
2200.0,11141849
2200.0,11144497
2200.0,11143628
2200.0,11142020
2200.0,11141821
2200.0,11142075
2200.0,11141904
2200.0,11142529
2200.0,11141972
2200.0,11141450
2200.0,11140991
2200.0,11142393
2150.0,11088125
2150.0,11088796
2150.0,11088743
2150.0,11086675
2150.0,11088971
2150.0,11088663
2150.0,11088864
2150.0,11087564
2150.0,11089428
2150.0,11087164
2150.0,11088185
2150.0,11088780
2150.0,11087896
2150.0,11087872
2150.0,11088980
2150.0,11088428
2150.0,11087980
2150.0,11088680
2150.0,11089304
2150.0,11087855
2150.0,11088744
2150.0,11088882
2150.0,11088215
2150.0,11088957
2150.0,11088041
2150.0,11088233
2150.0,11088971
2150.0,11088662
2150.0,11086999
2150.0,11088577
2150.0,11087872
2150.0,11089998
2150.0,11087964
2150.0,11088482
2150.0,11088676
2150.0,11089248
2150.0,11087657
2150.0,11087921
2150.0,11087897
2150.0,11089802
2150.0,11089904
2150.0,11088350
2150.0,11088220
2150.0,11089305
2150.0,11088464
2150.0,11089523
2150.0,11089078
2150.0,11088508
2150.0,11088869
2150.0,11088945
2150.0,11089976
2150.0,11088233
2150.0,11088478
2150.0,11087970
2150.0,11088234
2150.0,11088444
2150.0,11089532
2150.0,11088024
2150.0,11090449
2150.0,11089772
2150.0,11088142
2150.0,11088937
2150.0,11089147
2150.0,11086883
2150.0,11087307
2150.0,11089682
2150.0,11087693
2150.0,11088129
2150.0,11089631
2150.0,11086591
2150.0,11089379
2150.0,11088564
2150.0,11089697
2150.0,11089297
2150.0,11090550
2150.0,11089575
2150.0,11087443
2150.0,11088445
2150.0,11088609
2150.0,11088872
2150.0,11088938
2150.0,11090005
2150.0,11087793
2150.0,11088920
2150.0,11088605
2150.0,11086846
2150.0,11089068
2150.0,11089465
2150.0,11088459
2150.0,11088759
2150.0,11088756
2150.0,11089514
2150.0,11089647
2150.0,11086519
2150.0,11087751
2150.0,11088394
2150.0,11088634
2150.0,11088247
2150.0,11088674
2150.0,11087347
2150.0,11089153
2150.0,11089946
2150.0,11089928
2150.0,11088168
2150.0,11087520
2150.0,11089807
2150.0,11088464
2150.0,11088377
2150.0,11086039
2150.0,11088175
2150.0,11089349
2150.0,11089559
2150.0,11087463
2150.0,11087537
2150.0,11089555
2150.0,11087133
2150.0,11088537
2150.0,11087808
2150.0,11089859
2150.0,11087469
2150.0,11088635
2150.0,11089162
2150.0,11088192
2150.0,11086869
2150.0,11087975
2150.0,11088549
2150.0,11088810
2150.0,11087862
2150.0,11088676
2150.0,11087674
2100.0,11037541
2100.0,11038962
2100.0,11037826
2100.0,11038712
2100.0,11037954
2100.0,11038775
2100.0,11037328
2100.0,11039048
2100.0,11038678
2100.0,11038651
2100.0,11037776
2100.0,11038889
2100.0,11037614
2100.0,11037593
2100.0,11038189
2100.0,11038639
2100.0,11039427
2100.0,11039081
2100.0,11038863
2100.0,11038029
2100.0,11039805
2100.0,11039656
2100.0,11040068
2100.0,11039642
2100.0,11039016
2100.0,11038966
2100.0,11038882
2100.0,11037475
2100.0,11038405
2100.0,11038339
2100.0,11039444
2100.0,11038316
2100.0,11037964
2100.0,11039387
2100.0,11039876
2100.0,11040528
2100.0,11037769
2100.0,11038338
2100.0,11040798
2100.0,11038357
2100.0,11040481
2100.0,11038652
2100.0,11036968
2100.0,11039052
2100.0,11038522
2100.0,11038107
2100.0,11038463
2100.0,11037284
2100.0,11036839
2100.0,11037975
2100.0,11038700
2100.0,11036582
2100.0,11040004
2100.0,11039609
2100.0,11038838
2100.0,11037270
2100.0,11037420
2100.0,11037997
2100.0,11038457
2100.0,11039442
2100.0,11038138
2100.0,11036114
2100.0,11038908
2100.0,11038715
2100.0,11038380
2100.0,11038391
2100.0,11040251
2100.0,11037724
2100.0,11037069
2100.0,11037875
2100.0,11038034
2100.0,11038130
2100.0,11038843
2100.0,11039267
2100.0,11038463
2100.0,11040361
2100.0,11038274
2100.0,11038507
2100.0,11038858
2100.0,11037102
2100.0,11039011
2100.0,11039724
2100.0,11038350
2100.0,11038842
2100.0,11036733
2100.0,11037982
2100.0,11038789
2100.0,11039537
2100.0,11037874
2100.0,11038396
2100.0,11038669
2100.0,11039713
2100.0,11037658
2100.0,11037124
2100.0,11038828
2100.0,11038819
2100.0,11039324
2100.0,11040104
2100.0,11038405
2100.0,11038736
2100.0,11038883
2100.0,11038837
2100.0,11037546
2100.0,11038116
2100.0,11038383
2100.0,11038281
2100.0,11038000
2100.0,11038606
2100.0,11039288
2100.0,11038850
2100.0,11040046
2100.0,11038529
2100.0,11038257
2100.0,11038287
2100.0,11039443
2100.0,11038458
2100.0,11037532
2100.0,11039186
2100.0,11036779
2100.0,11036979
2100.0,11037815
2100.0,11037743
2100.0,11039449
2100.0,11038274
2100.0,11038156
2100.0,11038827
2100.0,11039219
2100.0,11039507
2100.0,11037018
2100.0,11039243
2100.0,11038567
2100.0,11038603
2100.0,11038073
2100.0,11038570
2100.0,11038209
2100.0,11038567
2100.0,11039156
2100.0,11037900
2100.0,11038829
2100.0,11037902
2100.0,11039103
2100.0,11040425
2100.0,11039403
2100.0,11040087
2100.0,11038169
2100.0,11038537
2100.0,11038137
2100.0,11038510
2100.0,11039669
2100.0,11039025
2100.0,11038411
2100.0,11037715
2100.0,11038081
2100.0,11038470
2100.0,11038738
2100.0,11039500
2100.0,11038766
2100.0,11039198
2100.0,11038849
2100.0,11039322
2100.0,11037806
2100.0,11038839
2100.0,11038033
2100.0,11039090
2100.0,11039394
2100.0,11039034
2100.0,11038047
2100.0,11038730
2100.0,11040369
2100.0,11037143
2100.0,11038658
2100.0,11038968
2100.0,11039619
2100.0,11038929
2100.0,11037982
2100.0,11038949
2100.0,11037905
2100.0,11039849
2100.0,11038185
2100.0,11039876
2100.0,11038263
2100.0,11037346
2100.0,11039799
2100.0,11038285
2100.0,11038837
2100.0,11038641
2100.0,11036709
2100.0,11038525
2100.0,11038063
2100.0,11039071
2100.0,11037996
2100.0,11040067
2100.0,11038314
2100.0,11038970
2100.0,11039519
2100.0,11039068
2100.0,11040604
2100.0,11038250
2100.0,11037597
2100.0,11038595
2100.0,11037668
2100.0,11039133
2100.0,11038800
2100.0,11038803
2100.0,11036856
2100.0,11038673
2100.0,11039366
2100.0,11038217
2100.0,11038377
2100.0,11037800
2100.0,11040153
2100.0,11038023
2100.0,11037742
2100.0,11040100
2100.0,11038596
2100.0,11037137
2100.0,11038322
2100.0,11038208
2100.0,11038691
2100.0,11038138
2100.0,11038403
2100.0,11038608
2100.0,11038115
2100.0,11038741
2100.0,11038635
2100.0,11037190
2100.0,11039389
2100.0,11038611
2100.0,11037468
2100.0,11037166
2100.0,11037712
2100.0,11038284
2100.0,11038356
2100.0,11038549
2100.0,11038935
2100.0,11037000
2100.0,11039423
2100.0,11038446
2100.0,11038697
2100.0,11039194
2100.0,11037497
2100.0,11037311
2100.0,11039144
2100.0,11037601
2100.0,11037973
2100.0,11039383
2100.0,11039262
2100.0,11039577
2100.0,11039839
2100.0,11038340
2100.0,11039356
2100.0,11037857
2100.0,11038055
2100.0,11038413
2100.0,11039305
2100.0,11038605
2100.0,11037703
2100.0,11038961
2100.0,11036914
2100.0,11039716
2100.0,11038373
2100.0,11040092
2100.0,11037002
2100.0,11038194
2100.0,11039541
2100.0,11040074
2100.0,11037392
2100.0,11036836
2100.0,11038042
2100.0,11038008
2100.0,11040890
2100.0,11039317
2100.0,11039934
2100.0,11038043
2100.0,11038537
2100.0,11037441
2100.0,11038222
2100.0,11038242
2100.0,11038043
2100.0,11038408
2100.0,11039919
2100.0,11039326
2100.0,11037198
2100.0,11036811
2100.0,11037940
2100.0,11037774
2050.0,10993726
2050.0,10993539
2050.0,10993411
2050.0,10994482
2050.0,10993747
2050.0,10994163
2050.0,10994059
2050.0,10994406
2050.0,10995261
2050.0,10994498
2050.0,10993436
2050.0,10993481
2050.0,10994799
2050.0,10994244
2050.0,10993533
2050.0,10994259
2050.0,10995074
2050.0,10994056
2050.0,10995979
2050.0,10994876
2050.0,10993319
2050.0,10994522
2050.0,10994736
2050.0,10993292
2050.0,10994171
2050.0,10992883
2050.0,10994626
2050.0,10993949
2050.0,10994062
2050.0,10994388
2050.0,10993661
2050.0,10994510
2050.0,10995484
2050.0,10993920
2050.0,10993018
2050.0,10993471
2050.0,10995644
2050.0,10992455
2050.0,10993635
2050.0,10993583
2050.0,10996230
2050.0,10993598
2050.0,10993562
2050.0,10994175
2050.0,10995198
2050.0,10994148
2050.0,10995256
2050.0,10993540
2050.0,10994304
2050.0,10993932
2050.0,10994353
2050.0,10994735
2050.0,10992237
2050.0,10994060
2050.0,10993557
2050.0,10992775
2050.0,10993574
2050.0,10994357
2050.0,10995972
2050.0,10992065
2050.0,10995590
2050.0,10994577
2050.0,10995149
2050.0,10996530
2050.0,10995948
2050.0,10994599
2050.0,10992880
2050.0,10993977
2050.0,10995586
2050.0,10993384
2050.0,10994695
2050.0,10993315
2050.0,10995217
2050.0,10994350
2050.0,10993841
2050.0,10994498
2050.0,10993704
2050.0,10993797
2050.0,10994306
2050.0,10994293
2050.0,10994309
2050.0,10995470
2050.0,10993999
2050.0,10994128
2050.0,10994118
2050.0,10994486
2050.0,10994507
2050.0,10997427
2050.0,10994315
2050.0,10995009
2050.0,10992845
2050.0,10995643
2050.0,10995738
2050.0,10994942
2050.0,10993324
2050.0,10994145
2050.0,10996093
2050.0,10995139
2050.0,10994437
2050.0,10993623
2050.0,10995022
2050.0,10994532
2050.0,10994801
2050.0,10994373
2050.0,10994607
2050.0,10994000
2050.0,10995091
2050.0,10994022
2050.0,10994030
2050.0,10994065
2050.0,10992959
2050.0,10996246
2050.0,10993053
2050.0,10994551
2050.0,10995216
2050.0,10995083
2050.0,10993965
2050.0,10995350
2050.0,10995253
2050.0,10994346
2050.0,10994315
2050.0,10993411
2050.0,10994762
2050.0,10995210
2050.0,10996359
2050.0,10994359
2050.0,10995056
2050.0,10993271
2050.0,10994343
2050.0,10992663
2050.0,10992911
2050.0,10994640
2050.0,10995789
2050.0,10994765
2050.0,10994198
2050.0,10993846
2050.0,10995259
2050.0,10994516
2050.0,10994265
2050.0,10993875
2050.0,10995643
2050.0,10994631
2050.0,10993914
2050.0,10995407
2050.0,10994880
2050.0,10994539
2050.0,10995225
2050.0,10994675
2050.0,10994487
2050.0,10993652
2050.0,10995223
2050.0,10994876
2050.0,10993926
2050.0,10994590
2050.0,10994886
2050.0,10994134
2050.0,10995564
2050.0,10994982
2050.0,10993298
2050.0,10995335
2050.0,10995363
2050.0,10994661
2050.0,10995123
2050.0,10995765
2050.0,10994983
2050.0,10994587
2050.0,10994745
2050.0,10995628
2050.0,10995648
2050.0,10993021
2050.0,10995282
2050.0,10995311
2050.0,10994911
2050.0,10994995
2050.0,10994546
2050.0,10995982
2050.0,10995512
2050.0,10994902
2050.0,10994204
2050.0,10994929
2050.0,10994156
2050.0,10995390
2050.0,10994085
2050.0,10995373
2050.0,10993930
2050.0,10993167
2050.0,10995353
2050.0,10993986
2050.0,10994432
2050.0,10994841
2050.0,10994460
2050.0,10994683
2050.0,10994773
2050.0,10994233
2050.0,10995195
2050.0,10994471
2050.0,10996105
2050.0,10995492
2050.0,10995624
2050.0,10994029
2050.0,10992984
2050.0,10995666
2050.0,10993133
2050.0,10993561
2050.0,10995156
2050.0,10993597
2050.0,10994839
2050.0,10994704
2050.0,10993599
2050.0,10994929
2050.0,10994652
2050.0,10994043
2050.0,10993903
2050.0,10993269
2050.0,10993999
2050.0,10993463
2050.0,10993808
2050.0,10993345
2050.0,10992723
2050.0,10995171
2050.0,10994899
2050.0,10994837
2050.0,10995399
2000.0,10952189
2000.0,10948836
2000.0,10949221
2000.0,10950296
2000.0,10948022
2000.0,10949510
2000.0,10950667
2000.0,10949020
2000.0,10950492
2000.0,10948748
2000.0,10950944
2000.0,10947592
2000.0,10948293
2000.0,10947287
2000.0,10949590
2000.0,10948913
2000.0,10950669
2000.0,10948784
2000.0,10950746
2000.0,10950032
2000.0,10948715
2000.0,10949447
2000.0,10950895
2000.0,10948272
2000.0,10949811
2000.0,10949554
2000.0,10948917
2000.0,10950983
2000.0,10948627
2000.0,10949870
2000.0,10948869
2000.0,10950868
2000.0,10951173
2000.0,10950223
2000.0,10948117
2000.0,10950657
2000.0,10949142
2000.0,10951454
2000.0,10950741
2000.0,10948631
2000.0,10951052
2000.0,10949151
2000.0,10949018
2000.0,10950066
2000.0,10949919
2000.0,10950281
2000.0,10948346
2000.0,10948604
2000.0,10950202
2000.0,10948995
2000.0,10949224
2000.0,10948921
2000.0,10948150
2000.0,10949707
2000.0,10947812
2000.0,10949004
2000.0,10950086
2000.0,10950009
2000.0,10949248
2000.0,10949986
2000.0,10949535
2000.0,10948845
2000.0,10949214
2000.0,10948793
2000.0,10949380
2000.0,10950250
2000.0,10950121
2000.0,10949100
2000.0,10949237
2000.0,10949204
2000.0,10949306
2000.0,10949043
2000.0,10948586
2000.0,10948199
2000.0,10949389
2000.0,10949707
2000.0,10948777
2000.0,10948586
2000.0,10948896
2000.0,10949643
2000.0,10949648
2000.0,10947960
2000.0,10950052
2000.0,10948712
2000.0,10949287
2000.0,10947850
2000.0,10949396
2000.0,10949586
2000.0,10948200
2000.0,10950297
2000.0,10949302
2000.0,10948787
2000.0,10948151
2000.0,10948468
2000.0,10948117
2000.0,10949827
2000.0,10948316
2000.0,10951561
2000.0,10951233
2000.0,10949359
2000.0,10948475
2000.0,10949082
2000.0,10946449
2000.0,10949702
2000.0,10949025
2000.0,10948887
2000.0,10949261
2000.0,10948840
2000.0,10948660
2000.0,10948144
2000.0,10948644
2000.0,10948152
2000.0,10951014
2000.0,10949237
2000.0,10948637
2000.0,10949735
2000.0,10948797
2000.0,10951419
2000.0,10950310
2000.0,10949421
2000.0,10952249
2000.0,10949939
2000.0,10949702
2000.0,10947730
2000.0,10949451
2000.0,10949295
2000.0,10949412
2000.0,10948042
2000.0,10948235
2000.0,10949653
2000.0,10949635
2000.0,10950620
2000.0,10949322
2000.0,10950115
2000.0,10948376
2000.0,10951037
2000.0,10948870
2000.0,10950166
2000.0,10947845
2000.0,10948378
2000.0,10949823
2000.0,10948561
2000.0,10950392
2000.0,10949621
2000.0,10949582
2000.0,10948671
2000.0,10948927
2000.0,10948677
2000.0,10949442
2000.0,10949744
2000.0,10949307
2000.0,10949808
2000.0,10948410
2000.0,10951569
2000.0,10948415
2000.0,10951310
2000.0,10950771
2000.0,10948195
2000.0,10948634
1950.0,10904658
1950.0,10904940
1950.0,10905510
1950.0,10905646
1950.0,10905843
1950.0,10905242
1950.0,10904413
1950.0,10905447
1950.0,10904887
1950.0,10905145
1950.0,10904946
1950.0,10905035
1950.0,10904839
1950.0,10904720
1950.0,10903793
1950.0,10905038
1950.0,10904876
1950.0,10905273
1950.0,10903926
1950.0,10905129
1950.0,10903706
1950.0,10905016
1950.0,10905498
1950.0,10904925
1950.0,10905495
1950.0,10905283
1950.0,10904827
1950.0,10905067
1950.0,10905430
1950.0,10905457
1950.0,10904577
1950.0,10903626
1950.0,10905369
1950.0,10904403
1950.0,10904468
1950.0,10905448
1950.0,10904751
1950.0,10905377
1950.0,10905906
1950.0,10905052
1950.0,10904369
1950.0,10906155
1950.0,10905206
1950.0,10904030
1950.0,10904793
1950.0,10905108
1950.0,10906014
1950.0,10905500
1950.0,10905303
1950.0,10904114
1950.0,10904497
1950.0,10905325
1950.0,10904193
1950.0,10904392
1950.0,10905539
1950.0,10904431
1950.0,10904774
1950.0,10904600
1950.0,10905242
1950.0,10904426
1950.0,10905201
1950.0,10904691
1950.0,10904959
1950.0,10906305
1950.0,10905118
1950.0,10905144
1950.0,10905040
1950.0,10905098
1950.0,10904210
1950.0,10904017
1950.0,10905143
1950.0,10903759
1950.0,10905002
1950.0,10904140
1950.0,10905894
1950.0,10905370
1950.0,10906557
1950.0,10905985
1950.0,10904316
1950.0,10904579
1950.0,10905625
1950.0,10905654
1950.0,10904840
1950.0,10904926
1950.0,10905229
1950.0,10905970
1950.0,10904959
1950.0,10905459
1950.0,10905525
1950.0,10906405
1950.0,10904899
1950.0,10904092
1950.0,10904887
1950.0,10905963
1950.0,10903810
1950.0,10904933
1950.0,10903385
1950.0,10905510
1950.0,10905504
1950.0,10904948
1950.0,10905620
1950.0,10906061
1950.0,10905340
1950.0,10905393
1950.0,10904523
1950.0,10905235
1950.0,10905937
1950.0,10905701
1950.0,10906394
1950.0,10905731
1950.0,10904267
1950.0,10904917
1950.0,10903813
1950.0,10905255
1950.0,10904364
1950.0,10904229
1950.0,10905441
1950.0,10904759
1950.0,10905368
1950.0,10905592
1950.0,10903671
1950.0,10905653
1950.0,10904860
1950.0,10905563
1950.0,10905201
1950.0,10903460
1950.0,10904741
1950.0,10904641
1950.0,10904313
1950.0,10905576
1950.0,10905414
1950.0,10906742
1950.0,10904561
1950.0,10904313
1950.0,10904076
1950.0,10904405
1950.0,10904683
1950.0,10904613
1950.0,10905928
1950.0,10904546
1950.0,10904256
1950.0,10904927
1950.0,10904030
1950.0,10905384
1950.0,10905964
1950.0,10904256
1950.0,10904300
1950.0,10905391
1950.0,10907144
1950.0,10905066
1950.0,10905427
1950.0,10905999
1950.0,10905213
1950.0,10905974
1950.0,10906119
1950.0,10905870
1950.0,10905752
1950.0,10904743
1950.0,10905167
1950.0,10904969
1950.0,10904334
1950.0,10906548
1950.0,10903657
1950.0,10905799
1950.0,10904762
1900.0,10859764
1900.0,10857956
1900.0,10860605
1900.0,10861358
1900.0,10859588
1900.0,10858905
1900.0,10859712
1900.0,10859306
1900.0,10860105
1900.0,10859732
1900.0,10861192
1900.0,10859628
1900.0,10858475
1900.0,10859403
1900.0,10859960
1900.0,10859788
1900.0,10859612
1900.0,10860345
1900.0,10859215
1900.0,10860750
1900.0,10860389
1900.0,10860216
1900.0,10861785
1900.0,10860542
1900.0,10858607
1900.0,10860463
1900.0,10859190
1900.0,10858881
1900.0,10860816
1900.0,10860435
1900.0,10861104
1900.0,10860325
1900.0,10859521
1900.0,10860245
1900.0,10859232
1900.0,10860047
1900.0,10859575
1900.0,10861533
1900.0,10858223
1900.0,10860514
1900.0,10859679
1900.0,10859100
1900.0,10860441
1900.0,10860940
1900.0,10858745
1900.0,10860497
1900.0,10860589
1900.0,10859980
1900.0,10860065
1900.0,10861001
1900.0,10861026
1900.0,10860868
1900.0,10861097
1900.0,10859505
1900.0,10860176
1900.0,10858314
1900.0,10859035
1900.0,10860293
1900.0,10860375
1900.0,10858315
1900.0,10860567
1900.0,10858960
1900.0,10861458
1900.0,10859658
1900.0,10859821
1900.0,10860764
1900.0,10861660
1900.0,10858223
1900.0,10859995
1900.0,10860441
1900.0,10859794
1900.0,10858370
1900.0,10858298
1900.0,10859730
1900.0,10861418
1900.0,10859614
1900.0,10861498
1900.0,10859868
1900.0,10860197
1900.0,10860646
1900.0,10860532
1900.0,10860388
1900.0,10859940
1900.0,10860334
1900.0,10861125
1900.0,10859866
1900.0,10860721
1900.0,10860541
1900.0,10858852
1900.0,10858969
1900.0,10860123
1900.0,10860474
1900.0,10860209
1900.0,10859834
1900.0,10859774
1900.0,10859753
1900.0,10859019
1900.0,10859672
1900.0,10859550
1900.0,10860406
1900.0,10861527
1900.0,10861047
1900.0,10859366
1900.0,10860868
1900.0,10860802
1900.0,10860355
1900.0,10859619
1900.0,10860637
1900.0,10860800
1900.0,10862329
1900.0,10859260
1900.0,10860821
1900.0,10859323
1900.0,10859054
1900.0,10859681
1900.0,10860950
1900.0,10860316
1900.0,10858622
1900.0,10859215
1900.0,10858589
1900.0,10858746
1900.0,10859673
1900.0,10859499
1900.0,10859188
1900.0,10860270
1900.0,10860342
1900.0,10859805
1900.0,10859961
1900.0,10859037
1900.0,10860125
1900.0,10860254
1900.0,10859591
1900.0,10860103
1900.0,10859745
1900.0,10859436
1900.0,10859610
1900.0,10858929
1900.0,10860167
1900.0,10859386
1900.0,10861207
1900.0,10860884
1900.0,10861446
1900.0,10860263
1900.0,10861078
1900.0,10859013
1900.0,10860329
1900.0,10861670
1900.0,10859109
1900.0,10860851
1900.0,10859462
1900.0,10858622
1900.0,10861733
1900.0,10860535
1900.0,10861247
1900.0,10858646
1900.0,10858731
1900.0,10860207
1900.0,10861779
1900.0,10859876
1900.0,10860826
1900.0,10861440
1900.0,10861646
1900.0,10861169
1900.0,10859868
1900.0,10860382
1900.0,10859737
1900.0,10861239
1900.0,10860479
1900.0,10861224
1900.0,10860412
1900.0,10859586
1900.0,10859488
1900.0,10859586
1900.0,10859523
1900.0,10860748
1900.0,10860504
1900.0,10859029
1900.0,10861296
1900.0,10860642
1900.0,10860827
1900.0,10859613
1900.0,10860631
1900.0,10860270
1900.0,10859725
1900.0,10860264
1900.0,10860973
1900.0,10861208
1900.0,10861943
1900.0,10859762
1900.0,10859894
1900.0,10860176
1900.0,10861161
1900.0,10859414
1900.0,10861357
1900.0,10860107
1900.0,10860440
1900.0,10862197
1900.0,10859421
1900.0,10860150
1900.0,10859174
1900.0,10861190
1900.0,10862746
1900.0,10860355
1900.0,10860375
1900.0,10859789
1900.0,10859602
1900.0,10859184
1900.0,10860914
1900.0,10861483
1900.0,10859385
1900.0,10861002
1900.0,10857508
1900.0,10860820
1900.0,10860091
1900.0,10860383
1900.0,10858647
1900.0,10860827
1900.0,10859317
1900.0,10858808
1900.0,10859527
1900.0,10860404
1900.0,10857304
1900.0,10860397
1900.0,10863340
1900.0,10859610
1900.0,10861346
1900.0,10861127
1900.0,10859389
1900.0,10859518
1900.0,10861032
1900.0,10860522
1900.0,10859779
1900.0,10861174
1900.0,10860270
1900.0,10859908
1900.0,10859810
1900.0,10861400
1900.0,10860378
1900.0,10858968
1900.0,10860838
1900.0,10858194
1900.0,10860835
1900.0,10860093
1900.0,10859706
1900.0,10858648
1900.0,10859386
1900.0,10861084
1900.0,10860253
1900.0,10859140
1900.0,10859482
1900.0,10859109
1900.0,10858880
1900.0,10860170
1900.0,10859101
1900.0,10861330
1900.0,10859059
1900.0,10859083
1900.0,10860236
1900.0,10860499
1900.0,10861362
1900.0,10861716
1900.0,10859743
1900.0,10859412
1900.0,10860073
1900.0,10859206
1900.0,10861372
1900.0,10862167
1900.0,10858213
1900.0,10858699
1900.0,10859605
1900.0,10860201
1900.0,10859506
