separation_distance,capacitance
6.107000000000000206e-01,4.191038000000000000e+06
6.107000000000000206e-01,4.187273000000000000e+06
6.107000000000000206e-01,4.190211000000000000e+06
6.107000000000000206e-01,4.187416000000000000e+06
6.107000000000000206e-01,4.190443000000000000e+06
6.107000000000000206e-01,4.188606000000000000e+06
6.107000000000000206e-01,4.189078000000000000e+06
6.107000000000000206e-01,4.187688000000000000e+06
6.107000000000000206e-01,4.189741000000000000e+06
6.107000000000000206e-01,4.188432000000000000e+06
6.107000000000000206e-01,4.187559000000000000e+06
6.107000000000000206e-01,4.188447000000000000e+06
6.107000000000000206e-01,4.190217000000000000e+06
6.107000000000000206e-01,4.189659000000000000e+06
6.107000000000000206e-01,4.188171000000000000e+06
6.107000000000000206e-01,4.189621000000000000e+06
6.107000000000000206e-01,4.189584000000000000e+06
6.107000000000000206e-01,4.188249000000000000e+06
6.107000000000000206e-01,4.189804000000000000e+06
6.107000000000000206e-01,4.188008000000000000e+06
6.107000000000000206e-01,4.189235000000000000e+06
6.107000000000000206e-01,4.188297000000000000e+06
6.107000000000000206e-01,4.188190000000000000e+06
6.107000000000000206e-01,4.188512000000000000e+06
6.107000000000000206e-01,4.190653000000000000e+06
6.107000000000000206e-01,4.190035000000000000e+06
6.107000000000000206e-01,4.190119000000000000e+06
6.107000000000000206e-01,4.188940000000000000e+06
6.107000000000000206e-01,4.191162000000000000e+06
6.107000000000000206e-01,4.189730000000000000e+06
6.107000000000000206e-01,4.188225000000000000e+06
6.107000000000000206e-01,4.187334000000000000e+06
6.107000000000000206e-01,4.188593000000000000e+06
6.107000000000000206e-01,4.188298000000000000e+06
6.107000000000000206e-01,4.189272000000000000e+06
6.107000000000000206e-01,4.187913000000000000e+06
6.107000000000000206e-01,4.189235000000000000e+06
6.107000000000000206e-01,4.188254000000000000e+06
6.107000000000000206e-01,4.188154000000000000e+06
6.107000000000000206e-01,4.187242000000000000e+06
6.107000000000000206e-01,4.188505000000000000e+06
6.107000000000000206e-01,4.188314000000000000e+06
6.107000000000000206e-01,4.186692000000000000e+06
6.107000000000000206e-01,4.188122000000000000e+06
6.107000000000000206e-01,4.190441000000000000e+06
6.107000000000000206e-01,4.186678000000000000e+06
6.107000000000000206e-01,4.189425000000000000e+06
6.107000000000000206e-01,4.188613000000000000e+06
6.107000000000000206e-01,4.187861000000000000e+06
6.107000000000000206e-01,4.189011000000000000e+06
6.107000000000000206e-01,4.190795000000000000e+06
6.107000000000000206e-01,4.188557000000000000e+06
6.107000000000000206e-01,4.189188000000000000e+06
6.107000000000000206e-01,4.189182000000000000e+06
6.107000000000000206e-01,4.186807000000000000e+06
6.107000000000000206e-01,4.189435000000000000e+06
6.107000000000000206e-01,4.187582000000000000e+06
6.107000000000000206e-01,4.187790000000000000e+06
6.107000000000000206e-01,4.189371000000000000e+06
6.107000000000000206e-01,4.188984000000000000e+06
6.107000000000000206e-01,4.189259000000000000e+06
6.107000000000000206e-01,4.188919000000000000e+06
6.107000000000000206e-01,4.189802000000000000e+06
6.107000000000000206e-01,4.188568000000000000e+06
6.107000000000000206e-01,4.189707000000000000e+06
6.107000000000000206e-01,4.187328000000000000e+06
6.107000000000000206e-01,4.189378000000000000e+06
6.107000000000000206e-01,4.188271000000000000e+06
6.107000000000000206e-01,4.189953000000000000e+06
6.107000000000000206e-01,4.190485000000000000e+06
6.107000000000000206e-01,4.189151000000000000e+06
6.107000000000000206e-01,4.190424000000000000e+06
6.107000000000000206e-01,4.188253000000000000e+06
6.107000000000000206e-01,4.189160000000000000e+06
6.107000000000000206e-01,4.188779000000000000e+06
6.107000000000000206e-01,4.187616000000000000e+06
6.107000000000000206e-01,4.188160000000000000e+06
6.107000000000000206e-01,4.188141000000000000e+06
6.107000000000000206e-01,4.189065000000000000e+06
6.107000000000000206e-01,4.187551000000000000e+06
6.107000000000000206e-01,4.188964000000000000e+06
6.107000000000000206e-01,4.188491000000000000e+06
6.107000000000000206e-01,4.190116000000000000e+06
6.107000000000000206e-01,4.190297000000000000e+06
6.107000000000000206e-01,4.190595000000000000e+06
6.107000000000000206e-01,4.187447000000000000e+06
6.107000000000000206e-01,4.191817000000000000e+06
6.107000000000000206e-01,4.188181000000000000e+06
6.107000000000000206e-01,4.186872000000000000e+06
6.107000000000000206e-01,4.189826000000000000e+06
6.107000000000000206e-01,4.190288000000000000e+06
6.107000000000000206e-01,4.190937000000000000e+06
6.107000000000000206e-01,4.190039000000000000e+06
6.107000000000000206e-01,4.189027000000000000e+06
6.107000000000000206e-01,4.190623000000000000e+06
6.107000000000000206e-01,4.187687000000000000e+06
6.107000000000000206e-01,4.188726000000000000e+06
6.107000000000000206e-01,4.189168000000000000e+06
6.107000000000000206e-01,4.188250000000000000e+06
6.107000000000000206e-01,4.187662000000000000e+06
6.107000000000000206e-01,4.188199000000000000e+06
6.107000000000000206e-01,4.190764000000000000e+06
6.107000000000000206e-01,4.188926000000000000e+06
6.107000000000000206e-01,4.186834000000000000e+06
6.107000000000000206e-01,4.189406000000000000e+06
6.107000000000000206e-01,4.188602000000000000e+06
6.107000000000000206e-01,4.190555000000000000e+06
6.107000000000000206e-01,4.189164000000000000e+06
6.107000000000000206e-01,4.188679000000000000e+06
6.107000000000000206e-01,4.189783000000000000e+06
6.107000000000000206e-01,4.188482000000000000e+06
6.106000000000000316e-01,4.192657000000000000e+06
6.106000000000000316e-01,4.192249000000000000e+06
6.106000000000000316e-01,4.193552000000000000e+06
6.106000000000000316e-01,4.193509000000000000e+06
6.106000000000000316e-01,4.192978000000000000e+06
6.106000000000000316e-01,4.192177000000000000e+06
6.106000000000000316e-01,4.193236000000000000e+06
6.106000000000000316e-01,4.192023000000000000e+06
6.106000000000000316e-01,4.194183000000000000e+06
6.106000000000000316e-01,4.192321000000000000e+06
6.106000000000000316e-01,4.193268000000000000e+06
6.106000000000000316e-01,4.191721000000000000e+06
6.106000000000000316e-01,4.192112000000000000e+06
6.106000000000000316e-01,4.193199000000000000e+06
6.106000000000000316e-01,4.193162000000000000e+06
6.106000000000000316e-01,4.192530000000000000e+06
6.106000000000000316e-01,4.193302000000000000e+06
6.106000000000000316e-01,4.192751000000000000e+06
6.106000000000000316e-01,4.195177000000000000e+06
6.106000000000000316e-01,4.193148000000000000e+06
6.106000000000000316e-01,4.194362000000000000e+06
6.106000000000000316e-01,4.193446000000000000e+06
6.106000000000000316e-01,4.193531000000000000e+06
6.106000000000000316e-01,4.192602000000000000e+06
6.106000000000000316e-01,4.194077000000000000e+06
6.106000000000000316e-01,4.190158000000000000e+06
6.106000000000000316e-01,4.193067000000000000e+06
6.106000000000000316e-01,4.192105000000000000e+06
6.106000000000000316e-01,4.191803000000000000e+06
6.106000000000000316e-01,4.192778000000000000e+06
6.106000000000000316e-01,4.193471000000000000e+06
6.106000000000000316e-01,4.193627000000000000e+06
6.106000000000000316e-01,4.190902000000000000e+06
6.106000000000000316e-01,4.194513000000000000e+06
6.106000000000000316e-01,4.191054000000000000e+06
6.106000000000000316e-01,4.191872000000000000e+06
6.106000000000000316e-01,4.192009000000000000e+06
6.106000000000000316e-01,4.190373000000000000e+06
6.106000000000000316e-01,4.192137000000000000e+06
6.106000000000000316e-01,4.191473000000000000e+06
6.106000000000000316e-01,4.192120000000000000e+06
6.106000000000000316e-01,4.192153000000000000e+06
6.106000000000000316e-01,4.192034000000000000e+06
6.106000000000000316e-01,4.192516000000000000e+06
6.106000000000000316e-01,4.191432000000000000e+06
6.106000000000000316e-01,4.190122000000000000e+06
6.106000000000000316e-01,4.191397000000000000e+06
6.106000000000000316e-01,4.193153000000000000e+06
6.106000000000000316e-01,4.194381000000000000e+06
6.106000000000000316e-01,4.192207000000000000e+06
6.106000000000000316e-01,4.193437000000000000e+06
6.106000000000000316e-01,4.193752000000000000e+06
6.106000000000000316e-01,4.193442000000000000e+06
6.106000000000000316e-01,4.192289000000000000e+06
6.106000000000000316e-01,4.191703000000000000e+06
6.106000000000000316e-01,4.191539000000000000e+06
6.106000000000000316e-01,4.191779000000000000e+06
6.106000000000000316e-01,4.192256000000000000e+06
6.106000000000000316e-01,4.191602000000000000e+06
6.106000000000000316e-01,4.193524000000000000e+06
6.106000000000000316e-01,4.190756000000000000e+06
6.106000000000000316e-01,4.191733000000000000e+06
6.106000000000000316e-01,4.193162000000000000e+06
6.106000000000000316e-01,4.193422000000000000e+06
6.106000000000000316e-01,4.192792000000000000e+06
6.106000000000000316e-01,4.193804000000000000e+06
6.106000000000000316e-01,4.192396000000000000e+06
6.106000000000000316e-01,4.192317000000000000e+06
6.106000000000000316e-01,4.191814000000000000e+06
6.106000000000000316e-01,4.189266000000000000e+06
6.106000000000000316e-01,4.192168000000000000e+06
6.106000000000000316e-01,4.191868000000000000e+06
6.106000000000000316e-01,4.194107000000000000e+06
6.106000000000000316e-01,4.192458000000000000e+06
6.106000000000000316e-01,4.193390000000000000e+06
6.106000000000000316e-01,4.192582000000000000e+06
6.106000000000000316e-01,4.193037000000000000e+06
6.106000000000000316e-01,4.191888000000000000e+06
6.106000000000000316e-01,4.193830000000000000e+06
6.106000000000000316e-01,4.192126000000000000e+06
6.106000000000000316e-01,4.193555000000000000e+06
6.106000000000000316e-01,4.189663000000000000e+06
6.106000000000000316e-01,4.193521000000000000e+06
6.106000000000000316e-01,4.191843000000000000e+06
6.106000000000000316e-01,4.193971000000000000e+06
6.106000000000000316e-01,4.192674000000000000e+06
6.106000000000000316e-01,4.191642000000000000e+06
6.106000000000000316e-01,4.193845000000000000e+06
6.106000000000000316e-01,4.189815000000000000e+06
6.106000000000000316e-01,4.192385000000000000e+06
6.106000000000000316e-01,4.193729000000000000e+06
6.106000000000000316e-01,4.192811000000000000e+06
6.106000000000000316e-01,4.191629000000000000e+06
6.106000000000000316e-01,4.192359000000000000e+06
6.106000000000000316e-01,4.190943000000000000e+06
6.106000000000000316e-01,4.192332000000000000e+06
6.106000000000000316e-01,4.192568000000000000e+06
6.106000000000000316e-01,4.192043000000000000e+06
6.106000000000000316e-01,4.193102000000000000e+06
6.106000000000000316e-01,4.191150000000000000e+06
6.106000000000000316e-01,4.193611000000000000e+06
6.106000000000000316e-01,4.191681000000000000e+06
6.106000000000000316e-01,4.192069000000000000e+06
6.106000000000000316e-01,4.191065000000000000e+06
6.106000000000000316e-01,4.192986000000000000e+06
6.106000000000000316e-01,4.192998000000000000e+06
6.106000000000000316e-01,4.192870000000000000e+06
6.106000000000000316e-01,4.191706000000000000e+06
6.106000000000000316e-01,4.191407000000000000e+06
6.106000000000000316e-01,4.193701000000000000e+06
6.105000000000000426e-01,4.191959000000000000e+06
6.105000000000000426e-01,4.192337000000000000e+06
6.105000000000000426e-01,4.192235000000000000e+06
6.105000000000000426e-01,4.192281000000000000e+06
6.105000000000000426e-01,4.191738000000000000e+06
6.105000000000000426e-01,4.193327000000000000e+06
6.105000000000000426e-01,4.193117000000000000e+06
6.105000000000000426e-01,4.191542000000000000e+06
6.105000000000000426e-01,4.192989000000000000e+06
6.105000000000000426e-01,4.194981000000000000e+06
6.105000000000000426e-01,4.194346000000000000e+06
6.105000000000000426e-01,4.195195000000000000e+06
6.105000000000000426e-01,4.194522000000000000e+06
6.105000000000000426e-01,4.191321000000000000e+06
6.105000000000000426e-01,4.193349000000000000e+06
6.105000000000000426e-01,4.192784000000000000e+06
6.105000000000000426e-01,4.191664000000000000e+06
6.105000000000000426e-01,4.192156000000000000e+06
6.105000000000000426e-01,4.193722000000000000e+06
6.105000000000000426e-01,4.191831000000000000e+06
6.105000000000000426e-01,4.192453000000000000e+06
6.105000000000000426e-01,4.194253000000000000e+06
6.105000000000000426e-01,4.193466000000000000e+06
6.105000000000000426e-01,4.191595000000000000e+06
6.105000000000000426e-01,4.193857000000000000e+06
6.105000000000000426e-01,4.192843000000000000e+06
6.105000000000000426e-01,4.192645000000000000e+06
6.105000000000000426e-01,4.193933000000000000e+06
6.105000000000000426e-01,4.195636000000000000e+06
6.105000000000000426e-01,4.193064000000000000e+06
6.105000000000000426e-01,4.195828000000000000e+06
6.105000000000000426e-01,4.189687000000000000e+06
6.105000000000000426e-01,4.194766000000000000e+06
6.105000000000000426e-01,4.194183000000000000e+06
6.105000000000000426e-01,4.192311000000000000e+06
6.105000000000000426e-01,4.191639000000000000e+06
6.105000000000000426e-01,4.193417000000000000e+06
6.105000000000000426e-01,4.193132000000000000e+06
6.105000000000000426e-01,4.191590000000000000e+06
6.105000000000000426e-01,4.193377000000000000e+06
6.105000000000000426e-01,4.190652000000000000e+06
6.105000000000000426e-01,4.193054000000000000e+06
6.105000000000000426e-01,4.194584000000000000e+06
6.105000000000000426e-01,4.193256000000000000e+06
6.105000000000000426e-01,4.194351000000000000e+06
6.105000000000000426e-01,4.191463000000000000e+06
6.105000000000000426e-01,4.193486000000000000e+06
6.105000000000000426e-01,4.191248000000000000e+06
6.105000000000000426e-01,4.192069000000000000e+06
6.105000000000000426e-01,4.193007000000000000e+06
6.105000000000000426e-01,4.194053000000000000e+06
6.105000000000000426e-01,4.192343000000000000e+06
6.105000000000000426e-01,4.191027000000000000e+06
6.105000000000000426e-01,4.191926000000000000e+06
6.105000000000000426e-01,4.191695000000000000e+06
6.105000000000000426e-01,4.192373000000000000e+06
6.105000000000000426e-01,4.193442000000000000e+06
6.105000000000000426e-01,4.193484000000000000e+06
6.105000000000000426e-01,4.194355000000000000e+06
6.105000000000000426e-01,4.192714000000000000e+06
6.105000000000000426e-01,4.192476000000000000e+06
6.105000000000000426e-01,4.193972000000000000e+06
6.105000000000000426e-01,4.193929000000000000e+06
6.105000000000000426e-01,4.193509000000000000e+06
6.105000000000000426e-01,4.192518000000000000e+06
6.105000000000000426e-01,4.192500000000000000e+06
6.105000000000000426e-01,4.192062000000000000e+06
6.105000000000000426e-01,4.191786000000000000e+06
6.105000000000000426e-01,4.192937000000000000e+06
6.105000000000000426e-01,4.194341000000000000e+06
6.105000000000000426e-01,4.193112000000000000e+06
6.105000000000000426e-01,4.193674000000000000e+06
6.105000000000000426e-01,4.193405000000000000e+06
6.105000000000000426e-01,4.191813000000000000e+06
6.105000000000000426e-01,4.192292000000000000e+06
6.105000000000000426e-01,4.192136000000000000e+06
6.105000000000000426e-01,4.193084000000000000e+06
6.105000000000000426e-01,4.193530000000000000e+06
6.105000000000000426e-01,4.194710000000000000e+06
6.105000000000000426e-01,4.193514000000000000e+06
6.105000000000000426e-01,4.193304000000000000e+06
6.105000000000000426e-01,4.194739000000000000e+06
6.105000000000000426e-01,4.194246000000000000e+06
6.105000000000000426e-01,4.192772000000000000e+06
6.105000000000000426e-01,4.191898000000000000e+06
6.105000000000000426e-01,4.192379000000000000e+06
6.105000000000000426e-01,4.192055000000000000e+06
6.105000000000000426e-01,4.194569000000000000e+06
6.105000000000000426e-01,4.192184000000000000e+06
6.105000000000000426e-01,4.192787000000000000e+06
6.105000000000000426e-01,4.192622000000000000e+06
6.105000000000000426e-01,4.191551000000000000e+06
6.105000000000000426e-01,4.192608000000000000e+06
6.105000000000000426e-01,4.193775000000000000e+06
6.105000000000000426e-01,4.193713000000000000e+06
6.105000000000000426e-01,4.192691000000000000e+06
6.105000000000000426e-01,4.193449000000000000e+06
6.105000000000000426e-01,4.192517000000000000e+06
6.105000000000000426e-01,4.192912000000000000e+06
6.105000000000000426e-01,4.192956000000000000e+06
6.104000000000000536e-01,4.193007000000000000e+06
6.104000000000000536e-01,4.192551000000000000e+06
6.104000000000000536e-01,4.194120000000000000e+06
6.104000000000000536e-01,4.193386000000000000e+06
6.104000000000000536e-01,4.191538000000000000e+06
6.104000000000000536e-01,4.193516000000000000e+06
6.104000000000000536e-01,4.193824000000000000e+06
6.104000000000000536e-01,4.193356000000000000e+06
6.104000000000000536e-01,4.193057000000000000e+06
6.104000000000000536e-01,4.191348000000000000e+06
6.104000000000000536e-01,4.194298000000000000e+06
6.104000000000000536e-01,4.192201000000000000e+06
6.104000000000000536e-01,4.193243000000000000e+06
6.104000000000000536e-01,4.191936000000000000e+06
6.104000000000000536e-01,4.193318000000000000e+06
6.104000000000000536e-01,4.193842000000000000e+06
6.104000000000000536e-01,4.192520000000000000e+06
6.104000000000000536e-01,4.194557000000000000e+06
6.104000000000000536e-01,4.192458000000000000e+06
6.104000000000000536e-01,4.192192000000000000e+06
6.104000000000000536e-01,4.192653000000000000e+06
6.104000000000000536e-01,4.194456000000000000e+06
6.104000000000000536e-01,4.191641000000000000e+06
6.104000000000000536e-01,4.193664000000000000e+06
6.104000000000000536e-01,4.193198000000000000e+06
6.104000000000000536e-01,4.192700000000000000e+06
6.104000000000000536e-01,4.192742000000000000e+06
6.104000000000000536e-01,4.194080000000000000e+06
6.104000000000000536e-01,4.191173000000000000e+06
6.104000000000000536e-01,4.193703000000000000e+06
6.104000000000000536e-01,4.194472000000000000e+06
6.104000000000000536e-01,4.192050000000000000e+06
6.104000000000000536e-01,4.192325000000000000e+06
6.104000000000000536e-01,4.193384000000000000e+06
6.104000000000000536e-01,4.192796000000000000e+06
6.104000000000000536e-01,4.194614000000000000e+06
6.104000000000000536e-01,4.192850000000000000e+06
6.104000000000000536e-01,4.194066000000000000e+06
6.104000000000000536e-01,4.193377000000000000e+06
6.104000000000000536e-01,4.191102000000000000e+06
6.104000000000000536e-01,4.194572000000000000e+06
6.104000000000000536e-01,4.194139000000000000e+06
6.104000000000000536e-01,4.193649000000000000e+06
6.104000000000000536e-01,4.192297000000000000e+06
6.104000000000000536e-01,4.193278000000000000e+06
6.104000000000000536e-01,4.192925000000000000e+06
6.104000000000000536e-01,4.192101000000000000e+06
6.104000000000000536e-01,4.192434000000000000e+06
6.104000000000000536e-01,4.192463000000000000e+06
6.104000000000000536e-01,4.192812000000000000e+06
6.104000000000000536e-01,4.191025000000000000e+06
6.104000000000000536e-01,4.193837000000000000e+06
6.104000000000000536e-01,4.194398000000000000e+06
6.104000000000000536e-01,4.190929000000000000e+06
6.104000000000000536e-01,4.192873000000000000e+06
6.104000000000000536e-01,4.191930000000000000e+06
6.104000000000000536e-01,4.193642000000000000e+06
6.104000000000000536e-01,4.191150000000000000e+06
6.104000000000000536e-01,4.193512000000000000e+06
6.104000000000000536e-01,4.192000000000000000e+06
6.104000000000000536e-01,4.194385000000000000e+06
6.104000000000000536e-01,4.191409000000000000e+06
6.104000000000000536e-01,4.192356000000000000e+06
6.104000000000000536e-01,4.191345000000000000e+06
6.104000000000000536e-01,4.192748000000000000e+06
6.104000000000000536e-01,4.191960000000000000e+06
6.104000000000000536e-01,4.194580000000000000e+06
6.104000000000000536e-01,4.192630000000000000e+06
6.104000000000000536e-01,4.190827000000000000e+06
6.104000000000000536e-01,4.194241000000000000e+06
6.104000000000000536e-01,4.192746000000000000e+06
6.104000000000000536e-01,4.192641000000000000e+06
6.104000000000000536e-01,4.195048000000000000e+06
6.104000000000000536e-01,4.193235000000000000e+06
6.104000000000000536e-01,4.191841000000000000e+06
6.104000000000000536e-01,4.193169000000000000e+06
6.104000000000000536e-01,4.193722000000000000e+06
6.104000000000000536e-01,4.193672000000000000e+06
6.104000000000000536e-01,4.192430000000000000e+06
6.104000000000000536e-01,4.192329000000000000e+06
6.104000000000000536e-01,4.193480000000000000e+06
6.104000000000000536e-01,4.192134000000000000e+06
6.104000000000000536e-01,4.192155000000000000e+06
6.104000000000000536e-01,4.193354000000000000e+06
6.104000000000000536e-01,4.191367000000000000e+06
6.104000000000000536e-01,4.193263000000000000e+06
6.104000000000000536e-01,4.193197000000000000e+06
6.104000000000000536e-01,4.193546000000000000e+06
6.104000000000000536e-01,4.194016000000000000e+06
6.104000000000000536e-01,4.193564000000000000e+06
6.104000000000000536e-01,4.191610000000000000e+06
6.104000000000000536e-01,4.193396000000000000e+06
6.104000000000000536e-01,4.193411000000000000e+06
6.104000000000000536e-01,4.192843000000000000e+06
6.104000000000000536e-01,4.192492000000000000e+06
6.104000000000000536e-01,4.191704000000000000e+06
6.104000000000000536e-01,4.191359000000000000e+06
6.104000000000000536e-01,4.192990000000000000e+06
6.104000000000000536e-01,4.191903000000000000e+06
6.104000000000000536e-01,4.192175000000000000e+06
6.103000000000000647e-01,4.192039000000000000e+06
6.103000000000000647e-01,4.191803000000000000e+06
6.103000000000000647e-01,4.194061000000000000e+06
6.103000000000000647e-01,4.193412000000000000e+06
6.103000000000000647e-01,4.192564000000000000e+06
6.103000000000000647e-01,4.191616000000000000e+06
6.103000000000000647e-01,4.193330000000000000e+06
6.103000000000000647e-01,4.192146000000000000e+06
6.103000000000000647e-01,4.191747000000000000e+06
6.103000000000000647e-01,4.192717000000000000e+06
6.103000000000000647e-01,4.193535000000000000e+06
6.103000000000000647e-01,4.193591000000000000e+06
6.103000000000000647e-01,4.192276000000000000e+06
6.103000000000000647e-01,4.192558000000000000e+06
6.103000000000000647e-01,4.192826000000000000e+06
6.103000000000000647e-01,4.193726000000000000e+06
6.103000000000000647e-01,4.192245000000000000e+06
6.103000000000000647e-01,4.194410000000000000e+06
6.103000000000000647e-01,4.193438000000000000e+06
6.103000000000000647e-01,4.194747000000000000e+06
6.103000000000000647e-01,4.193612000000000000e+06
6.103000000000000647e-01,4.194164000000000000e+06
6.103000000000000647e-01,4.193512000000000000e+06
6.103000000000000647e-01,4.192193000000000000e+06
6.103000000000000647e-01,4.193021000000000000e+06
6.103000000000000647e-01,4.191369000000000000e+06
6.103000000000000647e-01,4.193822000000000000e+06
6.103000000000000647e-01,4.193757000000000000e+06
6.103000000000000647e-01,4.193402000000000000e+06
6.103000000000000647e-01,4.193941000000000000e+06
6.103000000000000647e-01,4.192635000000000000e+06
6.103000000000000647e-01,4.193518000000000000e+06
6.103000000000000647e-01,4.192172000000000000e+06
6.103000000000000647e-01,4.191740000000000000e+06
6.103000000000000647e-01,4.194249000000000000e+06
6.103000000000000647e-01,4.191714000000000000e+06
6.103000000000000647e-01,4.194622000000000000e+06
6.103000000000000647e-01,4.191955000000000000e+06
6.103000000000000647e-01,4.192928000000000000e+06
6.103000000000000647e-01,4.193220000000000000e+06
6.103000000000000647e-01,4.192778000000000000e+06
6.103000000000000647e-01,4.193944000000000000e+06
6.103000000000000647e-01,4.194048000000000000e+06
6.103000000000000647e-01,4.191609000000000000e+06
6.103000000000000647e-01,4.191606000000000000e+06
6.103000000000000647e-01,4.193086000000000000e+06
6.103000000000000647e-01,4.192855000000000000e+06
6.103000000000000647e-01,4.192731000000000000e+06
6.103000000000000647e-01,4.191913000000000000e+06
6.103000000000000647e-01,4.190826000000000000e+06
6.103000000000000647e-01,4.192368000000000000e+06
6.103000000000000647e-01,4.191284000000000000e+06
6.103000000000000647e-01,4.194671000000000000e+06
6.103000000000000647e-01,4.192614000000000000e+06
6.103000000000000647e-01,4.193207000000000000e+06
6.103000000000000647e-01,4.193012000000000000e+06
6.103000000000000647e-01,4.192922000000000000e+06
6.103000000000000647e-01,4.192218000000000000e+06
6.103000000000000647e-01,4.193553000000000000e+06
6.103000000000000647e-01,4.191847000000000000e+06
6.103000000000000647e-01,4.192017000000000000e+06
6.103000000000000647e-01,4.193167000000000000e+06
6.103000000000000647e-01,4.192289000000000000e+06
6.103000000000000647e-01,4.191163000000000000e+06
6.103000000000000647e-01,4.193610000000000000e+06
6.103000000000000647e-01,4.193793000000000000e+06
6.103000000000000647e-01,4.194229000000000000e+06
6.103000000000000647e-01,4.193124000000000000e+06
6.103000000000000647e-01,4.195136000000000000e+06
6.103000000000000647e-01,4.194324000000000000e+06
6.103000000000000647e-01,4.194088000000000000e+06
6.103000000000000647e-01,4.192122000000000000e+06
6.103000000000000647e-01,4.194591000000000000e+06
6.103000000000000647e-01,4.193760000000000000e+06
6.103000000000000647e-01,4.192415000000000000e+06
6.103000000000000647e-01,4.191097000000000000e+06
6.103000000000000647e-01,4.192368000000000000e+06
6.103000000000000647e-01,4.194642000000000000e+06
6.103000000000000647e-01,4.192111000000000000e+06
6.103000000000000647e-01,4.193344000000000000e+06
6.103000000000000647e-01,4.194943000000000000e+06
6.103000000000000647e-01,4.192549000000000000e+06
6.103000000000000647e-01,4.193787000000000000e+06
6.103000000000000647e-01,4.192327000000000000e+06
6.103000000000000647e-01,4.191319000000000000e+06
6.103000000000000647e-01,4.192388000000000000e+06
6.103000000000000647e-01,4.194624000000000000e+06
6.103000000000000647e-01,4.192561000000000000e+06
6.103000000000000647e-01,4.193748000000000000e+06
6.103000000000000647e-01,4.191622000000000000e+06
6.103000000000000647e-01,4.192681000000000000e+06
6.103000000000000647e-01,4.193401000000000000e+06
6.103000000000000647e-01,4.193831000000000000e+06
6.103000000000000647e-01,4.191869000000000000e+06
6.103000000000000647e-01,4.193668000000000000e+06
6.103000000000000647e-01,4.193960000000000000e+06
6.103000000000000647e-01,4.192253000000000000e+06
6.103000000000000647e-01,4.192761000000000000e+06
6.103000000000000647e-01,4.192811000000000000e+06
6.103000000000000647e-01,4.193427000000000000e+06
6.103000000000000647e-01,4.194803000000000000e+06
6.103000000000000647e-01,4.192039000000000000e+06
6.103000000000000647e-01,4.190841000000000000e+06
6.103000000000000647e-01,4.193769000000000000e+06
6.103000000000000647e-01,4.190344000000000000e+06
6.103000000000000647e-01,4.194369000000000000e+06
6.103000000000000647e-01,4.193276000000000000e+06
6.103000000000000647e-01,4.193965000000000000e+06
6.103000000000000647e-01,4.191812000000000000e+06
6.103000000000000647e-01,4.194906000000000000e+06
6.102000000000000757e-01,4.193649000000000000e+06
6.102000000000000757e-01,4.192682000000000000e+06
6.102000000000000757e-01,4.192679000000000000e+06
6.102000000000000757e-01,4.192446000000000000e+06
6.102000000000000757e-01,4.193828000000000000e+06
6.102000000000000757e-01,4.191249000000000000e+06
6.102000000000000757e-01,4.194112000000000000e+06
6.102000000000000757e-01,4.193707000000000000e+06
6.102000000000000757e-01,4.193700000000000000e+06
6.102000000000000757e-01,4.192847000000000000e+06
6.102000000000000757e-01,4.191214000000000000e+06
6.102000000000000757e-01,4.192709000000000000e+06
6.102000000000000757e-01,4.192665000000000000e+06
6.102000000000000757e-01,4.193191000000000000e+06
6.102000000000000757e-01,4.193096000000000000e+06
6.102000000000000757e-01,4.192848000000000000e+06
6.102000000000000757e-01,4.190799000000000000e+06
6.102000000000000757e-01,4.191939000000000000e+06
6.102000000000000757e-01,4.193758000000000000e+06
6.102000000000000757e-01,4.192439000000000000e+06
6.102000000000000757e-01,4.191192000000000000e+06
6.102000000000000757e-01,4.192685000000000000e+06
6.102000000000000757e-01,4.192415000000000000e+06
6.102000000000000757e-01,4.194915000000000000e+06
6.102000000000000757e-01,4.193595000000000000e+06
6.102000000000000757e-01,4.192790000000000000e+06
6.102000000000000757e-01,4.193304000000000000e+06
6.102000000000000757e-01,4.193537000000000000e+06
6.102000000000000757e-01,4.192977000000000000e+06
6.102000000000000757e-01,4.194365000000000000e+06
6.102000000000000757e-01,4.193450000000000000e+06
6.102000000000000757e-01,4.193230000000000000e+06
6.102000000000000757e-01,4.192780000000000000e+06
6.102000000000000757e-01,4.193206000000000000e+06
6.102000000000000757e-01,4.193418000000000000e+06
6.102000000000000757e-01,4.192220000000000000e+06
6.102000000000000757e-01,4.192623000000000000e+06
6.102000000000000757e-01,4.194169000000000000e+06
6.102000000000000757e-01,4.194762000000000000e+06
6.102000000000000757e-01,4.194510000000000000e+06
6.102000000000000757e-01,4.193248000000000000e+06
6.102000000000000757e-01,4.194156000000000000e+06
6.102000000000000757e-01,4.193715000000000000e+06
6.102000000000000757e-01,4.193778000000000000e+06
6.102000000000000757e-01,4.192119000000000000e+06
6.102000000000000757e-01,4.193243000000000000e+06
6.102000000000000757e-01,4.191928000000000000e+06
6.102000000000000757e-01,4.193540000000000000e+06
6.102000000000000757e-01,4.193819000000000000e+06
6.102000000000000757e-01,4.194481000000000000e+06
6.102000000000000757e-01,4.193355000000000000e+06
6.102000000000000757e-01,4.193301000000000000e+06
6.102000000000000757e-01,4.191383000000000000e+06
6.102000000000000757e-01,4.192720000000000000e+06
6.102000000000000757e-01,4.192517000000000000e+06
6.102000000000000757e-01,4.192490000000000000e+06
6.102000000000000757e-01,4.192957000000000000e+06
6.102000000000000757e-01,4.192610000000000000e+06
6.102000000000000757e-01,4.192891000000000000e+06
6.102000000000000757e-01,4.192088000000000000e+06
6.102000000000000757e-01,4.193059000000000000e+06
6.102000000000000757e-01,4.191680000000000000e+06
6.102000000000000757e-01,4.193012000000000000e+06
6.102000000000000757e-01,4.193824000000000000e+06
6.102000000000000757e-01,4.192610000000000000e+06
6.102000000000000757e-01,4.192511000000000000e+06
6.102000000000000757e-01,4.192120000000000000e+06
6.102000000000000757e-01,4.193364000000000000e+06
6.102000000000000757e-01,4.194308000000000000e+06
6.102000000000000757e-01,4.193010000000000000e+06
6.102000000000000757e-01,4.193077000000000000e+06
6.102000000000000757e-01,4.193149000000000000e+06
6.102000000000000757e-01,4.193086000000000000e+06
6.102000000000000757e-01,4.193510000000000000e+06
6.102000000000000757e-01,4.192027000000000000e+06
6.102000000000000757e-01,4.191459000000000000e+06
6.102000000000000757e-01,4.192354000000000000e+06
6.102000000000000757e-01,4.194197000000000000e+06
6.102000000000000757e-01,4.193733000000000000e+06
6.102000000000000757e-01,4.191306000000000000e+06
6.102000000000000757e-01,4.193075000000000000e+06
6.102000000000000757e-01,4.193449000000000000e+06
6.102000000000000757e-01,4.192680000000000000e+06
6.102000000000000757e-01,4.191329000000000000e+06
6.102000000000000757e-01,4.191543000000000000e+06
6.102000000000000757e-01,4.194019000000000000e+06
6.102000000000000757e-01,4.193721000000000000e+06
6.102000000000000757e-01,4.193797000000000000e+06
6.102000000000000757e-01,4.192969000000000000e+06
6.102000000000000757e-01,4.195365000000000000e+06
6.102000000000000757e-01,4.193506000000000000e+06
6.102000000000000757e-01,4.192964000000000000e+06
6.102000000000000757e-01,4.194505000000000000e+06
6.102000000000000757e-01,4.194199000000000000e+06
6.102000000000000757e-01,4.191893000000000000e+06
6.102000000000000757e-01,4.194692000000000000e+06
6.102000000000000757e-01,4.191971000000000000e+06
6.102000000000000757e-01,4.193844000000000000e+06
6.102000000000000757e-01,4.195107000000000000e+06
6.102000000000000757e-01,4.192293000000000000e+06
6.100999999999999757e-01,4.193414000000000000e+06
6.100999999999999757e-01,4.194098000000000000e+06
6.100999999999999757e-01,4.191559000000000000e+06
6.100999999999999757e-01,4.193267000000000000e+06
6.100999999999999757e-01,4.193557000000000000e+06
6.100999999999999757e-01,4.191028000000000000e+06
6.100999999999999757e-01,4.192927000000000000e+06
6.100999999999999757e-01,4.193564000000000000e+06
6.100999999999999757e-01,4.192718000000000000e+06
6.100999999999999757e-01,4.191853000000000000e+06
6.100999999999999757e-01,4.192005000000000000e+06
6.100999999999999757e-01,4.193026000000000000e+06
6.100999999999999757e-01,4.192101000000000000e+06
6.100999999999999757e-01,4.194111000000000000e+06
6.100999999999999757e-01,4.193258000000000000e+06
6.100999999999999757e-01,4.192435000000000000e+06
6.100999999999999757e-01,4.191293000000000000e+06
6.100999999999999757e-01,4.192285000000000000e+06
6.100999999999999757e-01,4.193514000000000000e+06
6.100999999999999757e-01,4.195190000000000000e+06
6.100999999999999757e-01,4.193278000000000000e+06
6.100999999999999757e-01,4.194018000000000000e+06
6.100999999999999757e-01,4.192777000000000000e+06
6.100999999999999757e-01,4.193500000000000000e+06
6.100999999999999757e-01,4.192181000000000000e+06
6.100999999999999757e-01,4.192771000000000000e+06
6.100999999999999757e-01,4.193887000000000000e+06
6.100999999999999757e-01,4.193353000000000000e+06
6.100999999999999757e-01,4.195487000000000000e+06
6.100999999999999757e-01,4.192032000000000000e+06
6.100999999999999757e-01,4.192439000000000000e+06
6.100999999999999757e-01,4.192364000000000000e+06
6.100999999999999757e-01,4.193963000000000000e+06
6.100999999999999757e-01,4.193164000000000000e+06
6.100999999999999757e-01,4.192148000000000000e+06
6.100999999999999757e-01,4.191369000000000000e+06
6.100999999999999757e-01,4.193990000000000000e+06
6.100999999999999757e-01,4.194351000000000000e+06
6.100999999999999757e-01,4.192807000000000000e+06
6.100999999999999757e-01,4.192880000000000000e+06
6.100999999999999757e-01,4.194078000000000000e+06
6.100999999999999757e-01,4.192788000000000000e+06
6.100999999999999757e-01,4.193895000000000000e+06
6.100999999999999757e-01,4.193260000000000000e+06
6.100999999999999757e-01,4.194476000000000000e+06
6.100999999999999757e-01,4.193559000000000000e+06
6.100999999999999757e-01,4.192395000000000000e+06
6.100999999999999757e-01,4.193773000000000000e+06
6.100999999999999757e-01,4.191915000000000000e+06
6.100999999999999757e-01,4.195684000000000000e+06
6.100999999999999757e-01,4.193187000000000000e+06
6.100999999999999757e-01,4.192048000000000000e+06
6.100999999999999757e-01,4.193716000000000000e+06
6.100999999999999757e-01,4.193901000000000000e+06
6.100999999999999757e-01,4.192753000000000000e+06
6.100999999999999757e-01,4.194070000000000000e+06
6.100999999999999757e-01,4.193899000000000000e+06
6.100999999999999757e-01,4.194214000000000000e+06
6.100999999999999757e-01,4.192522000000000000e+06
6.100999999999999757e-01,4.195074000000000000e+06
6.100999999999999757e-01,4.191894000000000000e+06
6.100999999999999757e-01,4.193330000000000000e+06
6.100999999999999757e-01,4.193582000000000000e+06
6.100999999999999757e-01,4.194312000000000000e+06
6.100999999999999757e-01,4.195026000000000000e+06
6.100999999999999757e-01,4.193453000000000000e+06
6.100999999999999757e-01,4.193451000000000000e+06
6.100999999999999757e-01,4.193953000000000000e+06
6.100999999999999757e-01,4.194222000000000000e+06
6.100999999999999757e-01,4.193819000000000000e+06
6.100999999999999757e-01,4.191594000000000000e+06
6.100999999999999757e-01,4.191977000000000000e+06
6.100999999999999757e-01,4.195192000000000000e+06
6.100999999999999757e-01,4.192298000000000000e+06
6.100999999999999757e-01,4.194181000000000000e+06
6.100999999999999757e-01,4.193565000000000000e+06
6.100999999999999757e-01,4.193382000000000000e+06
6.100999999999999757e-01,4.194292000000000000e+06
6.100999999999999757e-01,4.194197000000000000e+06
6.100999999999999757e-01,4.195205000000000000e+06
6.100999999999999757e-01,4.191930000000000000e+06
6.100999999999999757e-01,4.193498000000000000e+06
6.100999999999999757e-01,4.192551000000000000e+06
6.100999999999999757e-01,4.194113000000000000e+06
6.100999999999999757e-01,4.194262000000000000e+06
6.100999999999999757e-01,4.194186000000000000e+06
6.100999999999999757e-01,4.194699000000000000e+06
6.100999999999999757e-01,4.193291000000000000e+06
6.100999999999999757e-01,4.192988000000000000e+06
6.100999999999999757e-01,4.195352000000000000e+06
6.100999999999999757e-01,4.193416000000000000e+06
6.100999999999999757e-01,4.193518000000000000e+06
6.100999999999999757e-01,4.192086000000000000e+06
6.100999999999999757e-01,4.193879000000000000e+06
6.100999999999999757e-01,4.193129000000000000e+06
6.100999999999999757e-01,4.193237000000000000e+06
6.100999999999999757e-01,4.194487000000000000e+06
6.100999999999999757e-01,4.193271000000000000e+06
6.100999999999999757e-01,4.193587000000000000e+06
6.100999999999999757e-01,4.193059000000000000e+06
6.100999999999999757e-01,4.193186000000000000e+06
6.100999999999999757e-01,4.192418000000000000e+06
6.100999999999999757e-01,4.193037000000000000e+06
6.100999999999999757e-01,4.192603000000000000e+06
6.100999999999999757e-01,4.193803000000000000e+06
6.099999999999999867e-01,4.193183000000000000e+06
6.099999999999999867e-01,4.192181000000000000e+06
6.099999999999999867e-01,4.191150000000000000e+06
6.099999999999999867e-01,4.193878000000000000e+06
6.099999999999999867e-01,4.195155000000000000e+06
6.099999999999999867e-01,4.193088000000000000e+06
6.099999999999999867e-01,4.192266000000000000e+06
6.099999999999999867e-01,4.194489000000000000e+06
6.099999999999999867e-01,4.193961000000000000e+06
6.099999999999999867e-01,4.192354000000000000e+06
6.099999999999999867e-01,4.192907000000000000e+06
6.099999999999999867e-01,4.193759000000000000e+06
6.099999999999999867e-01,4.193048000000000000e+06
6.099999999999999867e-01,4.193781000000000000e+06
6.099999999999999867e-01,4.191145000000000000e+06
6.099999999999999867e-01,4.192018000000000000e+06
6.099999999999999867e-01,4.192470000000000000e+06
6.099999999999999867e-01,4.193337000000000000e+06
6.099999999999999867e-01,4.193965000000000000e+06
6.099999999999999867e-01,4.192272000000000000e+06
6.099999999999999867e-01,4.191899000000000000e+06
6.099999999999999867e-01,4.193409000000000000e+06
6.099999999999999867e-01,4.193918000000000000e+06
6.099999999999999867e-01,4.192391000000000000e+06
6.099999999999999867e-01,4.192332000000000000e+06
6.099999999999999867e-01,4.194355000000000000e+06
6.099999999999999867e-01,4.192183000000000000e+06
6.099999999999999867e-01,4.191809000000000000e+06
6.099999999999999867e-01,4.193952000000000000e+06
6.099999999999999867e-01,4.192267000000000000e+06
6.099999999999999867e-01,4.192926000000000000e+06
6.099999999999999867e-01,4.193994000000000000e+06
6.099999999999999867e-01,4.191415000000000000e+06
6.099999999999999867e-01,4.193465000000000000e+06
6.099999999999999867e-01,4.190896000000000000e+06
6.099999999999999867e-01,4.192121000000000000e+06
6.099999999999999867e-01,4.193672000000000000e+06
6.099999999999999867e-01,4.192981000000000000e+06
6.099999999999999867e-01,4.191647000000000000e+06
6.099999999999999867e-01,4.193022000000000000e+06
6.099999999999999867e-01,4.193509000000000000e+06
6.099999999999999867e-01,4.191119000000000000e+06
6.099999999999999867e-01,4.194511000000000000e+06
6.099999999999999867e-01,4.191120000000000000e+06
6.099999999999999867e-01,4.193652000000000000e+06
6.099999999999999867e-01,4.193405000000000000e+06
6.099999999999999867e-01,4.191818000000000000e+06
6.099999999999999867e-01,4.193485000000000000e+06
6.099999999999999867e-01,4.191269000000000000e+06
6.099999999999999867e-01,4.191113000000000000e+06
6.099999999999999867e-01,4.192376000000000000e+06
6.099999999999999867e-01,4.192338000000000000e+06
6.099999999999999867e-01,4.192406000000000000e+06
6.099999999999999867e-01,4.192690000000000000e+06
6.099999999999999867e-01,4.194144000000000000e+06
6.099999999999999867e-01,4.193590000000000000e+06
6.099999999999999867e-01,4.192692000000000000e+06
6.099999999999999867e-01,4.193206000000000000e+06
6.099999999999999867e-01,4.193864000000000000e+06
6.099999999999999867e-01,4.191613000000000000e+06
6.099999999999999867e-01,4.193768000000000000e+06
6.099999999999999867e-01,4.191626000000000000e+06
6.099999999999999867e-01,4.192056000000000000e+06
6.099999999999999867e-01,4.191988000000000000e+06
6.099999999999999867e-01,4.192685000000000000e+06
6.099999999999999867e-01,4.191904000000000000e+06
6.099999999999999867e-01,4.192258000000000000e+06
6.099999999999999867e-01,4.192105000000000000e+06
6.099999999999999867e-01,4.192219000000000000e+06
6.099999999999999867e-01,4.192494000000000000e+06
6.099999999999999867e-01,4.193400000000000000e+06
6.099999999999999867e-01,4.192844000000000000e+06
6.099999999999999867e-01,4.192786000000000000e+06
6.099999999999999867e-01,4.192597000000000000e+06
6.099999999999999867e-01,4.193027000000000000e+06
6.099999999999999867e-01,4.193623000000000000e+06
6.099999999999999867e-01,4.192301000000000000e+06
6.099999999999999867e-01,4.192859000000000000e+06
6.099999999999999867e-01,4.192431000000000000e+06
6.099999999999999867e-01,4.192580000000000000e+06
6.099999999999999867e-01,4.192125000000000000e+06
6.099999999999999867e-01,4.193119000000000000e+06
6.099999999999999867e-01,4.192795000000000000e+06
6.099999999999999867e-01,4.192020000000000000e+06
6.099999999999999867e-01,4.192295000000000000e+06
6.099999999999999867e-01,4.193516000000000000e+06
6.099999999999999867e-01,4.190616000000000000e+06
6.099999999999999867e-01,4.192087000000000000e+06
6.099999999999999867e-01,4.191876000000000000e+06
6.099999999999999867e-01,4.195003000000000000e+06
6.099999999999999867e-01,4.192481000000000000e+06
6.099999999999999867e-01,4.193674000000000000e+06
6.099999999999999867e-01,4.193063000000000000e+06
6.099999999999999867e-01,4.193021000000000000e+06
6.099999999999999867e-01,4.192760000000000000e+06
6.099999999999999867e-01,4.191406000000000000e+06
6.099999999999999867e-01,4.193940000000000000e+06
6.099999999999999867e-01,4.190586000000000000e+06
6.099999999999999867e-01,4.191267000000000000e+06
6.099999999999999867e-01,4.190876000000000000e+06
6.099999999999999867e-01,4.191584000000000000e+06
6.099999999999999867e-01,4.191564000000000000e+06
6.098999999999999977e-01,4.191342000000000000e+06
6.098999999999999977e-01,4.194270000000000000e+06
6.098999999999999977e-01,4.193156000000000000e+06
6.098999999999999977e-01,4.192899000000000000e+06
6.098999999999999977e-01,4.191888000000000000e+06
6.098999999999999977e-01,4.193394000000000000e+06
6.098999999999999977e-01,4.193698000000000000e+06
6.098999999999999977e-01,4.194209000000000000e+06
6.098999999999999977e-01,4.193078000000000000e+06
6.098999999999999977e-01,4.194019000000000000e+06
6.098999999999999977e-01,4.194563000000000000e+06
6.098999999999999977e-01,4.193005000000000000e+06
6.098999999999999977e-01,4.192626000000000000e+06
6.098999999999999977e-01,4.192724000000000000e+06
6.098999999999999977e-01,4.191433000000000000e+06
6.098999999999999977e-01,4.193678000000000000e+06
6.098999999999999977e-01,4.193258000000000000e+06
6.098999999999999977e-01,4.194647000000000000e+06
6.098999999999999977e-01,4.194442000000000000e+06
6.098999999999999977e-01,4.193364000000000000e+06
6.098999999999999977e-01,4.194203000000000000e+06
6.098999999999999977e-01,4.193966000000000000e+06
6.098999999999999977e-01,4.194463000000000000e+06
6.098999999999999977e-01,4.194647000000000000e+06
6.098999999999999977e-01,4.193806000000000000e+06
6.098999999999999977e-01,4.192134000000000000e+06
6.098999999999999977e-01,4.192303000000000000e+06
6.098999999999999977e-01,4.193914000000000000e+06
6.098999999999999977e-01,4.193040000000000000e+06
6.098999999999999977e-01,4.196534000000000000e+06
6.098999999999999977e-01,4.194279000000000000e+06
6.098999999999999977e-01,4.193005000000000000e+06
6.098999999999999977e-01,4.193392000000000000e+06
6.098999999999999977e-01,4.192399000000000000e+06
6.098999999999999977e-01,4.193775000000000000e+06
6.098999999999999977e-01,4.192957000000000000e+06
6.098999999999999977e-01,4.194455000000000000e+06
6.098999999999999977e-01,4.192819000000000000e+06
6.098999999999999977e-01,4.194048000000000000e+06
6.098999999999999977e-01,4.192871000000000000e+06
6.098999999999999977e-01,4.193509000000000000e+06
6.098999999999999977e-01,4.192580000000000000e+06
6.098999999999999977e-01,4.193108000000000000e+06
6.098999999999999977e-01,4.192988000000000000e+06
6.098999999999999977e-01,4.193692000000000000e+06
6.098999999999999977e-01,4.194662000000000000e+06
6.098999999999999977e-01,4.194544000000000000e+06
6.098999999999999977e-01,4.194132000000000000e+06
6.098999999999999977e-01,4.192437000000000000e+06
6.098999999999999977e-01,4.194539000000000000e+06
6.098999999999999977e-01,4.193159000000000000e+06
6.098999999999999977e-01,4.192760000000000000e+06
6.098999999999999977e-01,4.194295000000000000e+06
6.098999999999999977e-01,4.192956000000000000e+06
6.098999999999999977e-01,4.194356000000000000e+06
6.098999999999999977e-01,4.193974000000000000e+06
6.098999999999999977e-01,4.194126000000000000e+06
6.098999999999999977e-01,4.194170000000000000e+06
6.098999999999999977e-01,4.193159000000000000e+06
6.098999999999999977e-01,4.193575000000000000e+06
6.098999999999999977e-01,4.192509000000000000e+06
6.098999999999999977e-01,4.194697000000000000e+06
6.098999999999999977e-01,4.193540000000000000e+06
6.098999999999999977e-01,4.193562000000000000e+06
6.098999999999999977e-01,4.194371000000000000e+06
6.098999999999999977e-01,4.193783000000000000e+06
6.098999999999999977e-01,4.194479000000000000e+06
6.098999999999999977e-01,4.193407000000000000e+06
6.098999999999999977e-01,4.192778000000000000e+06
6.098999999999999977e-01,4.194137000000000000e+06
6.098999999999999977e-01,4.193951000000000000e+06
6.098999999999999977e-01,4.193567000000000000e+06
6.098999999999999977e-01,4.193899000000000000e+06
6.098999999999999977e-01,4.193431000000000000e+06
6.098999999999999977e-01,4.194437000000000000e+06
6.098999999999999977e-01,4.192452000000000000e+06
6.098999999999999977e-01,4.192770000000000000e+06
6.098999999999999977e-01,4.192797000000000000e+06
6.098999999999999977e-01,4.193825000000000000e+06
6.098999999999999977e-01,4.194350000000000000e+06
6.098999999999999977e-01,4.194066000000000000e+06
6.098999999999999977e-01,4.194738000000000000e+06
6.098999999999999977e-01,4.193828000000000000e+06
6.098999999999999977e-01,4.194749000000000000e+06
6.098999999999999977e-01,4.195444000000000000e+06
6.098999999999999977e-01,4.192536000000000000e+06
6.098999999999999977e-01,4.193883000000000000e+06
6.098999999999999977e-01,4.194383000000000000e+06
6.098999999999999977e-01,4.194349000000000000e+06
6.098999999999999977e-01,4.194015000000000000e+06
6.098999999999999977e-01,4.194115000000000000e+06
6.098999999999999977e-01,4.194084000000000000e+06
6.098999999999999977e-01,4.193152000000000000e+06
6.098999999999999977e-01,4.193021000000000000e+06
6.098999999999999977e-01,4.194293000000000000e+06
6.098999999999999977e-01,4.193054000000000000e+06
6.098999999999999977e-01,4.193584000000000000e+06
6.098999999999999977e-01,4.193764000000000000e+06
6.098999999999999977e-01,4.193598000000000000e+06
6.098999999999999977e-01,4.193599000000000000e+06
6.098999999999999977e-01,4.193541000000000000e+06
6.098999999999999977e-01,4.194640000000000000e+06
6.098999999999999977e-01,4.193166000000000000e+06
6.098999999999999977e-01,4.193254000000000000e+06
6.098999999999999977e-01,4.193783000000000000e+06
6.098999999999999977e-01,4.193669000000000000e+06
6.098999999999999977e-01,4.194868000000000000e+06
6.098999999999999977e-01,4.192940000000000000e+06
6.098999999999999977e-01,4.194354000000000000e+06
6.098999999999999977e-01,4.193945000000000000e+06
6.098999999999999977e-01,4.193123000000000000e+06
6.098000000000000087e-01,4.193242000000000000e+06
6.098000000000000087e-01,4.193893000000000000e+06
6.098000000000000087e-01,4.193384000000000000e+06
6.098000000000000087e-01,4.194165000000000000e+06
6.098000000000000087e-01,4.192141000000000000e+06
6.098000000000000087e-01,4.192150000000000000e+06
6.098000000000000087e-01,4.193888000000000000e+06
6.098000000000000087e-01,4.193247000000000000e+06
6.098000000000000087e-01,4.194528000000000000e+06
6.098000000000000087e-01,4.195006000000000000e+06
6.098000000000000087e-01,4.193829000000000000e+06
6.098000000000000087e-01,4.194272000000000000e+06
6.098000000000000087e-01,4.195587000000000000e+06
6.098000000000000087e-01,4.193191000000000000e+06
6.098000000000000087e-01,4.194051000000000000e+06
6.098000000000000087e-01,4.192673000000000000e+06
6.098000000000000087e-01,4.192908000000000000e+06
6.098000000000000087e-01,4.194000000000000000e+06
6.098000000000000087e-01,4.193971000000000000e+06
6.098000000000000087e-01,4.195594000000000000e+06
6.098000000000000087e-01,4.192546000000000000e+06
6.098000000000000087e-01,4.193799000000000000e+06
6.098000000000000087e-01,4.195994000000000000e+06
6.098000000000000087e-01,4.193137000000000000e+06
6.098000000000000087e-01,4.194042000000000000e+06
6.098000000000000087e-01,4.193597000000000000e+06
6.098000000000000087e-01,4.193462000000000000e+06
6.098000000000000087e-01,4.192430000000000000e+06
6.098000000000000087e-01,4.192966000000000000e+06
6.098000000000000087e-01,4.193339000000000000e+06
6.098000000000000087e-01,4.193210000000000000e+06
6.098000000000000087e-01,4.194289000000000000e+06
6.098000000000000087e-01,4.194248000000000000e+06
6.098000000000000087e-01,4.194002000000000000e+06
6.098000000000000087e-01,4.195174000000000000e+06
6.098000000000000087e-01,4.193768000000000000e+06
6.098000000000000087e-01,4.193861000000000000e+06
6.098000000000000087e-01,4.191471000000000000e+06
6.098000000000000087e-01,4.195876000000000000e+06
6.098000000000000087e-01,4.193380000000000000e+06
6.098000000000000087e-01,4.193412000000000000e+06
6.098000000000000087e-01,4.195410000000000000e+06
6.098000000000000087e-01,4.193155000000000000e+06
6.098000000000000087e-01,4.192797000000000000e+06
6.098000000000000087e-01,4.192246000000000000e+06
6.098000000000000087e-01,4.195460000000000000e+06
6.098000000000000087e-01,4.192177000000000000e+06
6.098000000000000087e-01,4.193670000000000000e+06
6.098000000000000087e-01,4.193262000000000000e+06
6.098000000000000087e-01,4.194059000000000000e+06
6.098000000000000087e-01,4.194647000000000000e+06
6.098000000000000087e-01,4.194476000000000000e+06
6.098000000000000087e-01,4.192993000000000000e+06
6.098000000000000087e-01,4.194925000000000000e+06
6.098000000000000087e-01,4.194300000000000000e+06
6.098000000000000087e-01,4.192993000000000000e+06
6.098000000000000087e-01,4.193405000000000000e+06
6.098000000000000087e-01,4.194735000000000000e+06
6.098000000000000087e-01,4.196337000000000000e+06
6.098000000000000087e-01,4.193011000000000000e+06
6.098000000000000087e-01,4.194675000000000000e+06
6.098000000000000087e-01,4.193805000000000000e+06
6.098000000000000087e-01,4.195556000000000000e+06
6.098000000000000087e-01,4.193148000000000000e+06
6.098000000000000087e-01,4.192566000000000000e+06
6.098000000000000087e-01,4.193543000000000000e+06
6.098000000000000087e-01,4.192553000000000000e+06
6.098000000000000087e-01,4.194169000000000000e+06
6.098000000000000087e-01,4.192819000000000000e+06
6.098000000000000087e-01,4.193477000000000000e+06
6.098000000000000087e-01,4.194619000000000000e+06
6.098000000000000087e-01,4.194666000000000000e+06
6.098000000000000087e-01,4.193595000000000000e+06
6.098000000000000087e-01,4.193515000000000000e+06
6.098000000000000087e-01,4.192895000000000000e+06
6.098000000000000087e-01,4.193792000000000000e+06
6.098000000000000087e-01,4.195702000000000000e+06
6.098000000000000087e-01,4.194787000000000000e+06
6.098000000000000087e-01,4.191617000000000000e+06
6.098000000000000087e-01,4.192310000000000000e+06
6.098000000000000087e-01,4.194222000000000000e+06
6.098000000000000087e-01,4.195049000000000000e+06
6.098000000000000087e-01,4.192817000000000000e+06
6.098000000000000087e-01,4.195005000000000000e+06
6.098000000000000087e-01,4.194851000000000000e+06
6.098000000000000087e-01,4.194069000000000000e+06
6.098000000000000087e-01,4.196287000000000000e+06
6.098000000000000087e-01,4.193120000000000000e+06
6.098000000000000087e-01,4.193397000000000000e+06
6.098000000000000087e-01,4.193902000000000000e+06
6.098000000000000087e-01,4.193643000000000000e+06
6.098000000000000087e-01,4.194248000000000000e+06
6.098000000000000087e-01,4.194642000000000000e+06
6.098000000000000087e-01,4.192998000000000000e+06
6.098000000000000087e-01,4.193622000000000000e+06
6.098000000000000087e-01,4.193284000000000000e+06
6.098000000000000087e-01,4.193591000000000000e+06
6.098000000000000087e-01,4.193133000000000000e+06
6.098000000000000087e-01,4.193593000000000000e+06
6.098000000000000087e-01,4.193942000000000000e+06
6.098000000000000087e-01,4.193211000000000000e+06
6.098000000000000087e-01,4.192658000000000000e+06
6.098000000000000087e-01,4.194882000000000000e+06
6.098000000000000087e-01,4.193790000000000000e+06
6.098000000000000087e-01,4.194247000000000000e+06
6.098000000000000087e-01,4.194026000000000000e+06
6.098000000000000087e-01,4.193081000000000000e+06
6.098000000000000087e-01,4.194357000000000000e+06
6.098000000000000087e-01,4.195066000000000000e+06
6.098000000000000087e-01,4.193689000000000000e+06
6.097000000000000197e-01,4.194321000000000000e+06
6.097000000000000197e-01,4.193865000000000000e+06
6.097000000000000197e-01,4.193249000000000000e+06
6.097000000000000197e-01,4.193542000000000000e+06
6.097000000000000197e-01,4.193599000000000000e+06
6.097000000000000197e-01,4.192940000000000000e+06
6.097000000000000197e-01,4.193398000000000000e+06
6.097000000000000197e-01,4.193284000000000000e+06
6.097000000000000197e-01,4.194897000000000000e+06
6.097000000000000197e-01,4.195916000000000000e+06
6.097000000000000197e-01,4.192544000000000000e+06
6.097000000000000197e-01,4.192596000000000000e+06
6.097000000000000197e-01,4.193058000000000000e+06
6.097000000000000197e-01,4.193711000000000000e+06
6.097000000000000197e-01,4.194076000000000000e+06
6.097000000000000197e-01,4.192789000000000000e+06
6.097000000000000197e-01,4.192663000000000000e+06
6.097000000000000197e-01,4.194299000000000000e+06
6.097000000000000197e-01,4.193374000000000000e+06
6.097000000000000197e-01,4.193390000000000000e+06
6.097000000000000197e-01,4.193992000000000000e+06
6.097000000000000197e-01,4.194544000000000000e+06
6.097000000000000197e-01,4.192572000000000000e+06
6.097000000000000197e-01,4.193442000000000000e+06
6.097000000000000197e-01,4.193219000000000000e+06
6.097000000000000197e-01,4.193957000000000000e+06
6.097000000000000197e-01,4.191776000000000000e+06
6.097000000000000197e-01,4.194050000000000000e+06
6.097000000000000197e-01,4.192916000000000000e+06
6.097000000000000197e-01,4.193352000000000000e+06
6.097000000000000197e-01,4.193895000000000000e+06
6.097000000000000197e-01,4.193309000000000000e+06
6.097000000000000197e-01,4.193345000000000000e+06
6.097000000000000197e-01,4.194447000000000000e+06
6.097000000000000197e-01,4.193405000000000000e+06
6.097000000000000197e-01,4.193307000000000000e+06
6.097000000000000197e-01,4.194224000000000000e+06
6.097000000000000197e-01,4.193609000000000000e+06
6.097000000000000197e-01,4.194048000000000000e+06
6.097000000000000197e-01,4.193248000000000000e+06
6.097000000000000197e-01,4.194129000000000000e+06
6.097000000000000197e-01,4.193984000000000000e+06
6.097000000000000197e-01,4.195353000000000000e+06
6.097000000000000197e-01,4.194352000000000000e+06
6.097000000000000197e-01,4.193428000000000000e+06
6.097000000000000197e-01,4.193964000000000000e+06
6.097000000000000197e-01,4.193959000000000000e+06
6.097000000000000197e-01,4.194107000000000000e+06
6.097000000000000197e-01,4.193737000000000000e+06
6.097000000000000197e-01,4.196181000000000000e+06
6.097000000000000197e-01,4.191862000000000000e+06
6.097000000000000197e-01,4.195091000000000000e+06
6.097000000000000197e-01,4.193106000000000000e+06
6.097000000000000197e-01,4.194589000000000000e+06
6.097000000000000197e-01,4.192868000000000000e+06
6.097000000000000197e-01,4.195788000000000000e+06
6.097000000000000197e-01,4.192911000000000000e+06
6.097000000000000197e-01,4.193617000000000000e+06
6.097000000000000197e-01,4.193778000000000000e+06
6.097000000000000197e-01,4.194777000000000000e+06
6.097000000000000197e-01,4.195951000000000000e+06
6.097000000000000197e-01,4.192647000000000000e+06
6.097000000000000197e-01,4.193437000000000000e+06
6.097000000000000197e-01,4.192842000000000000e+06
6.097000000000000197e-01,4.194351000000000000e+06
6.097000000000000197e-01,4.194493000000000000e+06
6.097000000000000197e-01,4.193908000000000000e+06
6.097000000000000197e-01,4.193696000000000000e+06
6.097000000000000197e-01,4.193875000000000000e+06
6.097000000000000197e-01,4.195278000000000000e+06
6.097000000000000197e-01,4.194535000000000000e+06
6.097000000000000197e-01,4.191823000000000000e+06
6.097000000000000197e-01,4.193808000000000000e+06
6.097000000000000197e-01,4.193909000000000000e+06
6.097000000000000197e-01,4.195120000000000000e+06
6.097000000000000197e-01,4.194417000000000000e+06
6.097000000000000197e-01,4.193953000000000000e+06
6.097000000000000197e-01,4.193941000000000000e+06
6.097000000000000197e-01,4.193046000000000000e+06
6.097000000000000197e-01,4.194124000000000000e+06
6.097000000000000197e-01,4.194048000000000000e+06
6.097000000000000197e-01,4.192792000000000000e+06
6.097000000000000197e-01,4.194208000000000000e+06
6.097000000000000197e-01,4.194471000000000000e+06
6.097000000000000197e-01,4.193550000000000000e+06
6.097000000000000197e-01,4.194628000000000000e+06
6.097000000000000197e-01,4.194835000000000000e+06
6.097000000000000197e-01,4.192791000000000000e+06
6.097000000000000197e-01,4.192736000000000000e+06
6.097000000000000197e-01,4.193563000000000000e+06
6.097000000000000197e-01,4.193966000000000000e+06
6.097000000000000197e-01,4.192419000000000000e+06
6.097000000000000197e-01,4.193984000000000000e+06
6.097000000000000197e-01,4.194586000000000000e+06
6.097000000000000197e-01,4.191949000000000000e+06
6.097000000000000197e-01,4.194174000000000000e+06
6.097000000000000197e-01,4.195806000000000000e+06
6.097000000000000197e-01,4.191981000000000000e+06
6.097000000000000197e-01,4.195332000000000000e+06
6.097000000000000197e-01,4.193787000000000000e+06
6.096000000000000307e-01,4.194486000000000000e+06
6.096000000000000307e-01,4.193290000000000000e+06
6.096000000000000307e-01,4.193794000000000000e+06
6.096000000000000307e-01,4.193627000000000000e+06
6.096000000000000307e-01,4.193898000000000000e+06
6.096000000000000307e-01,4.194741000000000000e+06
6.096000000000000307e-01,4.194549000000000000e+06
6.096000000000000307e-01,4.193470000000000000e+06
6.096000000000000307e-01,4.193820000000000000e+06
6.096000000000000307e-01,4.193962000000000000e+06
6.096000000000000307e-01,4.194403000000000000e+06
6.096000000000000307e-01,4.193339000000000000e+06
6.096000000000000307e-01,4.193193000000000000e+06
6.096000000000000307e-01,4.193685000000000000e+06
6.096000000000000307e-01,4.193080000000000000e+06
6.096000000000000307e-01,4.192990000000000000e+06
6.096000000000000307e-01,4.193321000000000000e+06
6.096000000000000307e-01,4.193740000000000000e+06
6.096000000000000307e-01,4.195086000000000000e+06
6.096000000000000307e-01,4.193650000000000000e+06
6.096000000000000307e-01,4.194262000000000000e+06
6.096000000000000307e-01,4.194858000000000000e+06
6.096000000000000307e-01,4.193536000000000000e+06
6.096000000000000307e-01,4.194925000000000000e+06
6.096000000000000307e-01,4.195828000000000000e+06
6.096000000000000307e-01,4.194682000000000000e+06
6.096000000000000307e-01,4.192959000000000000e+06
6.096000000000000307e-01,4.193296000000000000e+06
6.096000000000000307e-01,4.195155000000000000e+06
6.096000000000000307e-01,4.194988000000000000e+06
6.096000000000000307e-01,4.194501000000000000e+06
6.096000000000000307e-01,4.194281000000000000e+06
6.096000000000000307e-01,4.194786000000000000e+06
6.096000000000000307e-01,4.193901000000000000e+06
6.096000000000000307e-01,4.195493000000000000e+06
6.096000000000000307e-01,4.194847000000000000e+06
6.096000000000000307e-01,4.194296000000000000e+06
6.096000000000000307e-01,4.196228000000000000e+06
6.096000000000000307e-01,4.194553000000000000e+06
6.096000000000000307e-01,4.194716000000000000e+06
6.096000000000000307e-01,4.192176000000000000e+06
6.096000000000000307e-01,4.192428000000000000e+06
6.096000000000000307e-01,4.193536000000000000e+06
6.096000000000000307e-01,4.194486000000000000e+06
6.096000000000000307e-01,4.193788000000000000e+06
6.096000000000000307e-01,4.193999000000000000e+06
6.096000000000000307e-01,4.194637000000000000e+06
6.096000000000000307e-01,4.194052000000000000e+06
6.096000000000000307e-01,4.193841000000000000e+06
6.096000000000000307e-01,4.192817000000000000e+06
6.096000000000000307e-01,4.194920000000000000e+06
6.096000000000000307e-01,4.192460000000000000e+06
6.096000000000000307e-01,4.194368000000000000e+06
6.096000000000000307e-01,4.194444000000000000e+06
6.096000000000000307e-01,4.194189000000000000e+06
6.096000000000000307e-01,4.192144000000000000e+06
6.096000000000000307e-01,4.193140000000000000e+06
6.096000000000000307e-01,4.197118000000000000e+06
6.096000000000000307e-01,4.193610000000000000e+06
6.096000000000000307e-01,4.193721000000000000e+06
6.096000000000000307e-01,4.194373000000000000e+06
6.096000000000000307e-01,4.193240000000000000e+06
6.096000000000000307e-01,4.194215000000000000e+06
6.096000000000000307e-01,4.195481000000000000e+06
6.096000000000000307e-01,4.194606000000000000e+06
6.096000000000000307e-01,4.193886000000000000e+06
6.096000000000000307e-01,4.193236000000000000e+06
6.096000000000000307e-01,4.193778000000000000e+06
6.096000000000000307e-01,4.194895000000000000e+06
6.096000000000000307e-01,4.193937000000000000e+06
6.096000000000000307e-01,4.195807000000000000e+06
6.096000000000000307e-01,4.192514000000000000e+06
6.096000000000000307e-01,4.194847000000000000e+06
6.096000000000000307e-01,4.193849000000000000e+06
6.096000000000000307e-01,4.193386000000000000e+06
6.096000000000000307e-01,4.194996000000000000e+06
6.096000000000000307e-01,4.193271000000000000e+06
6.096000000000000307e-01,4.193666000000000000e+06
6.096000000000000307e-01,4.192928000000000000e+06
6.096000000000000307e-01,4.193627000000000000e+06
6.096000000000000307e-01,4.196558000000000000e+06
6.096000000000000307e-01,4.194042000000000000e+06
6.096000000000000307e-01,4.194764000000000000e+06
6.096000000000000307e-01,4.195296000000000000e+06
6.096000000000000307e-01,4.195898000000000000e+06
6.096000000000000307e-01,4.194340000000000000e+06
6.096000000000000307e-01,4.195269000000000000e+06
6.096000000000000307e-01,4.194575000000000000e+06
6.096000000000000307e-01,4.193880000000000000e+06
6.096000000000000307e-01,4.194310000000000000e+06
6.096000000000000307e-01,4.191452000000000000e+06
6.096000000000000307e-01,4.193900000000000000e+06
6.096000000000000307e-01,4.194309000000000000e+06
6.096000000000000307e-01,4.195817000000000000e+06
6.096000000000000307e-01,4.193126000000000000e+06
6.096000000000000307e-01,4.194671000000000000e+06
6.096000000000000307e-01,4.194266000000000000e+06
6.096000000000000307e-01,4.191176000000000000e+06
6.096000000000000307e-01,4.193241000000000000e+06
6.096000000000000307e-01,4.194696000000000000e+06
6.096000000000000307e-01,4.194211000000000000e+06
6.096000000000000307e-01,4.195033000000000000e+06
6.096000000000000307e-01,4.192669000000000000e+06
6.096000000000000307e-01,4.192508000000000000e+06
6.096000000000000307e-01,4.195736000000000000e+06
6.096000000000000307e-01,4.193736000000000000e+06
6.096000000000000307e-01,4.194556000000000000e+06
6.096000000000000307e-01,4.193210000000000000e+06
6.096000000000000307e-01,4.195032000000000000e+06
6.095000000000000417e-01,4.192284000000000000e+06
6.095000000000000417e-01,4.194780000000000000e+06
6.095000000000000417e-01,4.193454000000000000e+06
6.095000000000000417e-01,4.194710000000000000e+06
6.095000000000000417e-01,4.194003000000000000e+06
6.095000000000000417e-01,4.194542000000000000e+06
6.095000000000000417e-01,4.193352000000000000e+06
6.095000000000000417e-01,4.194935000000000000e+06
6.095000000000000417e-01,4.194156000000000000e+06
6.095000000000000417e-01,4.194807000000000000e+06
6.095000000000000417e-01,4.195050000000000000e+06
6.095000000000000417e-01,4.192556000000000000e+06
6.095000000000000417e-01,4.194222000000000000e+06
6.095000000000000417e-01,4.193790000000000000e+06
6.095000000000000417e-01,4.193524000000000000e+06
6.095000000000000417e-01,4.193286000000000000e+06
6.095000000000000417e-01,4.195068000000000000e+06
6.095000000000000417e-01,4.194835000000000000e+06
6.095000000000000417e-01,4.194063000000000000e+06
6.095000000000000417e-01,4.194294000000000000e+06
6.095000000000000417e-01,4.195983000000000000e+06
6.095000000000000417e-01,4.195527000000000000e+06
6.095000000000000417e-01,4.195126000000000000e+06
6.095000000000000417e-01,4.194835000000000000e+06
6.095000000000000417e-01,4.194600000000000000e+06
6.095000000000000417e-01,4.193589000000000000e+06
6.095000000000000417e-01,4.195451000000000000e+06
6.095000000000000417e-01,4.194608000000000000e+06
6.095000000000000417e-01,4.193429000000000000e+06
6.095000000000000417e-01,4.195712000000000000e+06
6.095000000000000417e-01,4.195792000000000000e+06
6.095000000000000417e-01,4.195746000000000000e+06
6.095000000000000417e-01,4.195601000000000000e+06
6.095000000000000417e-01,4.193751000000000000e+06
6.095000000000000417e-01,4.193826000000000000e+06
6.095000000000000417e-01,4.193130000000000000e+06
6.095000000000000417e-01,4.194045000000000000e+06
6.095000000000000417e-01,4.193525000000000000e+06
6.095000000000000417e-01,4.197252000000000000e+06
6.095000000000000417e-01,4.193467000000000000e+06
6.095000000000000417e-01,4.195253000000000000e+06
6.095000000000000417e-01,4.194702000000000000e+06
6.095000000000000417e-01,4.193577000000000000e+06
6.095000000000000417e-01,4.194361000000000000e+06
6.095000000000000417e-01,4.194729000000000000e+06
6.095000000000000417e-01,4.194108000000000000e+06
6.095000000000000417e-01,4.194593000000000000e+06
6.095000000000000417e-01,4.193095000000000000e+06
6.095000000000000417e-01,4.195310000000000000e+06
6.095000000000000417e-01,4.194778000000000000e+06
6.095000000000000417e-01,4.193681000000000000e+06
6.095000000000000417e-01,4.195172000000000000e+06
6.095000000000000417e-01,4.192980000000000000e+06
6.095000000000000417e-01,4.194688000000000000e+06
6.095000000000000417e-01,4.193282000000000000e+06
6.095000000000000417e-01,4.194694000000000000e+06
6.095000000000000417e-01,4.194850000000000000e+06
6.095000000000000417e-01,4.194151000000000000e+06
6.095000000000000417e-01,4.194011000000000000e+06
6.095000000000000417e-01,4.194778000000000000e+06
6.095000000000000417e-01,4.195825000000000000e+06
6.095000000000000417e-01,4.194971000000000000e+06
6.095000000000000417e-01,4.195014000000000000e+06
6.095000000000000417e-01,4.194809000000000000e+06
6.095000000000000417e-01,4.195310000000000000e+06
6.095000000000000417e-01,4.194647000000000000e+06
6.095000000000000417e-01,4.194595000000000000e+06
6.095000000000000417e-01,4.194098000000000000e+06
6.095000000000000417e-01,4.193401000000000000e+06
6.095000000000000417e-01,4.193442000000000000e+06
6.095000000000000417e-01,4.193825000000000000e+06
6.095000000000000417e-01,4.194356000000000000e+06
6.095000000000000417e-01,4.194050000000000000e+06
6.095000000000000417e-01,4.194606000000000000e+06
6.095000000000000417e-01,4.191710000000000000e+06
6.095000000000000417e-01,4.195528000000000000e+06
6.095000000000000417e-01,4.195759000000000000e+06
6.095000000000000417e-01,4.193637000000000000e+06
6.095000000000000417e-01,4.194160000000000000e+06
6.095000000000000417e-01,4.195439000000000000e+06
6.095000000000000417e-01,4.194722000000000000e+06
6.095000000000000417e-01,4.196162000000000000e+06
6.095000000000000417e-01,4.195535000000000000e+06
6.095000000000000417e-01,4.194398000000000000e+06
6.095000000000000417e-01,4.194444000000000000e+06
6.095000000000000417e-01,4.195531000000000000e+06
6.095000000000000417e-01,4.195053000000000000e+06
6.095000000000000417e-01,4.191498000000000000e+06
6.095000000000000417e-01,4.194053000000000000e+06
6.095000000000000417e-01,4.194914000000000000e+06
6.095000000000000417e-01,4.194565000000000000e+06
6.095000000000000417e-01,4.194600000000000000e+06
6.095000000000000417e-01,4.195652000000000000e+06
6.095000000000000417e-01,4.194293000000000000e+06
6.095000000000000417e-01,4.196126000000000000e+06
6.095000000000000417e-01,4.194927000000000000e+06
6.095000000000000417e-01,4.193407000000000000e+06
6.095000000000000417e-01,4.192882000000000000e+06
6.095000000000000417e-01,4.193964000000000000e+06
6.095000000000000417e-01,4.194090000000000000e+06
6.095000000000000417e-01,4.195410000000000000e+06
6.095000000000000417e-01,4.193877000000000000e+06
6.095000000000000417e-01,4.192540000000000000e+06
6.095000000000000417e-01,4.193376000000000000e+06
6.094000000000000528e-01,4.192714000000000000e+06
6.094000000000000528e-01,4.192901000000000000e+06
6.094000000000000528e-01,4.193861000000000000e+06
6.094000000000000528e-01,4.192771000000000000e+06
6.094000000000000528e-01,4.195470000000000000e+06
6.094000000000000528e-01,4.194887000000000000e+06
6.094000000000000528e-01,4.194139000000000000e+06
6.094000000000000528e-01,4.193454000000000000e+06
6.094000000000000528e-01,4.194227000000000000e+06
6.094000000000000528e-01,4.192826000000000000e+06
6.094000000000000528e-01,4.194413000000000000e+06
6.094000000000000528e-01,4.195472000000000000e+06
6.094000000000000528e-01,4.194585000000000000e+06
6.094000000000000528e-01,4.193292000000000000e+06
6.094000000000000528e-01,4.195737000000000000e+06
6.094000000000000528e-01,4.193578000000000000e+06
6.094000000000000528e-01,4.192742000000000000e+06
6.094000000000000528e-01,4.193416000000000000e+06
6.094000000000000528e-01,4.195175000000000000e+06
6.094000000000000528e-01,4.195623000000000000e+06
6.094000000000000528e-01,4.194907000000000000e+06
6.094000000000000528e-01,4.193712000000000000e+06
6.094000000000000528e-01,4.194909000000000000e+06
6.094000000000000528e-01,4.194073000000000000e+06
6.094000000000000528e-01,4.194798000000000000e+06
6.094000000000000528e-01,4.194657000000000000e+06
6.094000000000000528e-01,4.193767000000000000e+06
6.094000000000000528e-01,4.194302000000000000e+06
6.094000000000000528e-01,4.193749000000000000e+06
6.094000000000000528e-01,4.193860000000000000e+06
6.094000000000000528e-01,4.194017000000000000e+06
6.094000000000000528e-01,4.193959000000000000e+06
6.094000000000000528e-01,4.194109000000000000e+06
6.094000000000000528e-01,4.193792000000000000e+06
6.094000000000000528e-01,4.195318000000000000e+06
6.094000000000000528e-01,4.195087000000000000e+06
6.094000000000000528e-01,4.195300000000000000e+06
6.094000000000000528e-01,4.194178000000000000e+06
6.094000000000000528e-01,4.192304000000000000e+06
6.094000000000000528e-01,4.195108000000000000e+06
6.094000000000000528e-01,4.193701000000000000e+06
6.094000000000000528e-01,4.194882000000000000e+06
6.094000000000000528e-01,4.193929000000000000e+06
6.094000000000000528e-01,4.194116000000000000e+06
6.094000000000000528e-01,4.194553000000000000e+06
6.094000000000000528e-01,4.194850000000000000e+06
6.094000000000000528e-01,4.192580000000000000e+06
6.094000000000000528e-01,4.191895000000000000e+06
6.094000000000000528e-01,4.194357000000000000e+06
6.094000000000000528e-01,4.194134000000000000e+06
6.094000000000000528e-01,4.194099000000000000e+06
6.094000000000000528e-01,4.193480000000000000e+06
6.094000000000000528e-01,4.193655000000000000e+06
6.094000000000000528e-01,4.194359000000000000e+06
6.094000000000000528e-01,4.193367000000000000e+06
6.094000000000000528e-01,4.195087000000000000e+06
6.094000000000000528e-01,4.194114000000000000e+06
6.094000000000000528e-01,4.195016000000000000e+06
6.094000000000000528e-01,4.193973000000000000e+06
6.094000000000000528e-01,4.195494000000000000e+06
6.094000000000000528e-01,4.194730000000000000e+06
6.094000000000000528e-01,4.196878000000000000e+06
6.094000000000000528e-01,4.192546000000000000e+06
6.094000000000000528e-01,4.194965000000000000e+06
6.094000000000000528e-01,4.193029000000000000e+06
6.094000000000000528e-01,4.194579000000000000e+06
6.094000000000000528e-01,4.194682000000000000e+06
6.094000000000000528e-01,4.196719000000000000e+06
6.094000000000000528e-01,4.193452000000000000e+06
6.094000000000000528e-01,4.191849000000000000e+06
6.094000000000000528e-01,4.193311000000000000e+06
6.094000000000000528e-01,4.192792000000000000e+06
6.094000000000000528e-01,4.192823000000000000e+06
6.094000000000000528e-01,4.194653000000000000e+06
6.094000000000000528e-01,4.193929000000000000e+06
6.094000000000000528e-01,4.195393000000000000e+06
6.094000000000000528e-01,4.193980000000000000e+06
6.094000000000000528e-01,4.195265000000000000e+06
6.094000000000000528e-01,4.195028000000000000e+06
6.094000000000000528e-01,4.194675000000000000e+06
6.094000000000000528e-01,4.193297000000000000e+06
6.094000000000000528e-01,4.194892000000000000e+06
6.094000000000000528e-01,4.194079000000000000e+06
6.094000000000000528e-01,4.194143000000000000e+06
6.094000000000000528e-01,4.192909000000000000e+06
6.094000000000000528e-01,4.192493000000000000e+06
6.094000000000000528e-01,4.193767000000000000e+06
6.094000000000000528e-01,4.193476000000000000e+06
6.094000000000000528e-01,4.194544000000000000e+06
6.094000000000000528e-01,4.194097000000000000e+06
6.094000000000000528e-01,4.195746000000000000e+06
6.094000000000000528e-01,4.193933000000000000e+06
6.094000000000000528e-01,4.193741000000000000e+06
6.094000000000000528e-01,4.192895000000000000e+06
6.094000000000000528e-01,4.194716000000000000e+06
6.094000000000000528e-01,4.196650000000000000e+06
6.094000000000000528e-01,4.193716000000000000e+06
6.094000000000000528e-01,4.193470000000000000e+06
6.094000000000000528e-01,4.194103000000000000e+06
6.094000000000000528e-01,4.193015000000000000e+06
6.094000000000000528e-01,4.194734000000000000e+06
6.094000000000000528e-01,4.193630000000000000e+06
6.094000000000000528e-01,4.193356000000000000e+06
6.094000000000000528e-01,4.195285000000000000e+06
6.094000000000000528e-01,4.193980000000000000e+06
6.094000000000000528e-01,4.194959000000000000e+06
6.094000000000000528e-01,4.193584000000000000e+06
6.094000000000000528e-01,4.192961000000000000e+06
6.094000000000000528e-01,4.194166000000000000e+06
6.094000000000000528e-01,4.193554000000000000e+06
6.094000000000000528e-01,4.193956000000000000e+06
6.093000000000000638e-01,4.194014000000000000e+06
6.093000000000000638e-01,4.193694000000000000e+06
6.093000000000000638e-01,4.195072000000000000e+06
6.093000000000000638e-01,4.194288000000000000e+06
6.093000000000000638e-01,4.195006000000000000e+06
6.093000000000000638e-01,4.194091000000000000e+06
6.093000000000000638e-01,4.193977000000000000e+06
6.093000000000000638e-01,4.192762000000000000e+06
6.093000000000000638e-01,4.194627000000000000e+06
6.093000000000000638e-01,4.195119000000000000e+06
6.093000000000000638e-01,4.193806000000000000e+06
6.093000000000000638e-01,4.195056000000000000e+06
6.093000000000000638e-01,4.193191000000000000e+06
6.093000000000000638e-01,4.193572000000000000e+06
6.093000000000000638e-01,4.194492000000000000e+06
6.093000000000000638e-01,4.196385000000000000e+06
6.093000000000000638e-01,4.195359000000000000e+06
6.093000000000000638e-01,4.193568000000000000e+06
6.093000000000000638e-01,4.194238000000000000e+06
6.093000000000000638e-01,4.194699000000000000e+06
6.093000000000000638e-01,4.195203000000000000e+06
6.093000000000000638e-01,4.193824000000000000e+06
6.093000000000000638e-01,4.192401000000000000e+06
6.093000000000000638e-01,4.195293000000000000e+06
6.093000000000000638e-01,4.193746000000000000e+06
6.093000000000000638e-01,4.193366000000000000e+06
6.093000000000000638e-01,4.194566000000000000e+06
6.093000000000000638e-01,4.194153000000000000e+06
6.093000000000000638e-01,4.194841000000000000e+06
6.093000000000000638e-01,4.195818000000000000e+06
6.093000000000000638e-01,4.193633000000000000e+06
6.093000000000000638e-01,4.192696000000000000e+06
6.093000000000000638e-01,4.193466000000000000e+06
6.093000000000000638e-01,4.194357000000000000e+06
6.093000000000000638e-01,4.193669000000000000e+06
6.093000000000000638e-01,4.194203000000000000e+06
6.093000000000000638e-01,4.194685000000000000e+06
6.093000000000000638e-01,4.195541000000000000e+06
6.093000000000000638e-01,4.194229000000000000e+06
6.093000000000000638e-01,4.197299000000000000e+06
6.093000000000000638e-01,4.194639000000000000e+06
6.093000000000000638e-01,4.196432000000000000e+06
6.093000000000000638e-01,4.196021000000000000e+06
6.093000000000000638e-01,4.194568000000000000e+06
6.093000000000000638e-01,4.193928000000000000e+06
6.093000000000000638e-01,4.193563000000000000e+06
6.093000000000000638e-01,4.195427000000000000e+06
6.093000000000000638e-01,4.191609000000000000e+06
6.093000000000000638e-01,4.194556000000000000e+06
6.093000000000000638e-01,4.194079000000000000e+06
6.093000000000000638e-01,4.195438000000000000e+06
6.093000000000000638e-01,4.194418000000000000e+06
6.093000000000000638e-01,4.195775000000000000e+06
6.093000000000000638e-01,4.195484000000000000e+06
6.093000000000000638e-01,4.194873000000000000e+06
6.093000000000000638e-01,4.194281000000000000e+06
6.093000000000000638e-01,4.195114000000000000e+06
6.093000000000000638e-01,4.194852000000000000e+06
6.093000000000000638e-01,4.195407000000000000e+06
6.093000000000000638e-01,4.193916000000000000e+06
6.093000000000000638e-01,4.193737000000000000e+06
6.093000000000000638e-01,4.192127000000000000e+06
6.093000000000000638e-01,4.194184000000000000e+06
6.093000000000000638e-01,4.194159000000000000e+06
6.093000000000000638e-01,4.194539000000000000e+06
6.093000000000000638e-01,4.192765000000000000e+06
6.093000000000000638e-01,4.193560000000000000e+06
6.093000000000000638e-01,4.194962000000000000e+06
6.093000000000000638e-01,4.194087000000000000e+06
6.093000000000000638e-01,4.193713000000000000e+06
6.093000000000000638e-01,4.196296000000000000e+06
6.093000000000000638e-01,4.193272000000000000e+06
6.093000000000000638e-01,4.194345000000000000e+06
6.093000000000000638e-01,4.193417000000000000e+06
6.093000000000000638e-01,4.194831000000000000e+06
6.093000000000000638e-01,4.192404000000000000e+06
6.093000000000000638e-01,4.193842000000000000e+06
6.093000000000000638e-01,4.194884000000000000e+06
6.093000000000000638e-01,4.196279000000000000e+06
6.093000000000000638e-01,4.194365000000000000e+06
6.093000000000000638e-01,4.194403000000000000e+06
6.093000000000000638e-01,4.195593000000000000e+06
6.093000000000000638e-01,4.194774000000000000e+06
6.093000000000000638e-01,4.194648000000000000e+06
6.093000000000000638e-01,4.194553000000000000e+06
6.093000000000000638e-01,4.194558000000000000e+06
6.093000000000000638e-01,4.197020000000000000e+06
6.093000000000000638e-01,4.193910000000000000e+06
6.093000000000000638e-01,4.193890000000000000e+06
6.093000000000000638e-01,4.194612000000000000e+06
6.093000000000000638e-01,4.195161000000000000e+06
6.093000000000000638e-01,4.192834000000000000e+06
6.093000000000000638e-01,4.195414000000000000e+06
6.093000000000000638e-01,4.196019000000000000e+06
6.093000000000000638e-01,4.193414000000000000e+06
6.093000000000000638e-01,4.195970000000000000e+06
6.093000000000000638e-01,4.193630000000000000e+06
6.093000000000000638e-01,4.194346000000000000e+06
6.093000000000000638e-01,4.195599000000000000e+06
6.093000000000000638e-01,4.197482000000000000e+06
6.093000000000000638e-01,4.194932000000000000e+06
6.093000000000000638e-01,4.195401000000000000e+06
6.093000000000000638e-01,4.194515000000000000e+06
6.093000000000000638e-01,4.196086000000000000e+06
6.093000000000000638e-01,4.195267000000000000e+06
6.093000000000000638e-01,4.194429000000000000e+06
6.093000000000000638e-01,4.194428000000000000e+06
6.093000000000000638e-01,4.194585000000000000e+06
6.093000000000000638e-01,4.196242000000000000e+06
6.093000000000000638e-01,4.194855000000000000e+06
6.093000000000000638e-01,4.194884000000000000e+06
6.093000000000000638e-01,4.194389000000000000e+06
6.093000000000000638e-01,4.194028000000000000e+06
6.093000000000000638e-01,4.194548000000000000e+06
6.093000000000000638e-01,4.196275000000000000e+06
6.093000000000000638e-01,4.192957000000000000e+06
6.093000000000000638e-01,4.193459000000000000e+06
6.093000000000000638e-01,4.193362000000000000e+06
