paper,capacitance
1.000000000000000000e+01,1.458899900000000000e+07
1.000000000000000000e+01,1.459311000000000000e+07
1.000000000000000000e+01,1.460797200000000000e+07
1.000000000000000000e+01,1.458670100000000000e+07
1.000000000000000000e+01,1.459703500000000000e+07
1.000000000000000000e+01,1.459203000000000000e+07
1.000000000000000000e+01,1.459960200000000000e+07
1.000000000000000000e+01,1.458706700000000000e+07
1.000000000000000000e+01,1.460614900000000000e+07
1.000000000000000000e+01,1.460107500000000000e+07
1.000000000000000000e+01,1.460206400000000000e+07
1.000000000000000000e+01,1.460600400000000000e+07
1.000000000000000000e+01,1.459890000000000000e+07
1.000000000000000000e+01,1.460037300000000000e+07
1.000000000000000000e+01,1.459751900000000000e+07
1.000000000000000000e+01,1.460759500000000000e+07
1.000000000000000000e+01,1.461132100000000000e+07
1.000000000000000000e+01,1.460713400000000000e+07
1.000000000000000000e+01,1.460537500000000000e+07
1.000000000000000000e+01,1.461054400000000000e+07
1.000000000000000000e+01,1.461981100000000000e+07
1.000000000000000000e+01,1.463049800000000000e+07
1.000000000000000000e+01,1.461546100000000000e+07
1.000000000000000000e+01,1.462516700000000000e+07
1.000000000000000000e+01,1.462084100000000000e+07
1.000000000000000000e+01,1.461953900000000000e+07
1.000000000000000000e+01,1.461413300000000000e+07
1.000000000000000000e+01,1.462708200000000000e+07
1.000000000000000000e+01,1.462110800000000000e+07
1.000000000000000000e+01,1.462277300000000000e+07
1.000000000000000000e+01,1.463411000000000000e+07
1.000000000000000000e+01,1.462597300000000000e+07
1.000000000000000000e+01,1.463296400000000000e+07
1.000000000000000000e+01,1.462078400000000000e+07
1.000000000000000000e+01,1.463303300000000000e+07
1.000000000000000000e+01,1.462850900000000000e+07
1.000000000000000000e+01,1.462412200000000000e+07
1.000000000000000000e+01,1.461901000000000000e+07
1.000000000000000000e+01,1.462126900000000000e+07
1.000000000000000000e+01,1.463920600000000000e+07
1.000000000000000000e+01,1.464562300000000000e+07
1.000000000000000000e+01,1.464220200000000000e+07
1.000000000000000000e+01,1.463879900000000000e+07
1.000000000000000000e+01,1.463389500000000000e+07
1.000000000000000000e+01,1.465036200000000000e+07
1.000000000000000000e+01,1.463521300000000000e+07
1.000000000000000000e+01,1.465400700000000000e+07
1.000000000000000000e+01,1.465523300000000000e+07
1.000000000000000000e+01,1.463748800000000000e+07
1.000000000000000000e+01,1.464937600000000000e+07
1.000000000000000000e+01,1.463304800000000000e+07
1.000000000000000000e+01,1.464614300000000000e+07
1.000000000000000000e+01,1.464088100000000000e+07
1.000000000000000000e+01,1.465413600000000000e+07
1.000000000000000000e+01,1.465463700000000000e+07
1.000000000000000000e+01,1.465250400000000000e+07
1.000000000000000000e+01,1.465568600000000000e+07
1.000000000000000000e+01,1.464408100000000000e+07
1.000000000000000000e+01,1.464240000000000000e+07
1.000000000000000000e+01,1.465231100000000000e+07
1.000000000000000000e+01,1.465467700000000000e+07
1.000000000000000000e+01,1.466527400000000000e+07
1.000000000000000000e+01,1.465862200000000000e+07
1.000000000000000000e+01,1.466229100000000000e+07
1.000000000000000000e+01,1.464420900000000000e+07
1.000000000000000000e+01,1.464954200000000000e+07
1.000000000000000000e+01,1.465497400000000000e+07
1.000000000000000000e+01,1.466935600000000000e+07
1.000000000000000000e+01,1.467520900000000000e+07
1.000000000000000000e+01,1.466141500000000000e+07
1.000000000000000000e+01,1.466160200000000000e+07
1.000000000000000000e+01,1.466612500000000000e+07
1.000000000000000000e+01,1.465876400000000000e+07
1.000000000000000000e+01,1.465590200000000000e+07
1.000000000000000000e+01,1.467121200000000000e+07
1.000000000000000000e+01,1.467411300000000000e+07
1.000000000000000000e+01,1.467857900000000000e+07
1.000000000000000000e+01,1.466730700000000000e+07
1.000000000000000000e+01,1.467140400000000000e+07
1.000000000000000000e+01,1.466673200000000000e+07
1.000000000000000000e+01,1.467997400000000000e+07
1.000000000000000000e+01,1.467731100000000000e+07
1.000000000000000000e+01,1.466387700000000000e+07
1.000000000000000000e+01,1.467810400000000000e+07
1.000000000000000000e+01,1.468052900000000000e+07
1.000000000000000000e+01,1.467500400000000000e+07
1.000000000000000000e+01,1.468198200000000000e+07
1.000000000000000000e+01,1.467489500000000000e+07
1.000000000000000000e+01,1.467020100000000000e+07
1.000000000000000000e+01,1.468309300000000000e+07
1.000000000000000000e+01,1.468358500000000000e+07
1.000000000000000000e+01,1.468696300000000000e+07
1.000000000000000000e+01,1.466737900000000000e+07
1.000000000000000000e+01,1.467926200000000000e+07
1.000000000000000000e+01,1.468612000000000000e+07
1.000000000000000000e+01,1.467498100000000000e+07
1.000000000000000000e+01,1.469522500000000000e+07
1.000000000000000000e+01,1.468980100000000000e+07
1.000000000000000000e+01,1.468766300000000000e+07
1.000000000000000000e+01,1.468562700000000000e+07
1.100000000000000000e+01,1.514915000000000000e+07
1.100000000000000000e+01,1.515405400000000000e+07
1.100000000000000000e+01,1.516645100000000000e+07
1.100000000000000000e+01,1.515500500000000000e+07
1.100000000000000000e+01,1.515284900000000000e+07
1.100000000000000000e+01,1.514416700000000000e+07
1.100000000000000000e+01,1.516081600000000000e+07
1.100000000000000000e+01,1.515469500000000000e+07
1.100000000000000000e+01,1.514688000000000000e+07
1.100000000000000000e+01,1.515635300000000000e+07
1.100000000000000000e+01,1.515179900000000000e+07
1.100000000000000000e+01,1.516339200000000000e+07
1.100000000000000000e+01,1.516101400000000000e+07
1.100000000000000000e+01,1.516606800000000000e+07
1.100000000000000000e+01,1.514933600000000000e+07
1.100000000000000000e+01,1.516061400000000000e+07
1.100000000000000000e+01,1.517201500000000000e+07
1.100000000000000000e+01,1.516848000000000000e+07
1.100000000000000000e+01,1.516370300000000000e+07
1.100000000000000000e+01,1.515533000000000000e+07
1.100000000000000000e+01,1.516667300000000000e+07
1.100000000000000000e+01,1.515294400000000000e+07
1.100000000000000000e+01,1.516200500000000000e+07
1.100000000000000000e+01,1.516142900000000000e+07
1.100000000000000000e+01,1.517581000000000000e+07
1.100000000000000000e+01,1.514895100000000000e+07
1.100000000000000000e+01,1.515378200000000000e+07
1.100000000000000000e+01,1.516206900000000000e+07
1.100000000000000000e+01,1.516264700000000000e+07
1.100000000000000000e+01,1.515920200000000000e+07
1.100000000000000000e+01,1.516342400000000000e+07
1.100000000000000000e+01,1.517080400000000000e+07
1.100000000000000000e+01,1.515635500000000000e+07
1.100000000000000000e+01,1.515881700000000000e+07
1.100000000000000000e+01,1.516870100000000000e+07
1.100000000000000000e+01,1.516073600000000000e+07
1.100000000000000000e+01,1.516267600000000000e+07
1.100000000000000000e+01,1.516251400000000000e+07
1.100000000000000000e+01,1.517036900000000000e+07
1.100000000000000000e+01,1.516780000000000000e+07
1.100000000000000000e+01,1.516739000000000000e+07
1.100000000000000000e+01,1.516280100000000000e+07
1.100000000000000000e+01,1.516466900000000000e+07
1.100000000000000000e+01,1.516622200000000000e+07
1.100000000000000000e+01,1.516920300000000000e+07
1.100000000000000000e+01,1.516727200000000000e+07
1.100000000000000000e+01,1.516586100000000000e+07
1.100000000000000000e+01,1.516980200000000000e+07
1.100000000000000000e+01,1.516861600000000000e+07
1.100000000000000000e+01,1.517074500000000000e+07
1.100000000000000000e+01,1.515421100000000000e+07
1.100000000000000000e+01,1.515659100000000000e+07
1.100000000000000000e+01,1.517049000000000000e+07
1.100000000000000000e+01,1.514838500000000000e+07
1.100000000000000000e+01,1.516699200000000000e+07
1.100000000000000000e+01,1.516440500000000000e+07
1.100000000000000000e+01,1.516333900000000000e+07
1.100000000000000000e+01,1.516122200000000000e+07
1.100000000000000000e+01,1.515238100000000000e+07
1.100000000000000000e+01,1.515197700000000000e+07
1.100000000000000000e+01,1.517857800000000000e+07
1.100000000000000000e+01,1.516571900000000000e+07
1.100000000000000000e+01,1.516468200000000000e+07
1.100000000000000000e+01,1.516214300000000000e+07
1.100000000000000000e+01,1.515052800000000000e+07
1.100000000000000000e+01,1.516620500000000000e+07
1.100000000000000000e+01,1.516639200000000000e+07
1.100000000000000000e+01,1.516852800000000000e+07
1.100000000000000000e+01,1.517767500000000000e+07
1.100000000000000000e+01,1.516977500000000000e+07
1.100000000000000000e+01,1.517626900000000000e+07
1.100000000000000000e+01,1.517643100000000000e+07
1.100000000000000000e+01,1.516090300000000000e+07
1.100000000000000000e+01,1.516470600000000000e+07
1.100000000000000000e+01,1.516886900000000000e+07
1.100000000000000000e+01,1.517854300000000000e+07
1.100000000000000000e+01,1.516601500000000000e+07
1.100000000000000000e+01,1.516817100000000000e+07
1.100000000000000000e+01,1.517044500000000000e+07
1.100000000000000000e+01,1.516981700000000000e+07
1.100000000000000000e+01,1.517905000000000000e+07
1.100000000000000000e+01,1.515304600000000000e+07
1.100000000000000000e+01,1.517402200000000000e+07
1.100000000000000000e+01,1.517424700000000000e+07
1.100000000000000000e+01,1.516725900000000000e+07
1.100000000000000000e+01,1.517163800000000000e+07
1.100000000000000000e+01,1.517227900000000000e+07
1.100000000000000000e+01,1.517272400000000000e+07
1.100000000000000000e+01,1.516624100000000000e+07
1.100000000000000000e+01,1.517043900000000000e+07
1.100000000000000000e+01,1.516960500000000000e+07
1.100000000000000000e+01,1.518190900000000000e+07
1.100000000000000000e+01,1.517443300000000000e+07
1.100000000000000000e+01,1.517986500000000000e+07
1.100000000000000000e+01,1.517920300000000000e+07
1.100000000000000000e+01,1.517181700000000000e+07
1.100000000000000000e+01,1.517215600000000000e+07
1.100000000000000000e+01,1.515776900000000000e+07
1.100000000000000000e+01,1.518204700000000000e+07
1.100000000000000000e+01,1.517328000000000000e+07
1.200000000000000000e+01,1.489198900000000000e+07
1.200000000000000000e+01,1.488762900000000000e+07
1.200000000000000000e+01,1.489450000000000000e+07
1.200000000000000000e+01,1.489248100000000000e+07
1.200000000000000000e+01,1.490464600000000000e+07
1.200000000000000000e+01,1.490102800000000000e+07
1.200000000000000000e+01,1.489100400000000000e+07
1.200000000000000000e+01,1.488703900000000000e+07
1.200000000000000000e+01,1.489746000000000000e+07
1.200000000000000000e+01,1.489555200000000000e+07
1.200000000000000000e+01,1.489941600000000000e+07
1.200000000000000000e+01,1.491417000000000000e+07
1.200000000000000000e+01,1.489081900000000000e+07
1.200000000000000000e+01,1.489299500000000000e+07
1.200000000000000000e+01,1.489622900000000000e+07
1.200000000000000000e+01,1.490314500000000000e+07
1.200000000000000000e+01,1.490983800000000000e+07
1.200000000000000000e+01,1.489467900000000000e+07
1.200000000000000000e+01,1.489720600000000000e+07
1.200000000000000000e+01,1.490840400000000000e+07
1.200000000000000000e+01,1.489860900000000000e+07
1.200000000000000000e+01,1.489713900000000000e+07
1.200000000000000000e+01,1.490272400000000000e+07
1.200000000000000000e+01,1.489510900000000000e+07
1.200000000000000000e+01,1.490582100000000000e+07
1.200000000000000000e+01,1.490443300000000000e+07
1.200000000000000000e+01,1.489164800000000000e+07
1.200000000000000000e+01,1.489929400000000000e+07
1.200000000000000000e+01,1.491563000000000000e+07
1.200000000000000000e+01,1.490554500000000000e+07
1.200000000000000000e+01,1.492227800000000000e+07
1.200000000000000000e+01,1.490767800000000000e+07
1.200000000000000000e+01,1.490933300000000000e+07
1.200000000000000000e+01,1.490901200000000000e+07
1.200000000000000000e+01,1.488836800000000000e+07
1.200000000000000000e+01,1.492423900000000000e+07
1.200000000000000000e+01,1.490358000000000000e+07
1.200000000000000000e+01,1.490298500000000000e+07
1.200000000000000000e+01,1.490867400000000000e+07
1.200000000000000000e+01,1.491612700000000000e+07
1.200000000000000000e+01,1.490858400000000000e+07
1.200000000000000000e+01,1.489284400000000000e+07
1.200000000000000000e+01,1.489674500000000000e+07
1.200000000000000000e+01,1.489601200000000000e+07
1.200000000000000000e+01,1.489332200000000000e+07
1.200000000000000000e+01,1.489893300000000000e+07
1.200000000000000000e+01,1.490083400000000000e+07
1.200000000000000000e+01,1.491116800000000000e+07
1.200000000000000000e+01,1.490760000000000000e+07
1.200000000000000000e+01,1.489730200000000000e+07
1.200000000000000000e+01,1.490149400000000000e+07
1.200000000000000000e+01,1.491433500000000000e+07
1.200000000000000000e+01,1.490260500000000000e+07
1.200000000000000000e+01,1.489629300000000000e+07
1.200000000000000000e+01,1.490517500000000000e+07
1.200000000000000000e+01,1.489603000000000000e+07
1.200000000000000000e+01,1.490645600000000000e+07
1.200000000000000000e+01,1.489760500000000000e+07
1.200000000000000000e+01,1.490189200000000000e+07
1.200000000000000000e+01,1.490777100000000000e+07
1.200000000000000000e+01,1.490325200000000000e+07
1.200000000000000000e+01,1.490094500000000000e+07
1.200000000000000000e+01,1.490701600000000000e+07
1.200000000000000000e+01,1.490437400000000000e+07
1.200000000000000000e+01,1.490889600000000000e+07
1.200000000000000000e+01,1.490924700000000000e+07
1.200000000000000000e+01,1.490667000000000000e+07
1.200000000000000000e+01,1.489800900000000000e+07
1.200000000000000000e+01,1.489322800000000000e+07
1.200000000000000000e+01,1.491028100000000000e+07
1.200000000000000000e+01,1.491155800000000000e+07
1.200000000000000000e+01,1.490526100000000000e+07
1.200000000000000000e+01,1.490381200000000000e+07
1.200000000000000000e+01,1.490214300000000000e+07
1.200000000000000000e+01,1.489988100000000000e+07
1.200000000000000000e+01,1.490443400000000000e+07
1.200000000000000000e+01,1.491121100000000000e+07
1.200000000000000000e+01,1.490505900000000000e+07
1.200000000000000000e+01,1.490796200000000000e+07
1.200000000000000000e+01,1.490608400000000000e+07
1.200000000000000000e+01,1.490771300000000000e+07
1.200000000000000000e+01,1.490624500000000000e+07
1.200000000000000000e+01,1.490726300000000000e+07
1.200000000000000000e+01,1.490832500000000000e+07
1.200000000000000000e+01,1.490666300000000000e+07
1.200000000000000000e+01,1.489780800000000000e+07
1.200000000000000000e+01,1.491105900000000000e+07
1.200000000000000000e+01,1.490802800000000000e+07
1.200000000000000000e+01,1.490179000000000000e+07
1.200000000000000000e+01,1.491772000000000000e+07
1.200000000000000000e+01,1.490884500000000000e+07
1.200000000000000000e+01,1.491096500000000000e+07
1.200000000000000000e+01,1.490438200000000000e+07
1.200000000000000000e+01,1.490837400000000000e+07
1.200000000000000000e+01,1.490852300000000000e+07
1.200000000000000000e+01,1.490791300000000000e+07
1.200000000000000000e+01,1.490957300000000000e+07
1.200000000000000000e+01,1.490436300000000000e+07
1.200000000000000000e+01,1.489780900000000000e+07
1.200000000000000000e+01,1.492233100000000000e+07
1.200000000000000000e+01,1.490237200000000000e+07
1.200000000000000000e+01,1.491341600000000000e+07
1.300000000000000000e+01,1.486977800000000000e+07
1.300000000000000000e+01,1.489497600000000000e+07
1.300000000000000000e+01,1.488480700000000000e+07
1.300000000000000000e+01,1.487996300000000000e+07
1.300000000000000000e+01,1.488381500000000000e+07
1.300000000000000000e+01,1.489076900000000000e+07
1.300000000000000000e+01,1.489291000000000000e+07
1.300000000000000000e+01,1.488565000000000000e+07
1.300000000000000000e+01,1.489182400000000000e+07
1.300000000000000000e+01,1.490626100000000000e+07
1.300000000000000000e+01,1.488614800000000000e+07
1.300000000000000000e+01,1.489147200000000000e+07
1.300000000000000000e+01,1.488420600000000000e+07
1.300000000000000000e+01,1.488680300000000000e+07
1.300000000000000000e+01,1.490138500000000000e+07
1.300000000000000000e+01,1.489403200000000000e+07
1.300000000000000000e+01,1.488812700000000000e+07
1.300000000000000000e+01,1.488974200000000000e+07
1.300000000000000000e+01,1.488579400000000000e+07
1.300000000000000000e+01,1.488449900000000000e+07
1.300000000000000000e+01,1.489800500000000000e+07
1.300000000000000000e+01,1.489895900000000000e+07
1.300000000000000000e+01,1.488283400000000000e+07
1.300000000000000000e+01,1.489055300000000000e+07
1.300000000000000000e+01,1.488968700000000000e+07
1.300000000000000000e+01,1.489278900000000000e+07
1.300000000000000000e+01,1.489568200000000000e+07
1.300000000000000000e+01,1.489140700000000000e+07
1.300000000000000000e+01,1.488799900000000000e+07
1.300000000000000000e+01,1.488881500000000000e+07
1.300000000000000000e+01,1.489252700000000000e+07
1.300000000000000000e+01,1.489537200000000000e+07
1.300000000000000000e+01,1.489152800000000000e+07
1.300000000000000000e+01,1.488823000000000000e+07
1.300000000000000000e+01,1.489082300000000000e+07
1.300000000000000000e+01,1.489944000000000000e+07
1.300000000000000000e+01,1.489847700000000000e+07
1.300000000000000000e+01,1.489331700000000000e+07
1.300000000000000000e+01,1.489125200000000000e+07
1.300000000000000000e+01,1.489695900000000000e+07
1.300000000000000000e+01,1.489038300000000000e+07
1.300000000000000000e+01,1.488623600000000000e+07
1.300000000000000000e+01,1.489780700000000000e+07
1.300000000000000000e+01,1.489905000000000000e+07
1.300000000000000000e+01,1.490366700000000000e+07
1.300000000000000000e+01,1.489901900000000000e+07
1.300000000000000000e+01,1.488883700000000000e+07
1.300000000000000000e+01,1.490085100000000000e+07
1.300000000000000000e+01,1.490106800000000000e+07
1.300000000000000000e+01,1.489670100000000000e+07
1.300000000000000000e+01,1.489382600000000000e+07
1.300000000000000000e+01,1.489440300000000000e+07
1.300000000000000000e+01,1.489467100000000000e+07
1.300000000000000000e+01,1.489841000000000000e+07
1.300000000000000000e+01,1.489856000000000000e+07
1.300000000000000000e+01,1.490762100000000000e+07
1.300000000000000000e+01,1.489422400000000000e+07
1.300000000000000000e+01,1.489348700000000000e+07
1.300000000000000000e+01,1.489024200000000000e+07
1.300000000000000000e+01,1.490336600000000000e+07
1.300000000000000000e+01,1.490567100000000000e+07
1.300000000000000000e+01,1.490216900000000000e+07
1.300000000000000000e+01,1.489606900000000000e+07
1.300000000000000000e+01,1.489366800000000000e+07
1.300000000000000000e+01,1.489674200000000000e+07
1.300000000000000000e+01,1.490388800000000000e+07
1.300000000000000000e+01,1.489938000000000000e+07
1.300000000000000000e+01,1.487653400000000000e+07
1.300000000000000000e+01,1.488626200000000000e+07
1.300000000000000000e+01,1.489642400000000000e+07
1.300000000000000000e+01,1.489333900000000000e+07
1.300000000000000000e+01,1.489518000000000000e+07
1.300000000000000000e+01,1.489224400000000000e+07
1.300000000000000000e+01,1.491058500000000000e+07
1.300000000000000000e+01,1.489932300000000000e+07
1.300000000000000000e+01,1.489722000000000000e+07
1.300000000000000000e+01,1.489990600000000000e+07
1.300000000000000000e+01,1.490699100000000000e+07
1.300000000000000000e+01,1.490522800000000000e+07
1.300000000000000000e+01,1.489229000000000000e+07
1.300000000000000000e+01,1.489863900000000000e+07
1.300000000000000000e+01,1.489419500000000000e+07
1.300000000000000000e+01,1.489868600000000000e+07
1.300000000000000000e+01,1.489795600000000000e+07
1.300000000000000000e+01,1.489230600000000000e+07
1.300000000000000000e+01,1.490311700000000000e+07
1.300000000000000000e+01,1.489953300000000000e+07
1.300000000000000000e+01,1.491020200000000000e+07
1.300000000000000000e+01,1.489495600000000000e+07
1.300000000000000000e+01,1.490086000000000000e+07
1.400000000000000000e+01,1.445862900000000000e+07
1.400000000000000000e+01,1.446302100000000000e+07
1.400000000000000000e+01,1.445947200000000000e+07
1.400000000000000000e+01,1.444241100000000000e+07
1.400000000000000000e+01,1.447103000000000000e+07
1.400000000000000000e+01,1.447266200000000000e+07
1.400000000000000000e+01,1.445676100000000000e+07
1.400000000000000000e+01,1.446742300000000000e+07
1.400000000000000000e+01,1.445772100000000000e+07
1.400000000000000000e+01,1.446097800000000000e+07
1.400000000000000000e+01,1.445786900000000000e+07
1.400000000000000000e+01,1.446466600000000000e+07
1.400000000000000000e+01,1.446155000000000000e+07
1.400000000000000000e+01,1.447023300000000000e+07
1.400000000000000000e+01,1.447850300000000000e+07
1.400000000000000000e+01,1.447128600000000000e+07
1.400000000000000000e+01,1.445992300000000000e+07
1.400000000000000000e+01,1.447427200000000000e+07
1.400000000000000000e+01,1.447531000000000000e+07
1.400000000000000000e+01,1.447631400000000000e+07
1.400000000000000000e+01,1.447975700000000000e+07
1.400000000000000000e+01,1.448431600000000000e+07
1.400000000000000000e+01,1.446984600000000000e+07
1.400000000000000000e+01,1.448792000000000000e+07
1.400000000000000000e+01,1.448216100000000000e+07
1.400000000000000000e+01,1.447990900000000000e+07
1.400000000000000000e+01,1.448479600000000000e+07
1.400000000000000000e+01,1.447918000000000000e+07
1.400000000000000000e+01,1.448108200000000000e+07
1.400000000000000000e+01,1.447180800000000000e+07
1.400000000000000000e+01,1.447703000000000000e+07
1.400000000000000000e+01,1.448248900000000000e+07
1.400000000000000000e+01,1.449124100000000000e+07
1.400000000000000000e+01,1.447729500000000000e+07
1.400000000000000000e+01,1.448984500000000000e+07
1.400000000000000000e+01,1.449239700000000000e+07
1.400000000000000000e+01,1.449066100000000000e+07
1.400000000000000000e+01,1.449006200000000000e+07
1.400000000000000000e+01,1.448824500000000000e+07
1.400000000000000000e+01,1.448638100000000000e+07
1.400000000000000000e+01,1.448368300000000000e+07
1.400000000000000000e+01,1.449197300000000000e+07
1.400000000000000000e+01,1.449203900000000000e+07
1.400000000000000000e+01,1.448730000000000000e+07
1.400000000000000000e+01,1.449093500000000000e+07
1.400000000000000000e+01,1.449281000000000000e+07
1.400000000000000000e+01,1.448385700000000000e+07
1.400000000000000000e+01,1.448674300000000000e+07
1.400000000000000000e+01,1.449156100000000000e+07
1.400000000000000000e+01,1.449476600000000000e+07
1.400000000000000000e+01,1.448554300000000000e+07
1.400000000000000000e+01,1.449419800000000000e+07
1.400000000000000000e+01,1.449120900000000000e+07
1.400000000000000000e+01,1.449192200000000000e+07
1.400000000000000000e+01,1.448664200000000000e+07
1.400000000000000000e+01,1.449213800000000000e+07
1.400000000000000000e+01,1.449683400000000000e+07
1.400000000000000000e+01,1.448707300000000000e+07
1.400000000000000000e+01,1.449543200000000000e+07
1.400000000000000000e+01,1.449618300000000000e+07
1.400000000000000000e+01,1.449799100000000000e+07
1.400000000000000000e+01,1.450064100000000000e+07
1.400000000000000000e+01,1.448986400000000000e+07
1.400000000000000000e+01,1.450471800000000000e+07
1.400000000000000000e+01,1.449487400000000000e+07
1.400000000000000000e+01,1.450192000000000000e+07
1.400000000000000000e+01,1.450519700000000000e+07
1.400000000000000000e+01,1.449611800000000000e+07
1.400000000000000000e+01,1.450146700000000000e+07
1.400000000000000000e+01,1.448779700000000000e+07
1.400000000000000000e+01,1.449898000000000000e+07
1.400000000000000000e+01,1.450249800000000000e+07
1.400000000000000000e+01,1.451282700000000000e+07
1.400000000000000000e+01,1.449982300000000000e+07
1.400000000000000000e+01,1.449130300000000000e+07
1.400000000000000000e+01,1.450769100000000000e+07
1.400000000000000000e+01,1.449632800000000000e+07
1.400000000000000000e+01,1.450221400000000000e+07
1.400000000000000000e+01,1.450016000000000000e+07
1.400000000000000000e+01,1.449823400000000000e+07
1.400000000000000000e+01,1.451048800000000000e+07
1.400000000000000000e+01,1.450893000000000000e+07
1.400000000000000000e+01,1.450433600000000000e+07
1.400000000000000000e+01,1.450639800000000000e+07
1.400000000000000000e+01,1.450169800000000000e+07
1.400000000000000000e+01,1.450204600000000000e+07
1.400000000000000000e+01,1.450368900000000000e+07
1.400000000000000000e+01,1.451127500000000000e+07
1.400000000000000000e+01,1.450485200000000000e+07
1.400000000000000000e+01,1.449961100000000000e+07
1.400000000000000000e+01,1.450032000000000000e+07
1.400000000000000000e+01,1.450136800000000000e+07
1.400000000000000000e+01,1.449927700000000000e+07
1.400000000000000000e+01,1.451540900000000000e+07
1.400000000000000000e+01,1.450959200000000000e+07
1.400000000000000000e+01,1.451247900000000000e+07
1.400000000000000000e+01,1.451780300000000000e+07
1.400000000000000000e+01,1.450451700000000000e+07
1.400000000000000000e+01,1.451392300000000000e+07
1.400000000000000000e+01,1.450256500000000000e+07
1.500000000000000000e+01,1.458747500000000000e+07
1.500000000000000000e+01,1.457699600000000000e+07
1.500000000000000000e+01,1.456980800000000000e+07
1.500000000000000000e+01,1.457147000000000000e+07
1.500000000000000000e+01,1.457851200000000000e+07
1.500000000000000000e+01,1.456492200000000000e+07
1.500000000000000000e+01,1.457642100000000000e+07
1.500000000000000000e+01,1.457863900000000000e+07
1.500000000000000000e+01,1.458888300000000000e+07
1.500000000000000000e+01,1.457731800000000000e+07
1.500000000000000000e+01,1.457557000000000000e+07
1.500000000000000000e+01,1.456659900000000000e+07
1.500000000000000000e+01,1.457892800000000000e+07
1.500000000000000000e+01,1.457474000000000000e+07
1.500000000000000000e+01,1.457991800000000000e+07
1.500000000000000000e+01,1.457781500000000000e+07
1.500000000000000000e+01,1.457671700000000000e+07
1.500000000000000000e+01,1.458407300000000000e+07
1.500000000000000000e+01,1.456091500000000000e+07
1.500000000000000000e+01,1.458350900000000000e+07
1.500000000000000000e+01,1.458010800000000000e+07
1.500000000000000000e+01,1.456066500000000000e+07
1.500000000000000000e+01,1.458649900000000000e+07
1.500000000000000000e+01,1.458374800000000000e+07
1.500000000000000000e+01,1.458286300000000000e+07
1.500000000000000000e+01,1.457867400000000000e+07
1.500000000000000000e+01,1.457729200000000000e+07
1.500000000000000000e+01,1.459012500000000000e+07
1.500000000000000000e+01,1.457306200000000000e+07
1.500000000000000000e+01,1.458006800000000000e+07
1.500000000000000000e+01,1.458696700000000000e+07
1.500000000000000000e+01,1.458387700000000000e+07
1.500000000000000000e+01,1.458997800000000000e+07
1.500000000000000000e+01,1.458373100000000000e+07
1.500000000000000000e+01,1.458713500000000000e+07
1.500000000000000000e+01,1.456711900000000000e+07
1.500000000000000000e+01,1.458273800000000000e+07
1.500000000000000000e+01,1.458331500000000000e+07
1.500000000000000000e+01,1.458800400000000000e+07
1.500000000000000000e+01,1.458372500000000000e+07
1.500000000000000000e+01,1.459739500000000000e+07
1.500000000000000000e+01,1.458425500000000000e+07
1.500000000000000000e+01,1.459756000000000000e+07
1.500000000000000000e+01,1.458846300000000000e+07
1.500000000000000000e+01,1.458530800000000000e+07
1.500000000000000000e+01,1.458203600000000000e+07
1.500000000000000000e+01,1.458384000000000000e+07
1.500000000000000000e+01,1.458694800000000000e+07
1.500000000000000000e+01,1.459432300000000000e+07
1.500000000000000000e+01,1.458878200000000000e+07
1.500000000000000000e+01,1.458986900000000000e+07
1.500000000000000000e+01,1.459510700000000000e+07
1.500000000000000000e+01,1.459797800000000000e+07
1.500000000000000000e+01,1.458492600000000000e+07
1.500000000000000000e+01,1.458451300000000000e+07
1.500000000000000000e+01,1.459839300000000000e+07
1.500000000000000000e+01,1.458976200000000000e+07
1.500000000000000000e+01,1.459164400000000000e+07
1.500000000000000000e+01,1.459458300000000000e+07
1.500000000000000000e+01,1.459132300000000000e+07
1.500000000000000000e+01,1.458724100000000000e+07
1.500000000000000000e+01,1.459358300000000000e+07
1.500000000000000000e+01,1.460101800000000000e+07
1.500000000000000000e+01,1.458655900000000000e+07
1.500000000000000000e+01,1.458368400000000000e+07
1.500000000000000000e+01,1.459997900000000000e+07
1.500000000000000000e+01,1.459117600000000000e+07
1.500000000000000000e+01,1.458925500000000000e+07
1.500000000000000000e+01,1.459677100000000000e+07
1.500000000000000000e+01,1.459145900000000000e+07
1.500000000000000000e+01,1.459651800000000000e+07
1.500000000000000000e+01,1.458586100000000000e+07
1.500000000000000000e+01,1.459502700000000000e+07
1.500000000000000000e+01,1.458599400000000000e+07
1.500000000000000000e+01,1.459668000000000000e+07
1.500000000000000000e+01,1.460167000000000000e+07
1.500000000000000000e+01,1.459169300000000000e+07
1.500000000000000000e+01,1.459303800000000000e+07
1.500000000000000000e+01,1.458563000000000000e+07
1.500000000000000000e+01,1.459368000000000000e+07
1.500000000000000000e+01,1.459383600000000000e+07
1.500000000000000000e+01,1.459976600000000000e+07
1.500000000000000000e+01,1.458872800000000000e+07
1.500000000000000000e+01,1.459508800000000000e+07
1.500000000000000000e+01,1.459594500000000000e+07
1.500000000000000000e+01,1.457687800000000000e+07
1.500000000000000000e+01,1.460605200000000000e+07
1.500000000000000000e+01,1.459688100000000000e+07
1.500000000000000000e+01,1.459320800000000000e+07
1.500000000000000000e+01,1.459493500000000000e+07
1.500000000000000000e+01,1.460458200000000000e+07
1.500000000000000000e+01,1.458778200000000000e+07
1.500000000000000000e+01,1.459370400000000000e+07
1.500000000000000000e+01,1.459371200000000000e+07
1.500000000000000000e+01,1.459424100000000000e+07
1.500000000000000000e+01,1.459617300000000000e+07
1.500000000000000000e+01,1.459523100000000000e+07
1.500000000000000000e+01,1.459919700000000000e+07
1.500000000000000000e+01,1.459382900000000000e+07
1.500000000000000000e+01,1.459540800000000000e+07
1.600000000000000000e+01,1.400296800000000000e+07
1.600000000000000000e+01,1.400875300000000000e+07
1.600000000000000000e+01,1.401295000000000000e+07
1.600000000000000000e+01,1.399511900000000000e+07
1.600000000000000000e+01,1.401276600000000000e+07
1.600000000000000000e+01,1.400820400000000000e+07
1.600000000000000000e+01,1.400294100000000000e+07
1.600000000000000000e+01,1.400617300000000000e+07
1.600000000000000000e+01,1.400425400000000000e+07
1.600000000000000000e+01,1.400472200000000000e+07
1.600000000000000000e+01,1.400330000000000000e+07
1.600000000000000000e+01,1.401278500000000000e+07
1.600000000000000000e+01,1.401975900000000000e+07
1.600000000000000000e+01,1.399306400000000000e+07
1.600000000000000000e+01,1.400255900000000000e+07
1.600000000000000000e+01,1.400132900000000000e+07
1.600000000000000000e+01,1.398757300000000000e+07
1.600000000000000000e+01,1.401203900000000000e+07
1.600000000000000000e+01,1.401370400000000000e+07
1.600000000000000000e+01,1.401370700000000000e+07
1.600000000000000000e+01,1.401087500000000000e+07
1.600000000000000000e+01,1.400302100000000000e+07
1.600000000000000000e+01,1.400997200000000000e+07
1.600000000000000000e+01,1.400753100000000000e+07
1.600000000000000000e+01,1.401138600000000000e+07
1.600000000000000000e+01,1.401759000000000000e+07
1.600000000000000000e+01,1.399596500000000000e+07
1.600000000000000000e+01,1.401117000000000000e+07
1.600000000000000000e+01,1.400505200000000000e+07
1.600000000000000000e+01,1.401991200000000000e+07
1.600000000000000000e+01,1.400763600000000000e+07
1.600000000000000000e+01,1.400362800000000000e+07
1.600000000000000000e+01,1.401989100000000000e+07
1.600000000000000000e+01,1.402319200000000000e+07
1.600000000000000000e+01,1.401550100000000000e+07
1.600000000000000000e+01,1.401373300000000000e+07
1.600000000000000000e+01,1.399954500000000000e+07
1.600000000000000000e+01,1.400742700000000000e+07
1.600000000000000000e+01,1.401433500000000000e+07
1.600000000000000000e+01,1.401082800000000000e+07
1.600000000000000000e+01,1.400468500000000000e+07
1.600000000000000000e+01,1.401020100000000000e+07
1.600000000000000000e+01,1.401715200000000000e+07
1.600000000000000000e+01,1.401978400000000000e+07
1.600000000000000000e+01,1.400977400000000000e+07
1.600000000000000000e+01,1.401383600000000000e+07
1.600000000000000000e+01,1.400923000000000000e+07
1.600000000000000000e+01,1.403103000000000000e+07
1.600000000000000000e+01,1.401157200000000000e+07
1.600000000000000000e+01,1.402550100000000000e+07
1.600000000000000000e+01,1.401156800000000000e+07
1.600000000000000000e+01,1.401499300000000000e+07
1.600000000000000000e+01,1.401789700000000000e+07
1.600000000000000000e+01,1.401687700000000000e+07
1.600000000000000000e+01,1.402734600000000000e+07
1.600000000000000000e+01,1.401266800000000000e+07
1.600000000000000000e+01,1.401511500000000000e+07
1.600000000000000000e+01,1.399786700000000000e+07
1.600000000000000000e+01,1.401335400000000000e+07
1.600000000000000000e+01,1.401702100000000000e+07
1.600000000000000000e+01,1.401705600000000000e+07
1.600000000000000000e+01,1.402359300000000000e+07
1.600000000000000000e+01,1.401065800000000000e+07
1.600000000000000000e+01,1.402132300000000000e+07
1.600000000000000000e+01,1.402824300000000000e+07
1.600000000000000000e+01,1.402100800000000000e+07
1.600000000000000000e+01,1.402285600000000000e+07
1.600000000000000000e+01,1.400770500000000000e+07
1.600000000000000000e+01,1.401530800000000000e+07
1.600000000000000000e+01,1.401924800000000000e+07
1.600000000000000000e+01,1.401803200000000000e+07
1.600000000000000000e+01,1.401680500000000000e+07
1.600000000000000000e+01,1.401953000000000000e+07
1.600000000000000000e+01,1.400960500000000000e+07
1.600000000000000000e+01,1.401735800000000000e+07
1.600000000000000000e+01,1.401423700000000000e+07
1.600000000000000000e+01,1.402256200000000000e+07
1.600000000000000000e+01,1.402098000000000000e+07
1.600000000000000000e+01,1.401881400000000000e+07
1.600000000000000000e+01,1.401976300000000000e+07
1.600000000000000000e+01,1.401086800000000000e+07
1.600000000000000000e+01,1.401238700000000000e+07
1.600000000000000000e+01,1.402255900000000000e+07
1.600000000000000000e+01,1.400944200000000000e+07
1.600000000000000000e+01,1.402587500000000000e+07
1.600000000000000000e+01,1.400819600000000000e+07
1.600000000000000000e+01,1.403336700000000000e+07
1.600000000000000000e+01,1.402060100000000000e+07
1.600000000000000000e+01,1.401513600000000000e+07
1.600000000000000000e+01,1.401076400000000000e+07
1.600000000000000000e+01,1.402212900000000000e+07
1.600000000000000000e+01,1.402355500000000000e+07
1.600000000000000000e+01,1.402766300000000000e+07
1.600000000000000000e+01,1.402204600000000000e+07
1.600000000000000000e+01,1.401485000000000000e+07
1.600000000000000000e+01,1.402272700000000000e+07
1.600000000000000000e+01,1.401705300000000000e+07
1.600000000000000000e+01,1.403086900000000000e+07
1.600000000000000000e+01,1.401670700000000000e+07
1.600000000000000000e+01,1.402164300000000000e+07
1.700000000000000000e+01,1.402641900000000000e+07
1.700000000000000000e+01,1.404118000000000000e+07
1.700000000000000000e+01,1.403443800000000000e+07
1.700000000000000000e+01,1.403408800000000000e+07
1.700000000000000000e+01,1.403513000000000000e+07
1.700000000000000000e+01,1.402636500000000000e+07
1.700000000000000000e+01,1.404343500000000000e+07
1.700000000000000000e+01,1.403024100000000000e+07
1.700000000000000000e+01,1.402369700000000000e+07
1.700000000000000000e+01,1.404006200000000000e+07
1.700000000000000000e+01,1.403166700000000000e+07
1.700000000000000000e+01,1.404688100000000000e+07
1.700000000000000000e+01,1.403355900000000000e+07
1.700000000000000000e+01,1.402821000000000000e+07
1.700000000000000000e+01,1.403832000000000000e+07
1.700000000000000000e+01,1.404075700000000000e+07
1.700000000000000000e+01,1.404970900000000000e+07
1.700000000000000000e+01,1.403458800000000000e+07
1.700000000000000000e+01,1.404176000000000000e+07
1.700000000000000000e+01,1.403621900000000000e+07
1.700000000000000000e+01,1.403186600000000000e+07
1.700000000000000000e+01,1.403584900000000000e+07
1.700000000000000000e+01,1.403720000000000000e+07
1.700000000000000000e+01,1.403134000000000000e+07
1.700000000000000000e+01,1.403223600000000000e+07
1.700000000000000000e+01,1.403386300000000000e+07
1.700000000000000000e+01,1.404265100000000000e+07
1.700000000000000000e+01,1.404572400000000000e+07
1.700000000000000000e+01,1.404733300000000000e+07
1.700000000000000000e+01,1.404115600000000000e+07
1.700000000000000000e+01,1.404167400000000000e+07
1.700000000000000000e+01,1.403535100000000000e+07
1.700000000000000000e+01,1.402314700000000000e+07
1.700000000000000000e+01,1.404014600000000000e+07
1.700000000000000000e+01,1.402711700000000000e+07
1.700000000000000000e+01,1.404077600000000000e+07
1.700000000000000000e+01,1.403156500000000000e+07
1.700000000000000000e+01,1.405385300000000000e+07
1.700000000000000000e+01,1.403121900000000000e+07
1.700000000000000000e+01,1.404530100000000000e+07
1.700000000000000000e+01,1.403356800000000000e+07
1.700000000000000000e+01,1.402672200000000000e+07
1.700000000000000000e+01,1.403763500000000000e+07
1.700000000000000000e+01,1.404091600000000000e+07
1.700000000000000000e+01,1.403547300000000000e+07
1.700000000000000000e+01,1.402984400000000000e+07
1.700000000000000000e+01,1.402981000000000000e+07
1.700000000000000000e+01,1.403711200000000000e+07
1.700000000000000000e+01,1.405341800000000000e+07
1.700000000000000000e+01,1.403800800000000000e+07
1.700000000000000000e+01,1.403896100000000000e+07
1.700000000000000000e+01,1.403612700000000000e+07
1.700000000000000000e+01,1.403480600000000000e+07
1.700000000000000000e+01,1.403079500000000000e+07
1.700000000000000000e+01,1.403651000000000000e+07
1.700000000000000000e+01,1.404422000000000000e+07
1.700000000000000000e+01,1.403265200000000000e+07
1.700000000000000000e+01,1.403490300000000000e+07
1.700000000000000000e+01,1.404928700000000000e+07
1.700000000000000000e+01,1.402650900000000000e+07
1.700000000000000000e+01,1.402513000000000000e+07
1.700000000000000000e+01,1.403549100000000000e+07
1.700000000000000000e+01,1.403403800000000000e+07
1.700000000000000000e+01,1.402910300000000000e+07
1.700000000000000000e+01,1.403880300000000000e+07
1.700000000000000000e+01,1.403602800000000000e+07
1.700000000000000000e+01,1.403540600000000000e+07
1.700000000000000000e+01,1.404325100000000000e+07
1.700000000000000000e+01,1.402801700000000000e+07
1.700000000000000000e+01,1.403908800000000000e+07
1.700000000000000000e+01,1.405689600000000000e+07
1.700000000000000000e+01,1.403629500000000000e+07
1.700000000000000000e+01,1.403059200000000000e+07
1.700000000000000000e+01,1.403657500000000000e+07
1.700000000000000000e+01,1.402682500000000000e+07
1.700000000000000000e+01,1.404872600000000000e+07
1.700000000000000000e+01,1.403384700000000000e+07
1.700000000000000000e+01,1.404433700000000000e+07
1.700000000000000000e+01,1.404165800000000000e+07
1.700000000000000000e+01,1.403835300000000000e+07
1.700000000000000000e+01,1.403638700000000000e+07
1.700000000000000000e+01,1.402167300000000000e+07
1.700000000000000000e+01,1.403514200000000000e+07
1.700000000000000000e+01,1.404629500000000000e+07
1.700000000000000000e+01,1.404087000000000000e+07
1.700000000000000000e+01,1.404286100000000000e+07
1.700000000000000000e+01,1.403272300000000000e+07
1.700000000000000000e+01,1.403851400000000000e+07
1.700000000000000000e+01,1.404244600000000000e+07
1.700000000000000000e+01,1.403321100000000000e+07
1.700000000000000000e+01,1.403634200000000000e+07
1.700000000000000000e+01,1.405348300000000000e+07
1.700000000000000000e+01,1.403321000000000000e+07
1.700000000000000000e+01,1.403577300000000000e+07
1.700000000000000000e+01,1.403328900000000000e+07
1.700000000000000000e+01,1.403579300000000000e+07
1.700000000000000000e+01,1.403075100000000000e+07
1.700000000000000000e+01,1.403608700000000000e+07
1.700000000000000000e+01,1.403443200000000000e+07
1.700000000000000000e+01,1.403670300000000000e+07
1.700000000000000000e+01,1.403612200000000000e+07
1.700000000000000000e+01,1.404594700000000000e+07
1.700000000000000000e+01,1.404011000000000000e+07
1.700000000000000000e+01,1.404719600000000000e+07
1.700000000000000000e+01,1.403231900000000000e+07
1.700000000000000000e+01,1.405070800000000000e+07
1.700000000000000000e+01,1.403605100000000000e+07
1.700000000000000000e+01,1.403714700000000000e+07
1.700000000000000000e+01,1.403639900000000000e+07
1.700000000000000000e+01,1.404160800000000000e+07
1.700000000000000000e+01,1.402780000000000000e+07
1.700000000000000000e+01,1.404046500000000000e+07
1.700000000000000000e+01,1.404675900000000000e+07
1.700000000000000000e+01,1.403633500000000000e+07
1.700000000000000000e+01,1.402869000000000000e+07
1.700000000000000000e+01,1.403053500000000000e+07
1.700000000000000000e+01,1.403776400000000000e+07
1.700000000000000000e+01,1.403961300000000000e+07
1.700000000000000000e+01,1.404178100000000000e+07
1.700000000000000000e+01,1.404257700000000000e+07
1.700000000000000000e+01,1.405646400000000000e+07
1.700000000000000000e+01,1.404124000000000000e+07
1.800000000000000000e+01,1.357617500000000000e+07
1.800000000000000000e+01,1.357442100000000000e+07
1.800000000000000000e+01,1.358285700000000000e+07
1.800000000000000000e+01,1.357001700000000000e+07
1.800000000000000000e+01,1.357759800000000000e+07
1.800000000000000000e+01,1.359058100000000000e+07
1.800000000000000000e+01,1.358331200000000000e+07
1.800000000000000000e+01,1.357844500000000000e+07
1.800000000000000000e+01,1.359508400000000000e+07
1.800000000000000000e+01,1.357806900000000000e+07
1.800000000000000000e+01,1.358176800000000000e+07
1.800000000000000000e+01,1.357439100000000000e+07
1.800000000000000000e+01,1.358146100000000000e+07
1.800000000000000000e+01,1.357720700000000000e+07
1.800000000000000000e+01,1.357872200000000000e+07
1.800000000000000000e+01,1.357401100000000000e+07
1.800000000000000000e+01,1.359407700000000000e+07
1.800000000000000000e+01,1.357296600000000000e+07
1.800000000000000000e+01,1.357541200000000000e+07
1.800000000000000000e+01,1.357981700000000000e+07
1.800000000000000000e+01,1.358833800000000000e+07
1.800000000000000000e+01,1.359564700000000000e+07
1.800000000000000000e+01,1.358201200000000000e+07
1.800000000000000000e+01,1.357158100000000000e+07
1.800000000000000000e+01,1.358056900000000000e+07
1.800000000000000000e+01,1.357452700000000000e+07
1.800000000000000000e+01,1.358028200000000000e+07
1.800000000000000000e+01,1.358382000000000000e+07
1.800000000000000000e+01,1.357571600000000000e+07
1.800000000000000000e+01,1.358640900000000000e+07
1.800000000000000000e+01,1.358508900000000000e+07
1.800000000000000000e+01,1.358461100000000000e+07
1.800000000000000000e+01,1.358043000000000000e+07
1.800000000000000000e+01,1.357926200000000000e+07
1.800000000000000000e+01,1.357915800000000000e+07
1.800000000000000000e+01,1.360167800000000000e+07
1.800000000000000000e+01,1.359427400000000000e+07
1.800000000000000000e+01,1.359500300000000000e+07
1.800000000000000000e+01,1.357458500000000000e+07
1.800000000000000000e+01,1.358201600000000000e+07
1.800000000000000000e+01,1.358781700000000000e+07
1.800000000000000000e+01,1.359337700000000000e+07
1.800000000000000000e+01,1.359813300000000000e+07
1.800000000000000000e+01,1.359097200000000000e+07
1.800000000000000000e+01,1.358700800000000000e+07
1.800000000000000000e+01,1.358882600000000000e+07
1.800000000000000000e+01,1.359999100000000000e+07
1.800000000000000000e+01,1.358887400000000000e+07
1.800000000000000000e+01,1.358875900000000000e+07
1.800000000000000000e+01,1.359289100000000000e+07
1.800000000000000000e+01,1.360335400000000000e+07
1.800000000000000000e+01,1.360290200000000000e+07
1.800000000000000000e+01,1.359898000000000000e+07
1.800000000000000000e+01,1.358048400000000000e+07
1.800000000000000000e+01,1.359448000000000000e+07
1.800000000000000000e+01,1.358287100000000000e+07
1.800000000000000000e+01,1.359070200000000000e+07
1.800000000000000000e+01,1.359500900000000000e+07
1.800000000000000000e+01,1.358243800000000000e+07
1.800000000000000000e+01,1.359735600000000000e+07
1.800000000000000000e+01,1.359256100000000000e+07
1.800000000000000000e+01,1.360524000000000000e+07
1.800000000000000000e+01,1.359713700000000000e+07
1.800000000000000000e+01,1.359173200000000000e+07
1.800000000000000000e+01,1.358652100000000000e+07
1.800000000000000000e+01,1.359360700000000000e+07
1.800000000000000000e+01,1.359112800000000000e+07
1.800000000000000000e+01,1.359447900000000000e+07
1.800000000000000000e+01,1.358186500000000000e+07
1.800000000000000000e+01,1.359659100000000000e+07
1.800000000000000000e+01,1.360378600000000000e+07
1.800000000000000000e+01,1.359452700000000000e+07
1.800000000000000000e+01,1.359778200000000000e+07
1.800000000000000000e+01,1.360470100000000000e+07
1.800000000000000000e+01,1.359752700000000000e+07
1.800000000000000000e+01,1.359318300000000000e+07
1.800000000000000000e+01,1.358355500000000000e+07
1.800000000000000000e+01,1.359291200000000000e+07
1.800000000000000000e+01,1.359350000000000000e+07
1.800000000000000000e+01,1.359267200000000000e+07
1.800000000000000000e+01,1.360661100000000000e+07
1.800000000000000000e+01,1.360254300000000000e+07
1.800000000000000000e+01,1.360457800000000000e+07
1.800000000000000000e+01,1.359499300000000000e+07
1.800000000000000000e+01,1.360220700000000000e+07
1.800000000000000000e+01,1.360863100000000000e+07
1.800000000000000000e+01,1.360101900000000000e+07
1.800000000000000000e+01,1.358916800000000000e+07
1.800000000000000000e+01,1.359055400000000000e+07
1.800000000000000000e+01,1.360522100000000000e+07
1.800000000000000000e+01,1.360304700000000000e+07
1.800000000000000000e+01,1.360705800000000000e+07
1.800000000000000000e+01,1.359209900000000000e+07
1.800000000000000000e+01,1.359524400000000000e+07
1.800000000000000000e+01,1.359602000000000000e+07
1.800000000000000000e+01,1.360632400000000000e+07
1.800000000000000000e+01,1.359578400000000000e+07
1.800000000000000000e+01,1.360502500000000000e+07
1.800000000000000000e+01,1.360714700000000000e+07
1.800000000000000000e+01,1.359295200000000000e+07
1.800000000000000000e+01,1.359322900000000000e+07
1.800000000000000000e+01,1.359771300000000000e+07
1.800000000000000000e+01,1.360458000000000000e+07
1.800000000000000000e+01,1.361756900000000000e+07
1.800000000000000000e+01,1.359899600000000000e+07
1.800000000000000000e+01,1.360380000000000000e+07
1.800000000000000000e+01,1.360742400000000000e+07
1.800000000000000000e+01,1.361391000000000000e+07
1.800000000000000000e+01,1.359238300000000000e+07
1.800000000000000000e+01,1.359756300000000000e+07
1.800000000000000000e+01,1.359910200000000000e+07
1.800000000000000000e+01,1.360065300000000000e+07
1.800000000000000000e+01,1.360509500000000000e+07
1.800000000000000000e+01,1.360307900000000000e+07
1.900000000000000000e+01,1.408179100000000000e+07
1.900000000000000000e+01,1.407065000000000000e+07
1.900000000000000000e+01,1.407002000000000000e+07
1.900000000000000000e+01,1.407878800000000000e+07
1.900000000000000000e+01,1.407296900000000000e+07
1.900000000000000000e+01,1.408502200000000000e+07
1.900000000000000000e+01,1.406521900000000000e+07
1.900000000000000000e+01,1.406472200000000000e+07
1.900000000000000000e+01,1.408598900000000000e+07
1.900000000000000000e+01,1.408503300000000000e+07
1.900000000000000000e+01,1.407189200000000000e+07
1.900000000000000000e+01,1.406992300000000000e+07
1.900000000000000000e+01,1.406173400000000000e+07
1.900000000000000000e+01,1.409972700000000000e+07
1.900000000000000000e+01,1.406614400000000000e+07
1.900000000000000000e+01,1.408029200000000000e+07
1.900000000000000000e+01,1.408194600000000000e+07
1.900000000000000000e+01,1.409619500000000000e+07
1.900000000000000000e+01,1.408017500000000000e+07
1.900000000000000000e+01,1.407520400000000000e+07
1.900000000000000000e+01,1.408067900000000000e+07
1.900000000000000000e+01,1.407276900000000000e+07
1.900000000000000000e+01,1.408392700000000000e+07
1.900000000000000000e+01,1.408395100000000000e+07
1.900000000000000000e+01,1.407346200000000000e+07
1.900000000000000000e+01,1.407310600000000000e+07
1.900000000000000000e+01,1.408248900000000000e+07
1.900000000000000000e+01,1.409019700000000000e+07
1.900000000000000000e+01,1.408575000000000000e+07
1.900000000000000000e+01,1.408174600000000000e+07
1.900000000000000000e+01,1.407894200000000000e+07
1.900000000000000000e+01,1.408910600000000000e+07
1.900000000000000000e+01,1.408738100000000000e+07
1.900000000000000000e+01,1.407322500000000000e+07
1.900000000000000000e+01,1.409891400000000000e+07
1.900000000000000000e+01,1.409287200000000000e+07
1.900000000000000000e+01,1.408913800000000000e+07
1.900000000000000000e+01,1.408865300000000000e+07
1.900000000000000000e+01,1.409577100000000000e+07
1.900000000000000000e+01,1.408005000000000000e+07
1.900000000000000000e+01,1.409085300000000000e+07
1.900000000000000000e+01,1.409047700000000000e+07
1.900000000000000000e+01,1.410241700000000000e+07
1.900000000000000000e+01,1.409553100000000000e+07
1.900000000000000000e+01,1.409533200000000000e+07
1.900000000000000000e+01,1.409015600000000000e+07
1.900000000000000000e+01,1.408150600000000000e+07
1.900000000000000000e+01,1.408329700000000000e+07
1.900000000000000000e+01,1.408943100000000000e+07
1.900000000000000000e+01,1.409610500000000000e+07
1.900000000000000000e+01,1.410441300000000000e+07
1.900000000000000000e+01,1.407232000000000000e+07
1.900000000000000000e+01,1.408681800000000000e+07
1.900000000000000000e+01,1.409488400000000000e+07
1.900000000000000000e+01,1.409357100000000000e+07
1.900000000000000000e+01,1.408902900000000000e+07
1.900000000000000000e+01,1.408089100000000000e+07
1.900000000000000000e+01,1.409995900000000000e+07
1.900000000000000000e+01,1.409502100000000000e+07
1.900000000000000000e+01,1.410377500000000000e+07
1.900000000000000000e+01,1.408185400000000000e+07
1.900000000000000000e+01,1.411044200000000000e+07
1.900000000000000000e+01,1.409101000000000000e+07
1.900000000000000000e+01,1.411210200000000000e+07
1.900000000000000000e+01,1.409420700000000000e+07
1.900000000000000000e+01,1.408995800000000000e+07
1.900000000000000000e+01,1.409378200000000000e+07
1.900000000000000000e+01,1.408790700000000000e+07
1.900000000000000000e+01,1.407836900000000000e+07
1.900000000000000000e+01,1.408715300000000000e+07
1.900000000000000000e+01,1.407498600000000000e+07
1.900000000000000000e+01,1.407679400000000000e+07
1.900000000000000000e+01,1.408338500000000000e+07
1.900000000000000000e+01,1.409988000000000000e+07
1.900000000000000000e+01,1.409643600000000000e+07
1.900000000000000000e+01,1.410077500000000000e+07
1.900000000000000000e+01,1.411181700000000000e+07
1.900000000000000000e+01,1.411676900000000000e+07
1.900000000000000000e+01,1.409528800000000000e+07
1.900000000000000000e+01,1.409486800000000000e+07
1.900000000000000000e+01,1.410270700000000000e+07
1.900000000000000000e+01,1.409701200000000000e+07
1.900000000000000000e+01,1.410102600000000000e+07
1.900000000000000000e+01,1.409885900000000000e+07
1.900000000000000000e+01,1.409170500000000000e+07
1.900000000000000000e+01,1.409578900000000000e+07
1.900000000000000000e+01,1.411014900000000000e+07
1.900000000000000000e+01,1.408937800000000000e+07
1.900000000000000000e+01,1.410311000000000000e+07
1.900000000000000000e+01,1.409467900000000000e+07
1.900000000000000000e+01,1.406881600000000000e+07
1.900000000000000000e+01,1.409992400000000000e+07
1.900000000000000000e+01,1.410742700000000000e+07
1.900000000000000000e+01,1.408414000000000000e+07
1.900000000000000000e+01,1.410724800000000000e+07
1.900000000000000000e+01,1.410923100000000000e+07
1.900000000000000000e+01,1.409553900000000000e+07
1.900000000000000000e+01,1.410972500000000000e+07
1.900000000000000000e+01,1.409903100000000000e+07
1.900000000000000000e+01,1.410044900000000000e+07
2.000000000000000000e+01,1.337930800000000000e+07
2.000000000000000000e+01,1.336551000000000000e+07
2.000000000000000000e+01,1.337825100000000000e+07
2.000000000000000000e+01,1.336366800000000000e+07
2.000000000000000000e+01,1.337067400000000000e+07
2.000000000000000000e+01,1.336376100000000000e+07
2.000000000000000000e+01,1.340639000000000000e+07
2.000000000000000000e+01,1.336518900000000000e+07
2.000000000000000000e+01,1.337633400000000000e+07
2.000000000000000000e+01,1.336982200000000000e+07
2.000000000000000000e+01,1.337478800000000000e+07
2.000000000000000000e+01,1.337783100000000000e+07
2.000000000000000000e+01,1.341107300000000000e+07
2.000000000000000000e+01,1.339827400000000000e+07
2.000000000000000000e+01,1.339629100000000000e+07
2.000000000000000000e+01,1.330448200000000000e+07
2.000000000000000000e+01,1.339095300000000000e+07
2.000000000000000000e+01,1.339193000000000000e+07
2.000000000000000000e+01,1.329631500000000000e+07
2.000000000000000000e+01,1.337631200000000000e+07
2.000000000000000000e+01,1.340327200000000000e+07
2.000000000000000000e+01,1.340484600000000000e+07
2.000000000000000000e+01,1.335659800000000000e+07
2.000000000000000000e+01,1.336147700000000000e+07
2.000000000000000000e+01,1.333763600000000000e+07
2.000000000000000000e+01,1.324713300000000000e+07
2.000000000000000000e+01,1.339236300000000000e+07
2.000000000000000000e+01,1.325908700000000000e+07
2.000000000000000000e+01,1.337982000000000000e+07
2.000000000000000000e+01,1.337239500000000000e+07
2.000000000000000000e+01,1.340424000000000000e+07
2.000000000000000000e+01,1.338802700000000000e+07
2.000000000000000000e+01,1.338984100000000000e+07
2.000000000000000000e+01,1.333256600000000000e+07
2.000000000000000000e+01,1.338314500000000000e+07
2.000000000000000000e+01,1.332038800000000000e+07
2.000000000000000000e+01,1.341546000000000000e+07
2.000000000000000000e+01,1.333703300000000000e+07
2.000000000000000000e+01,1.341619300000000000e+07
2.000000000000000000e+01,1.327196900000000000e+07
2.000000000000000000e+01,1.338677600000000000e+07
2.000000000000000000e+01,1.332730400000000000e+07
2.000000000000000000e+01,1.339108400000000000e+07
2.000000000000000000e+01,1.345445400000000000e+07
2.000000000000000000e+01,1.328316500000000000e+07
2.000000000000000000e+01,1.338332300000000000e+07
2.000000000000000000e+01,1.341963400000000000e+07
2.000000000000000000e+01,1.338017500000000000e+07
2.000000000000000000e+01,1.341461600000000000e+07
2.000000000000000000e+01,1.333458300000000000e+07
2.000000000000000000e+01,1.338664400000000000e+07
2.000000000000000000e+01,1.340962900000000000e+07
2.000000000000000000e+01,1.335405300000000000e+07
2.000000000000000000e+01,1.338732300000000000e+07
2.000000000000000000e+01,1.336863700000000000e+07
2.000000000000000000e+01,1.340604800000000000e+07
2.000000000000000000e+01,1.342662000000000000e+07
2.000000000000000000e+01,1.337350900000000000e+07
2.000000000000000000e+01,1.339573600000000000e+07
2.000000000000000000e+01,1.338926300000000000e+07
2.000000000000000000e+01,1.337207000000000000e+07
2.000000000000000000e+01,1.338031400000000000e+07
2.000000000000000000e+01,1.339050700000000000e+07
2.000000000000000000e+01,1.340298900000000000e+07
2.000000000000000000e+01,1.340609900000000000e+07
2.000000000000000000e+01,1.340179000000000000e+07
2.000000000000000000e+01,1.334913400000000000e+07
2.000000000000000000e+01,1.345671300000000000e+07
2.000000000000000000e+01,1.339832000000000000e+07
2.000000000000000000e+01,1.345396400000000000e+07
2.000000000000000000e+01,1.344088900000000000e+07
2.000000000000000000e+01,1.340961400000000000e+07
2.000000000000000000e+01,1.341485100000000000e+07
2.000000000000000000e+01,1.338811400000000000e+07
2.000000000000000000e+01,1.337523600000000000e+07
2.000000000000000000e+01,1.339374000000000000e+07
2.000000000000000000e+01,1.339435300000000000e+07
2.000000000000000000e+01,1.338499800000000000e+07
2.000000000000000000e+01,1.339384900000000000e+07
2.000000000000000000e+01,1.349152300000000000e+07
2.000000000000000000e+01,1.345378200000000000e+07
2.000000000000000000e+01,1.345113000000000000e+07
2.000000000000000000e+01,1.332868300000000000e+07
2.000000000000000000e+01,1.341388800000000000e+07
2.000000000000000000e+01,1.339734800000000000e+07
2.000000000000000000e+01,1.337836800000000000e+07
2.000000000000000000e+01,1.339226700000000000e+07
2.000000000000000000e+01,1.341806500000000000e+07
2.000000000000000000e+01,1.339288800000000000e+07
2.000000000000000000e+01,1.339491400000000000e+07
2.000000000000000000e+01,1.341146800000000000e+07
2.000000000000000000e+01,1.346606900000000000e+07
2.000000000000000000e+01,1.339655500000000000e+07
2.000000000000000000e+01,1.335750800000000000e+07
2.000000000000000000e+01,1.351409400000000000e+07
2.000000000000000000e+01,1.332144800000000000e+07
2.000000000000000000e+01,1.342516300000000000e+07
2.000000000000000000e+01,1.337119200000000000e+07
2.000000000000000000e+01,1.324645100000000000e+07
2.000000000000000000e+01,1.338717200000000000e+07
