2733,11366439
2733,11367413
2733,11367320
2733,11367307
2733,11367579
2733,11367664
2733,11366924
2733,11367912
2733,11367781
2733,11367520
2733,11367420
2733,11367553
2733,11367257
2733,11366647
2733,11367862
2733,11367869
2733,11366733
2733,11368137
2733,11367643
2733,11366653
2733,11367349
2733,11368335
2733,11366256
2733,11367217
2733,11366399
2733,11366812
2733,11366369
2733,11367491
2733,11365598
2733,11367608
2733,11366950
2733,11367754
2733,11367338
2733,11365841
2733,11368303
2733,11366857
2733,11367375
2733,11367418
2733,11368262
2733,11367890
2733,11367444
2733,11367949
2733,11368007
2733,11366104
2733,11368079
2733,11367147
2733,11368172
2733,11367137
2733,11368981
2733,11367694
2743.0,11358381
2743.0,11357089
2743.0,11358791
2743.0,11357533
2743.0,11357853
2743.0,11358466
2743.0,11359589
2743.0,11358464
2743.0,11358251
2743.0,11357852
2743.0,11358399
2743.0,11358671
2743.0,11357802
2743.0,11358452
2743.0,11356994
2743.0,11357490
2743.0,11357311
2743.0,11357420
2743.0,11358353
2743.0,11357645
2743.0,11358544
2743.0,11358301
2743.0,11358325
2743.0,11358018
2743.0,11358252
2743.0,11356764
2743.0,11357481
2743.0,11357295
2743.0,11359547
2743.0,11356632
2743.0,11357976
2743.0,11358535
2743.0,11358317
2743.0,11357787
2743.0,11356963
2743.0,11356943
2743.0,11357218
2743.0,11358046
2743.0,11357126
2743.0,11358806
2743.0,11357632
2743.0,11358450
2743.0,11357246
2743.0,11359838
2743.0,11359362
2743.0,11356489
2743.0,11357811
2743.0,11357820
2743.0,11358539
2743.0,11357893
2743.0,11357754
2743.0,11358260
2743.0,11358061
2743.0,11357612
2743.0,11358257
2743.0,11356853
2743.0,11358746
2743.0,11358512
2743.0,11357635
2743.0,11359211
2743.0,11359540
2743.0,11358373
2743.0,11358885
2743.0,11358235
2743.0,11358229
2743.0,11358494
2743.0,11357797
2743.0,11358466
2743.0,11357134
2743.0,11358248
2743.0,11357955
2743.0,11358058
2743.0,11357154
2743.0,11357972
2743.0,11358402
2743.0,11357612
2743.0,11359050
2743.0,11358769
2743.0,11357700
2743.0,11359851
2743.0,11358483
2743.0,11358006
2743.0,11357438
2743.0,11358456
2753.0,11350551
2753.0,11351667
2753.0,11351214
2753.0,11350857
2753.0,11349988
2753.0,11350273
2753.0,11351206
2753.0,11350112
2753.0,11350945
2753.0,11350381
2753.0,11350261
2753.0,11350095
2753.0,11350152
2753.0,11351391
2753.0,11349403
2753.0,11350836
2753.0,11350454
2753.0,11350817
2753.0,11351288
2753.0,11350015
2753.0,11349981
2753.0,11350380
2753.0,11349997
2753.0,11350909
2753.0,11351306
2753.0,11349374
2753.0,11350810
2753.0,11350562
2753.0,11351629
2753.0,11350254
2753.0,11350401
2753.0,11349538
2753.0,11351282
2753.0,11349939
2753.0,11350404
2753.0,11351087
2753.0,11349179
2753.0,11350842
2753.0,11350128
2753.0,11350240
2753.0,11351314
2753.0,11350380
2753.0,11351721
2753.0,11350555
2753.0,11351329
2753.0,11350954
2753.0,11350326
2753.0,11349977
2753.0,11350720
2753.0,11352186
2753.0,11350662
2753.0,11350839
2753.0,11350692
2753.0,11350191
2753.0,11350512
2753.0,11351359
2753.0,11350840
2753.0,11350747
2753.0,11349752
2753.0,11348884
2753.0,11351712
2753.0,11351209
2753.0,11350360
2753.0,11350515
2753.0,11349947
2753.0,11350702
2753.0,11350622
2753.0,11351403
2753.0,11350096
2753.0,11349985
2753.0,11351581
2753.0,11349766
2753.0,11351386
2753.0,11349642
2753.0,11351271
2753.0,11351068
2753.0,11351182
2753.0,11351889
2753.0,11351414
2753.0,11350513
2753.0,11349563
2753.0,11351400
2753.0,11350851
2753.0,11350546
2753.0,11350416
2753.0,11349802
2753.0,11349127
2753.0,11351155
2753.0,11351214
2753.0,11351417
2753.0,11350211
2753.0,11350840
2753.0,11349882
2753.0,11350046
2753.0,11349621
2753.0,11350575
2753.0,11350894
2753.0,11351776
2753.0,11349839
2753.0,11350570
2753.0,11350795
2763.0,11342442
2763.0,11341790
2763.0,11341652
2763.0,11340924
2763.0,11342368
2763.0,11340185
2763.0,11341705
2763.0,11342097
2763.0,11341195
2763.0,11339799
2763.0,11340826
2763.0,11341505
2763.0,11339278
2763.0,11341559
2763.0,11340462
2763.0,11342085
2763.0,11341469
2763.0,11339964
2763.0,11341214
2763.0,11341710
2763.0,11341038
2763.0,11339959
2763.0,11342113
2763.0,11341940
2763.0,11340351
2763.0,11340586
2763.0,11340300
2763.0,11341962
2763.0,11341774
2763.0,11343398
2763.0,11342016
2763.0,11341593
2763.0,11340250
2763.0,11341424
2763.0,11340955
2763.0,11341511
2763.0,11340918
2763.0,11339556
2763.0,11341110
2763.0,11341411
2763.0,11343640
2763.0,11341335
2763.0,11339628
2763.0,11342350
2763.0,11340428
2763.0,11340749
2763.0,11339786
2763.0,11340963
2763.0,11342217
2763.0,11342577
2763.0,11342344
2763.0,11340531
2763.0,11340292
2763.0,11342231
2763.0,11341663
2763.0,11340552
2763.0,11341245
2763.0,11341063
2763.0,11340603
2763.0,11339487
2763.0,11342066
2763.0,11341490
2763.0,11340449
2763.0,11340075
2763.0,11340371
2763.0,11341293
2763.0,11341847
2763.0,11340614
2763.0,11342340
2763.0,11339946
2763.0,11343280
2763.0,11339678
2763.0,11341422
2763.0,11340486
2763.0,11342198
2763.0,11341618
2763.0,11340754
2763.0,11342274
2763.0,11341732
2763.0,11340431
2763.0,11341935
2763.0,11341523
2763.0,11340487
2763.0,11340617
2763.0,11342174
2763.0,11341842
2763.0,11340984
2763.0,11340823
2763.0,11340808
2763.0,11340467
2763.0,11341450
2763.0,11341206
2763.0,11339986
2763.0,11339403
2763.0,11340565
2763.0,11341180
2763.0,11340774
2763.0,11341754
2763.0,11340172
2763.0,11339888
2763.0,11341483
2763.0,11340729
2763.0,11340563
2763.0,11340751
2763.0,11341029
2763.0,11341702
2773.0,11330279
2773.0,11331051
2773.0,11330459
2773.0,11330295
2773.0,11331946
2773.0,11332034
2773.0,11331081
2773.0,11330429
2773.0,11329813
2773.0,11330472
2773.0,11332029
2773.0,11331289
2773.0,11330950
2773.0,11331831
2773.0,11330562
2773.0,11330650
2773.0,11331813
2773.0,11331857
2773.0,11329701
2773.0,11331336
2773.0,11330577
2773.0,11332303
2773.0,11331015
2773.0,11331720
2773.0,11330893
2773.0,11331217
2773.0,11330605
2773.0,11331584
2773.0,11330729
2773.0,11331081
2773.0,11332110
2773.0,11330502
2773.0,11330995
2773.0,11329845
2773.0,11331131
2773.0,11329731
2773.0,11330518
2773.0,11331420
2773.0,11331682
2773.0,11331761
2773.0,11330648
2773.0,11331479
2773.0,11330198
2773.0,11330633
2773.0,11330265
2773.0,11331097
2773.0,11331905
2773.0,11331991
2773.0,11330736
2773.0,11330190
2773.0,11330879
2773.0,11331716
2773.0,11329897
2773.0,11331335
2773.0,11330264
2773.0,11330398
2773.0,11331202
2773.0,11329000
2773.0,11331903
2783.0,11320451
2783.0,11319706
2783.0,11321590
2783.0,11320655
2783.0,11319624
2783.0,11319445
2783.0,11321086
2783.0,11320385
2783.0,11320674
2783.0,11320296
2783.0,11320689
2783.0,11320984
2783.0,11321939
2783.0,11321048
2783.0,11320975
2783.0,11319813
2783.0,11320553
2783.0,11319806
2783.0,11320623
2783.0,11320106
2783.0,11319821
2783.0,11321126
2783.0,11320225
2783.0,11321449
2783.0,11320297
2783.0,11320700
2783.0,11320645
2783.0,11320240
2783.0,11320538
2783.0,11320479
2783.0,11321408
2783.0,11320439
2783.0,11321331
2783.0,11319364
2783.0,11320328
2783.0,11320886
2783.0,11321332
2783.0,11320687
2783.0,11320803
2783.0,11321060
2783.0,11321216
2783.0,11321172
2783.0,11320626
2783.0,11319782
2783.0,11319810
2783.0,11318889
2783.0,11320109
2783.0,11320524
2783.0,11319777
2783.0,11319826
2783.0,11320864
2783.0,11319848
2783.0,11320385
2783.0,11320353
2783.0,11319880
2783.0,11320333
2783.0,11320169
2783.0,11320704
2783.0,11320945
2783.0,11320647
2783.0,11320457
2783.0,11319544
2783.0,11320224
2783.0,11320544
2783.0,11320157
2783.0,11321468
2783.0,11321028
2783.0,11320741
2783.0,11320274
2783.0,11321306
2783.0,11321111
2783.0,11320597
2783.0,11321117
2783.0,11320983
2783.0,11320982
2783.0,11320553
2783.0,11321554
2783.0,11320492
2783.0,11320495
2783.0,11319814
2783.0,11320418
2793.0,11311792
2793.0,11311260
2793.0,11309456
2793.0,11310914
2793.0,11310681
2793.0,11311360
2793.0,11309808
2793.0,11310354
2793.0,11311205
2793.0,11310596
2793.0,11310853
2793.0,11309531
2793.0,11310434
2793.0,11310802
2793.0,11310339
2793.0,11311380
2793.0,11310700
2793.0,11311190
2793.0,11311699
2793.0,11310517
2793.0,11311046
2793.0,11309841
2793.0,11309980
2793.0,11310656
2793.0,11310510
2793.0,11310669
2793.0,11311282
2793.0,11310406
2793.0,11310508
2793.0,11309344
2793.0,11310414
2793.0,11311120
2793.0,11311123
2793.0,11310012
2793.0,11309572
2793.0,11310459
2793.0,11311092
2793.0,11311025
2793.0,11310369
2793.0,11311069
2793.0,11310764
2793.0,11309730
2793.0,11311455
2793.0,11311084
2793.0,11309863
2793.0,11310430
2793.0,11311663
2793.0,11310103
2793.0,11309803
2793.0,11310208
2793.0,11311129
2793.0,11311658
2793.0,11310886
2793.0,11310068
2793.0,11309658
2793.0,11309883
2793.0,11310343
2793.0,11310630
2793.0,11310724
2793.0,11310120
2793.0,11310309
2793.0,11308858
2793.0,11310834
2793.0,11310699
2793.0,11310443
2793.0,11309923
2793.0,11310363
2793.0,11310243
2793.0,11309743
2793.0,11310547
2793.0,11311133
2793.0,11310205
2793.0,11310934
2793.0,11311254
2793.0,11309616
2793.0,11311386
2793.0,11308471
2793.0,11310860
2793.0,11310389
2793.0,11310674
2793.0,11311067
2793.0,11310658
2793.0,11310724
2793.0,11309697
2793.0,11310738
2793.0,11310154
2793.0,11309326
2793.0,11309273
2793.0,11309772
2793.0,11310801
2793.0,11311192
2803.0,11299889
2803.0,11301282
2803.0,11299991
2803.0,11300745
2803.0,11300601
2803.0,11300613
2803.0,11301007
2803.0,11300804
2803.0,11301023
2803.0,11300944
2803.0,11300851
2803.0,11302151
2803.0,11301446
2803.0,11299346
2803.0,11301261
2803.0,11301463
2803.0,11301993
2803.0,11301162
2803.0,11300633
2803.0,11299676
2803.0,11301918
2803.0,11299703
2803.0,11301135
2803.0,11299845
2803.0,11300937
2803.0,11300646
2803.0,11299669
2803.0,11300636
2803.0,11302605
2803.0,11300662
2803.0,11300470
2803.0,11301275
2803.0,11299934
2803.0,11300265
2803.0,11301035
2803.0,11301835
2803.0,11301378
2803.0,11300276
2803.0,11302150
2803.0,11300883
2803.0,11300394
2803.0,11300783
2803.0,11300574
2803.0,11300554
2803.0,11300460
2803.0,11300428
2803.0,11302234
2803.0,11300664
2803.0,11300669
2803.0,11300149
2803.0,11301842
2803.0,11301874
2803.0,11300649
2803.0,11302069
2803.0,11301166
2803.0,11300599
2803.0,11301675
2803.0,11299726
2803.0,11301301
2803.0,11301487
2803.0,11301609
2803.0,11301067
2803.0,11300381
2803.0,11300964
2803.0,11300777
2803.0,11299911
2803.0,11300584
2803.0,11300737
2803.0,11301262
2803.0,11300638
2803.0,11301081
2803.0,11300972
2803.0,11300914
2803.0,11300810
2803.0,11300164
2803.0,11301203
2803.0,11299866
2803.0,11300333
2803.0,11300158
2803.0,11300669
2803.0,11301689
2803.0,11300258
2803.0,11300780
2803.0,11300251
2803.0,11300249
2803.0,11301835
2803.0,11301080
2803.0,11301985
2803.0,11301311
2803.0,11301575
2803.0,11300537
2803.0,11300937
2803.0,11299970
2803.0,11300408
2803.0,11300340
2803.0,11301104
2803.0,11301355
2803.0,11301414
2803.0,11300644
2803.0,11301017
2803.0,11300794
2803.0,11299971
2803.0,11300508
2813.0,11291094
2813.0,11291244
2813.0,11290517
2813.0,11291841
2813.0,11290859
2813.0,11291228
2813.0,11289739
2813.0,11290482
2813.0,11290290
2813.0,11292691
2813.0,11290693
2813.0,11290839
2813.0,11290521
2813.0,11291244
2813.0,11289854
2813.0,11290674
2813.0,11290192
2813.0,11291635
2813.0,11291847
2813.0,11291527
2813.0,11290495
2813.0,11291373
2813.0,11290943
2813.0,11289893
2813.0,11290218
2813.0,11291249
2813.0,11290780
2813.0,11290745
2813.0,11290505
2813.0,11290504
2813.0,11291059
2813.0,11290301
2813.0,11291652
2813.0,11290845
2813.0,11289687
2813.0,11291008
2813.0,11289888
2813.0,11290979
2813.0,11291660
2813.0,11289901
2813.0,11290562
2813.0,11291248
2813.0,11290353
2813.0,11289925
2813.0,11290027
2813.0,11291625
2813.0,11290705
2813.0,11291305
2813.0,11290695
2813.0,11290361
2813.0,11290482
2813.0,11288969
2813.0,11289397
2813.0,11290968
2813.0,11289263
2813.0,11289796
2813.0,11290785
2813.0,11290889
2813.0,11289477
2813.0,11290198
2813.0,11291500
2813.0,11290723
2813.0,11293201
2813.0,11291480
2813.0,11289864
2813.0,11291094
2813.0,11291686
2813.0,11290442
2813.0,11290453
2813.0,11290527
2813.0,11289626
2813.0,11291771
2813.0,11290867
2813.0,11289853
2813.0,11291137
2813.0,11290284
2813.0,11290546
2813.0,11290808
2823.0,11281205
2823.0,11281999
2823.0,11282348
2823.0,11281383
2823.0,11282330
2823.0,11282462
2823.0,11281674
2823.0,11281350
2823.0,11280671
2823.0,11281393
2823.0,11282239
2823.0,11280481
2823.0,11281513
2823.0,11282027
2823.0,11281215
2823.0,11282593
2823.0,11281768
2823.0,11279976
2823.0,11282395
2823.0,11282320
2823.0,11281738
2823.0,11281636
2823.0,11281244
2823.0,11282214
2823.0,11282266
2823.0,11282331
2823.0,11281272
2823.0,11281585
2823.0,11281062
2823.0,11281678
2823.0,11281285
2823.0,11280684
2823.0,11281989
2823.0,11281248
2823.0,11281470
2823.0,11281220
2823.0,11282446
2823.0,11282082
2823.0,11282100
2823.0,11281947
2823.0,11280843
2823.0,11281446
2823.0,11281612
2823.0,11281824
2823.0,11282023
2823.0,11282281
2823.0,11281984
2823.0,11281825
2823.0,11281464
2823.0,11282182
2823.0,11281582
2823.0,11281769
2823.0,11281401
2823.0,11281861
2823.0,11282504
2823.0,11281264
2823.0,11281082
2823.0,11282016
2823.0,11281681
2823.0,11280318
2823.0,11281053
2823.0,11281871
2823.0,11280097
2823.0,11280902
2823.0,11281673
2823.0,11280261
2823.0,11281661
2823.0,11280412
2823.0,11281739
2823.0,11281507
2823.0,11281112
2823.0,11282248
2823.0,11281745
2823.0,11281146
2823.0,11281276
2823.0,11281362
2823.0,11281750
2823.0,11281262
2823.0,11281474
2823.0,11280170
2823.0,11281371
2823.0,11281392
2823.0,11282292
2823.0,11280853
2823.0,11282207
2833.0,11271007
2833.0,11269931
2833.0,11271471
2833.0,11271185
2833.0,11272017
2833.0,11272168
2833.0,11271011
2833.0,11271830
2833.0,11271255
2833.0,11270128
2833.0,11272034
2833.0,11270817
2833.0,11270612
2833.0,11271553
2833.0,11270453
2833.0,11270833
2833.0,11270258
2833.0,11269721
2833.0,11272276
2833.0,11271981
2833.0,11271655
2833.0,11271446
2833.0,11271815
2833.0,11271549
2833.0,11272191
2833.0,11272866
2833.0,11270282
2833.0,11270336
2833.0,11270542
2833.0,11270112
2833.0,11270263
2833.0,11271165
2833.0,11271589
2833.0,11271666
2833.0,11270723
2833.0,11271051
2833.0,11270868
2833.0,11271464
2833.0,11271920
2833.0,11272167
2833.0,11270103
2833.0,11270819
2833.0,11271952
2833.0,11270579
2833.0,11270433
2833.0,11270422
2833.0,11272106
2833.0,11270866
2833.0,11271856
2833.0,11272468
2833.0,11271759
2833.0,11271335
2833.0,11270778
2833.0,11269725
2833.0,11270778
2833.0,11270999
2833.0,11271863
2833.0,11270206
2833.0,11271125
2833.0,11270727
2833.0,11269713
2833.0,11270895
2833.0,11271184
2833.0,11270712
2833.0,11271394
2833.0,11271215
2833.0,11272817
2833.0,11273511
2833.0,11270754
2833.0,11271718
2833.0,11270589
2833.0,11270606
2833.0,11270742
2833.0,11270560
2833.0,11270400
2833.0,11271703
2833.0,11270655
2833.0,11270514
2833.0,11271031
2833.0,11271063
2833.0,11272234
2833.0,11271986
2833.0,11271744
2833.0,11270960
2833.0,11271040
2833.0,11270748
2833.0,11271621
2833.0,11270582
2833.0,11271117
2833.0,11270525
2833.0,11270761
2833.0,11270292
2833.0,11271946
2833.0,11271176
2833.0,11271124
2833.0,11271546
2833.0,11270336
2833.0,11270610
2833.0,11270351
2833.0,11270544
2833.0,11270695
2833.0,11270930
2833.0,11271219
2833.0,11271414
2833.0,11270745
2833.0,11270271
2843.0,11260868
2843.0,11261954
2843.0,11261640
2843.0,11260892
2843.0,11262499
2843.0,11261508
2843.0,11262273
2843.0,11261125
2843.0,11262545
2843.0,11261217
2843.0,11261767
2843.0,11261230
2843.0,11262193
2843.0,11261625
2843.0,11262118
2843.0,11260831
2843.0,11261721
2843.0,11261952
2843.0,11262259
2843.0,11261945
2843.0,11262237
2843.0,11262364
2843.0,11262135
2843.0,11261523
2843.0,11261281
2843.0,11261902
2843.0,11261894
2843.0,11261616
2843.0,11261128
2843.0,11262251
2843.0,11262779
2843.0,11261684
2843.0,11261016
2843.0,11261135
2843.0,11262215
2843.0,11262742
2843.0,11261565
2843.0,11261363
2843.0,11261454
2843.0,11261212
2843.0,11261444
2843.0,11261282
2843.0,11261698
2843.0,11261119
2843.0,11261417
2843.0,11261208
2843.0,11261956
2843.0,11263056
2843.0,11262767
2843.0,11261640
2843.0,11261792
2843.0,11262218
2843.0,11261985
2843.0,11261833
2843.0,11262473
2843.0,11260781
2843.0,11260952
2843.0,11263221
2843.0,11261717
2843.0,11262205
2843.0,11263378
2843.0,11260895
2843.0,11262757
2843.0,11262586
2843.0,11261148
2843.0,11262886
2843.0,11261428
2843.0,11262685
2843.0,11262153
2843.0,11262645
2843.0,11261301
2843.0,11261885
2843.0,11261937
2843.0,11260843
2843.0,11262071
2843.0,11262226
2843.0,11262159
2843.0,11261295
2843.0,11262603
2843.0,11262045
2843.0,11261983
2843.0,11261814
2843.0,11261679
2843.0,11262578
2843.0,11261935
2843.0,11261617
2843.0,11261848
2843.0,11260512
2843.0,11261383
2843.0,11261653
2843.0,11262205
2843.0,11261524
2843.0,11262304
2843.0,11262496
2853.0,11251913
2853.0,11252650
2853.0,11253149
2853.0,11251777
2853.0,11252401
2853.0,11253190
2853.0,11253855
2853.0,11252754
2853.0,11252529
2853.0,11252958
2853.0,11252276
2853.0,11253143
2853.0,11253450
2853.0,11253127
2853.0,11252737
2853.0,11252649
2853.0,11252400
2853.0,11252980
2853.0,11252584
2853.0,11252938
2853.0,11253400
2853.0,11251838
2853.0,11251852
2853.0,11252111
2853.0,11252219
2853.0,11253130
2853.0,11253088
2853.0,11253878
2853.0,11252927
2853.0,11251939
2853.0,11253322
2853.0,11253261
2853.0,11252783
2853.0,11252303
2853.0,11253870
2853.0,11251972
2853.0,11253427
2853.0,11252775
2853.0,11253163
2853.0,11253648
2853.0,11252467
2853.0,11251750
2853.0,11253025
2853.0,11252724
2853.0,11251387
2853.0,11252709
2853.0,11253480
2853.0,11252715
2863.0,11242803
2863.0,11244012
2863.0,11242107
2863.0,11242649
2863.0,11242342
2863.0,11243102
2863.0,11243733
2863.0,11243708
2863.0,11243253
2863.0,11242262
2863.0,11244794
2863.0,11242335
2863.0,11243398
2863.0,11243183
2863.0,11244088
2863.0,11242374
2863.0,11242992
2863.0,11244162
2863.0,11244511
2863.0,11242151
2863.0,11242095
2863.0,11242929
2863.0,11243686
2863.0,11243119
2863.0,11243518
2863.0,11243904
2863.0,11242882
2863.0,11243279
2863.0,11242943
2863.0,11243544
2863.0,11244137
2863.0,11243286
2863.0,11243984
2863.0,11243643
2863.0,11242719
2863.0,11242620
2863.0,11243365
2863.0,11242338
2863.0,11243644
2863.0,11243504
2863.0,11242972
2863.0,11241960
2863.0,11242751
2863.0,11244004
2863.0,11242497
2863.0,11243168
2863.0,11243557
2863.0,11243114
2863.0,11243941
2863.0,11243743
2863.0,11243300
2863.0,11243446
2863.0,11243275
2863.0,11242784
2863.0,11243876
2863.0,11243323
2863.0,11243109
2863.0,11241892
2863.0,11243247
2863.0,11243197
2863.0,11242905
2863.0,11243849
2863.0,11243666
2863.0,11242630
2863.0,11243495
2863.0,11243365
2863.0,11243850
2863.0,11243029
2863.0,11244253
2863.0,11243491
2863.0,11241492
2863.0,11243590
2863.0,11243337
2863.0,11243425
2863.0,11244106
2863.0,11243438
2863.0,11242467
2863.0,11242489
2863.0,11242707
2863.0,11242375
2863.0,11242405
2863.0,11243400
2863.0,11242594
2863.0,11243320
2863.0,11243219
2863.0,11243272
2863.0,11243561
2863.0,11242383
2863.0,11243572
2863.0,11242850
2863.0,11243267
2873.0,11235546
2873.0,11235896
2873.0,11236092
2873.0,11235065
2873.0,11235686
2873.0,11234498
2873.0,11235024
2873.0,11235040
2873.0,11235037
2873.0,11235291
2873.0,11237312
2873.0,11236251
2873.0,11236004
2873.0,11234753
2873.0,11235820
2873.0,11236064
2873.0,11235045
2873.0,11235676
2873.0,11235569
2873.0,11235352
2873.0,11235412
2873.0,11235563
2873.0,11236484
2873.0,11234606
2873.0,11235555
2873.0,11234631
2873.0,11234107
2873.0,11235424
2873.0,11235765
2873.0,11235895
2873.0,11233767
2873.0,11235467
2873.0,11236321
2873.0,11235777
2873.0,11235203
2873.0,11235891
2873.0,11234925
2873.0,11235797
2873.0,11235839
2873.0,11235445
2873.0,11235398
2873.0,11235968
2873.0,11236467
2873.0,11235629
2873.0,11235488
2873.0,11234385
2873.0,11234833
2873.0,11235968
2873.0,11235408
2873.0,11234321
2873.0,11235151
2873.0,11235724
2873.0,11234998
2873.0,11235962
2873.0,11235156
2873.0,11235825
2873.0,11234629
2873.0,11234959
2873.0,11234817
2873.0,11236571
2873.0,11235276
2873.0,11234564
2873.0,11235521
2873.0,11235005
2873.0,11235670
2873.0,11235804
2873.0,11235882
2873.0,11234929
2873.0,11234801
2873.0,11235464
2883.0,11227252
2883.0,11228047
2883.0,11227687
2883.0,11227174
2883.0,11227529
2883.0,11227275
2883.0,11227766
2883.0,11227121
2883.0,11227040
2883.0,11226049
2883.0,11227674
2883.0,11227012
2883.0,11227768
2883.0,11227838
2883.0,11226905
2883.0,11226756
2883.0,11227078
2883.0,11226739
2883.0,11226914
2883.0,11227612
2883.0,11226802
2883.0,11227411
2883.0,11227065
2883.0,11227654
2883.0,11227812
2883.0,11226866
2883.0,11227183
2883.0,11226947
2883.0,11227167
2883.0,11226879
2883.0,11227552
2883.0,11227242
2883.0,11226817
2883.0,11226708
2883.0,11227706
2883.0,11226794
2883.0,11227662
2883.0,11227254
2883.0,11226577
2883.0,11227124
2883.0,11226352
2883.0,11228405
2883.0,11227283
2883.0,11226900
2883.0,11227681
2883.0,11225881
2883.0,11227060
2883.0,11226394
2883.0,11226717
2883.0,11227087
2883.0,11226330
2883.0,11226730
2883.0,11227761
2883.0,11227384
2883.0,11226661
2883.0,11227757
2883.0,11226961
2883.0,11226931
2883.0,11226412
2883.0,11226465
2883.0,11228208
2883.0,11226724
2883.0,11226344
2883.0,11226363
2883.0,11227841
2883.0,11227710
2883.0,11225811
2883.0,11227819
2883.0,11227521
2883.0,11227188
2883.0,11226832
2883.0,11227221
2883.0,11226526
2883.0,11227026
2883.0,11227026
2893.0,11216712
2893.0,11217433
2893.0,11216674
2893.0,11217031
2893.0,11217215
2893.0,11217187
2893.0,11217604
2893.0,11217144
2893.0,11218046
2893.0,11217871
2893.0,11217523
2893.0,11217722
2893.0,11217995
2893.0,11218070
2893.0,11217331
2893.0,11217518
2893.0,11216959
2893.0,11217050
2893.0,11216834
2893.0,11216567
2893.0,11217301
2893.0,11217497
2893.0,11217192
2893.0,11217256
2893.0,11217184
2893.0,11217005
2893.0,11216580
2893.0,11217374
2893.0,11217467
2893.0,11218096
2893.0,11217700
2893.0,11216746
2893.0,11218316
2893.0,11217769
2893.0,11218167
2893.0,11216947
2893.0,11217774
2893.0,11216669
2893.0,11216655
2893.0,11217675
2893.0,11217773
2893.0,11216112
2893.0,11217453
2893.0,11217124
2893.0,11217689
2893.0,11216785
2893.0,11217297
2893.0,11216753
2893.0,11216670
2893.0,11217218
2893.0,11217012
2893.0,11218128
2893.0,11217589
2893.0,11217076
2893.0,11217741
2893.0,11217816
2893.0,11217409
2893.0,11217154
2893.0,11218689
2903.0,11208340
2903.0,11208260
2903.0,11209050
2903.0,11210164
2903.0,11209434
2903.0,11208055
2903.0,11209841
2903.0,11209934
2903.0,11207572
2903.0,11208991
2903.0,11207800
2903.0,11209765
2903.0,11209976
2903.0,11209552
2903.0,11208972
2903.0,11209488
2903.0,11208242
2903.0,11210077
2903.0,11209034
2903.0,11208905
2903.0,11210738
2903.0,11209669
2903.0,11208796
2903.0,11209207
2903.0,11209326
2903.0,11209017
2903.0,11209972
2903.0,11209267
2903.0,11209288
2903.0,11209054
2903.0,11209627
2903.0,11208851
2903.0,11209508
2903.0,11208623
2903.0,11208251
2903.0,11208034
2903.0,11209034
2903.0,11208799
2903.0,11209162
2903.0,11209719
2903.0,11209182
2903.0,11209303
2903.0,11209505
2903.0,11210240
2903.0,11209703
2903.0,11209559
2903.0,11209480
2903.0,11210234
2903.0,11209229
2913.0,11200650
2913.0,11199864
2913.0,11200942
2913.0,11200130
2913.0,11199965
2913.0,11199793
2913.0,11199466
2913.0,11200256
2913.0,11200618
2913.0,11200502
2913.0,11200111
2913.0,11198549
2913.0,11200206
2913.0,11199925
2913.0,11200718
2913.0,11200048
2913.0,11200018
2913.0,11199501
2913.0,11201494
2913.0,11200451
2913.0,11200313
2913.0,11200165
2913.0,11199478
2913.0,11199153
2913.0,11200314
2913.0,11199335
2913.0,11198816
2913.0,11199538
2913.0,11200233
2913.0,11200610
2913.0,11199273
2913.0,11201120
2913.0,11199855
2913.0,11200486
2913.0,11199385
2913.0,11200689
2913.0,11201266
2913.0,11200976
2913.0,11200149
2913.0,11200865
2913.0,11199556
2913.0,11200938
2913.0,11199685
2913.0,11199541
2913.0,11200507
2913.0,11199673
2913.0,11199490
2913.0,11199634
2913.0,11199831
2913.0,11200378
2913.0,11199337
2913.0,11200242
2913.0,11199765
2913.0,11199312
2913.0,11200334
2913.0,11200419
2913.0,11201323
2913.0,11200194
2913.0,11199329
2913.0,11200999
2913.0,11199578
2913.0,11199371
2913.0,11200587
2913.0,11199689
2913.0,11198529
2913.0,11198997
2913.0,11199160
2913.0,11201216
2913.0,11200655
2913.0,11199620
2913.0,11199646
2913.0,11199592
2913.0,11199366
2913.0,11199422
2913.0,11200320
2913.0,11200829
2913.0,11199386
2913.0,11200555
2913.0,11200785
2913.0,11199599
2913.0,11199927
2913.0,11200117
2913.0,11199387
2913.0,11202256
2913.0,11200125
2913.0,11200315
2913.0,11199408
2913.0,11200177
2913.0,11197939
2913.0,11199210
2913.0,11200388
2913.0,11198778
2913.0,11200035
2913.0,11201508
2913.0,11200631
2913.0,11199627
2913.0,11201099
2913.0,11200518
2913.0,11200639
2913.0,11200705
2913.0,11199137
2913.0,11200964
2913.0,11199300
2913.0,11201077
2913.0,11199063
2913.0,11199522
2913.0,11200360
2913.0,11200033
2913.0,11200040
2913.0,11198646
2923.0,11189716
2923.0,11189968
2923.0,11189919
2923.0,11191434
2923.0,11190262
2923.0,11189752
2923.0,11191506
2923.0,11190046
2923.0,11190074
2923.0,11190590
2923.0,11190131
2923.0,11190183
2923.0,11190050
2923.0,11190820
2923.0,11189676
2923.0,11187897
2923.0,11187726
2923.0,11190577
2923.0,11190684
2923.0,11192186
2923.0,11189860
2923.0,11189309
2923.0,11188619
2923.0,11189161
2923.0,11190055
2923.0,11190060
2923.0,11191427
2923.0,11189411
2923.0,11190552
2923.0,11189375
2923.0,11188771
2923.0,11188873
2923.0,11190019
2923.0,11189301
2923.0,11189515
2923.0,11190586
2923.0,11189621
2923.0,11191428
2923.0,11189049
2923.0,11190378
2923.0,11190034
2923.0,11189686
2923.0,11190277
2923.0,11190752
2923.0,11190193
2923.0,11189106
2923.0,11191250
2923.0,11188973
2923.0,11191160
2923.0,11190289
2923.0,11190270
2923.0,11189229
2923.0,11189656
2923.0,11188845
2923.0,11190249
2923.0,11190693
2923.0,11191373
2923.0,11190504
2923.0,11190370
2923.0,11188732
2923.0,11189925
2923.0,11189413
2923.0,11190957
2923.0,11190068
2923.0,11189527
2923.0,11189945
2923.0,11190190
2923.0,11189468
2923.0,11188775
2923.0,11189729
2923.0,11189561
2923.0,11189740
2923.0,11189578
2923.0,11189721
2923.0,11190572
2923.0,11191179
2923.0,11190515
2923.0,11189382
2923.0,11191097
2923.0,11189640
2923.0,11188457
2923.0,11190489
2923.0,11190745
2933.0,11181878
2933.0,11181631
2933.0,11180756
2933.0,11182765
2933.0,11181710
2933.0,11183228
2933.0,11181070
2933.0,11182058
2933.0,11181614
2933.0,11182342
2933.0,11181060
2933.0,11181800
2933.0,11181720
2933.0,11183262
2933.0,11182000
2933.0,11182172
2933.0,11181685
2933.0,11181113
2933.0,11181301
2933.0,11182536
2933.0,11181416
2933.0,11184218
2933.0,11180728
2933.0,11182038
2933.0,11180932
2933.0,11182029
2933.0,11181445
2933.0,11180662
2933.0,11180880
2933.0,11181776
2933.0,11182498
2933.0,11180624
2933.0,11182243
2933.0,11182067
2933.0,11182217
2933.0,11181016
2933.0,11181993
2933.0,11180663
2933.0,11181870
2933.0,11182503
2933.0,11181460
2933.0,11181829
2933.0,11181546
2933.0,11181912
2933.0,11181782
2933.0,11181627
2933.0,11181888
2933.0,11181855
2933.0,11181401
2933.0,11181562
2943.0,11172640
2943.0,11173772
2943.0,11172356
2943.0,11170881
2943.0,11173849
2943.0,11173298
2943.0,11173878
2943.0,11173565
2943.0,11173216
2943.0,11171743
2943.0,11174181
2943.0,11172689
2943.0,11174885
2943.0,11172292
2943.0,11174693
2943.0,11174038
2943.0,11174146
2943.0,11172849
2943.0,11173433
2943.0,11173718
2943.0,11173067
2943.0,11173847
2943.0,11174107
2943.0,11172728
2943.0,11172674
2943.0,11174105
2943.0,11172539
2943.0,11174353
2943.0,11173356
2943.0,11172678
2943.0,11172503
2943.0,11173359
2943.0,11172517
2943.0,11172925
2943.0,11172494
2943.0,11172633
2943.0,11174895
2943.0,11174974
2943.0,11171634
2943.0,11173266
2943.0,11173599
2943.0,11173785
2943.0,11173797
2943.0,11172781
2943.0,11174014
2943.0,11173330
2943.0,11174171
2943.0,11175608
2943.0,11172409
2943.0,11173708
2943.0,11172992
2943.0,11172621
2943.0,11174885
2943.0,11174639
2943.0,11174483
2943.0,11173155
2943.0,11173965
2943.0,11173599
2943.0,11173719
2943.0,11172556
2943.0,11174131
2943.0,11172948
2943.0,11172645
2943.0,11172251
2943.0,11173229
2943.0,11172755
2943.0,11171396
2943.0,11171802
2943.0,11173918
2943.0,11173083
2943.0,11171692
2943.0,11173727
2943.0,11171673
2943.0,11173082
2943.0,11171739
2943.0,11173973
2943.0,11172814
2943.0,11172919
2943.0,11172287
2943.0,11171888
2943.0,11173665
2943.0,11171742
2943.0,11171664
2943.0,11172399
2943.0,11173861
2943.0,11173051
2943.0,11174544
2943.0,11173118
2943.0,11173510
2943.0,11173191
2953.0,11162703
2953.0,11163207
2953.0,11164867
2953.0,11163891
2953.0,11163341
2953.0,11163673
2953.0,11164089
2953.0,11164590
2953.0,11163657
2953.0,11163615
2953.0,11161721
2953.0,11164365
2953.0,11163475
2953.0,11163771
2953.0,11163992
2953.0,11163310
2953.0,11163197
2953.0,11162172
2953.0,11163851
2953.0,11163723
2953.0,11162749
2953.0,11162484
2953.0,11163141
2953.0,11162782
2953.0,11164877
2953.0,11163562
2953.0,11164188
2953.0,11164763
2953.0,11164268
2953.0,11163006
2953.0,11164530
2953.0,11162176
2953.0,11163523
2953.0,11164060
2953.0,11162918
2953.0,11163716
2953.0,11163464
2953.0,11163966
2953.0,11163761
2953.0,11164609
2953.0,11165955
2953.0,11164351
2953.0,11164704
2953.0,11164199
2953.0,11164662
2953.0,11165099
2953.0,11163997
2953.0,11164131
2953.0,11163725
2953.0,11163512
2953.0,11163033
2953.0,11163983
2953.0,11162969
2953.0,11163777
2953.0,11162436
2953.0,11163138
2953.0,11165013
2953.0,11164965
2953.0,11164973
2953.0,11162789
2953.0,11164615
2953.0,11162629
2953.0,11164156
2953.0,11164020
2953.0,11164721
2953.0,11163768
2953.0,11164193
2953.0,11164085
2953.0,11162423
2953.0,11162797
2953.0,11162898
2953.0,11164007
2953.0,11163236
2953.0,11162851
2953.0,11164214
2953.0,11164679
2953.0,11163688
2953.0,11163110
2953.0,11162044
2953.0,11161152
2953.0,11163891
2953.0,11163568
2953.0,11163506
2953.0,11164934
2953.0,11164344
2953.0,11163596
2953.0,11163031
2953.0,11164299
2953.0,11164515
2953.0,11164750
2953.0,11164105
2953.0,11162975
2953.0,11164427
2953.0,11162296
2953.0,11163641
2953.0,11163162
2953.0,11162890
2953.0,11162238
2963.0,11155310
2963.0,11156010
2963.0,11153120
2963.0,11154356
2963.0,11155075
2963.0,11153247
2963.0,11153245
2963.0,11155531
2963.0,11154721
2963.0,11152507
2963.0,11154291
2963.0,11153487
2963.0,11155275
2963.0,11154558
2963.0,11155503
2963.0,11154845
2963.0,11153973
2963.0,11153314
2963.0,11155967
2963.0,11154267
2963.0,11156342
2963.0,11154853
2963.0,11153866
2963.0,11155717
2963.0,11153721
2963.0,11155312
2963.0,11153695
2963.0,11156308
2963.0,11154494
2963.0,11154342
2963.0,11154419
2963.0,11154969
2963.0,11153776
2963.0,11154012
2963.0,11154661
2963.0,11154713
2963.0,11155362
2963.0,11155442
2963.0,11157270
2963.0,11153274
2963.0,11155588
2963.0,11155368
2963.0,11154623
2963.0,11154646
2963.0,11153123
2963.0,11154138
2963.0,11154478
2963.0,11154911
2963.0,11154715
2963.0,11155024
2963.0,11153323
2963.0,11155789
2963.0,11154633
2963.0,11155722
2963.0,11154971
2963.0,11154267
2963.0,11153382
2963.0,11154406
2963.0,11153791
2963.0,11155718
2963.0,11153603
2963.0,11154699
2963.0,11154178
2963.0,11154733
2963.0,11154670
2963.0,11154876
2973.0,11146633
2973.0,11144997
2973.0,11147778
2973.0,11147339
2973.0,11146063
2973.0,11146295
2973.0,11148540
2973.0,11146752
2973.0,11147815
2973.0,11148128
2973.0,11148137
2973.0,11148255
2973.0,11147775
2973.0,11148754
2973.0,11146244
2973.0,11146926
2973.0,11145673
2973.0,11146239
2973.0,11147328
2973.0,11146702
2973.0,11145650
2973.0,11147672
2973.0,11147322
2973.0,11146911
2973.0,11147120
2973.0,11146354
2973.0,11148316
2973.0,11147279
2973.0,11146760
2973.0,11147536
2973.0,11145218
2973.0,11147040
2973.0,11145812
2973.0,11148580
2973.0,11147516
2973.0,11147047
2973.0,11146468
2973.0,11145218
2973.0,11147355
2973.0,11146336
2973.0,11148177
2973.0,11147972
2973.0,11146513
2983.0,11137408
2983.0,11137427
2983.0,11137843
2983.0,11138014
2983.0,11137969
2983.0,11139077
2983.0,11138696
2983.0,11137041
2983.0,11139455
2983.0,11139076
2983.0,11138396
2983.0,11137408
2983.0,11136115
2983.0,11136613
2983.0,11137461
2983.0,11137120
2983.0,11136532
2983.0,11138867
2983.0,11137746
2983.0,11138381
2983.0,11137838
2983.0,11137063
2983.0,11136595
2983.0,11138337
2983.0,11137126
2983.0,11138181
2983.0,11137675
2983.0,11137785
2983.0,11135770
2983.0,11136800
2983.0,11136287
2983.0,11137923
2983.0,11137059
2983.0,11136097
2983.0,11138716
2983.0,11139453
2983.0,11137584
2983.0,11137359
2983.0,11136380
2983.0,11137069
2983.0,11137249
2983.0,11138214
2983.0,11137303
2983.0,11138509
2983.0,11137332
2983.0,11137043
2983.0,11136059
2983.0,11138078
2983.0,11137909
2983.0,11137345
2983.0,11137970
2983.0,11137490
2983.0,11137750
2983.0,11137640
2983.0,11137956
2983.0,11137032
2983.0,11136959
2983.0,11138747
2983.0,11137128
2983.0,11137554
2983.0,11136366
2983.0,11136410
2983.0,11138273
2983.0,11137166
2983.0,11137160
2983.0,11138028
2983.0,11137990
2993.0,11129478
2993.0,11130421
2993.0,11129358
2993.0,11129076
2993.0,11129608
2993.0,11129787
2993.0,11129989
2993.0,11130511
2993.0,11127921
2993.0,11129476
2993.0,11130263
2993.0,11129376
2993.0,11130396
2993.0,11129960
2993.0,11129383
2993.0,11128273
2993.0,11129569
2993.0,11130699
2993.0,11131918
2993.0,11129202
2993.0,11128518
2993.0,11131125
2993.0,11128772
2993.0,11130809
2993.0,11127659
2993.0,11130224
2993.0,11129167
2993.0,11129723
2993.0,11128546
2993.0,11131287
2993.0,11128252
2993.0,11130685
2993.0,11129982
2993.0,11128440
2993.0,11130456
2993.0,11129133
2993.0,11130118
2993.0,11130000
2993.0,11129123
2993.0,11129191
2993.0,11128098
2993.0,11131189
2993.0,11130622
2993.0,11129421
2993.0,11129321
2993.0,11130187
2993.0,11129438
2993.0,11130472
2993.0,11131141
2993.0,11129640
2993.0,11129470
2993.0,11126641
2993.0,11130036
2993.0,11128870
2993.0,11131790
2993.0,11130330
2993.0,11129986
2993.0,11129868
2993.0,11130115
2993.0,11128810
2993.0,11129160
2993.0,11130364
2993.0,11129632
2993.0,11130154
2993.0,11129334
2993.0,11130852
2993.0,11130743
2993.0,11128882
2993.0,11131487
2993.0,11128473
2993.0,11128985
2993.0,11131239
2993.0,11131331
2993.0,11129127
2993.0,11129327
2993.0,11131861
2993.0,11130380
2993.0,11129804
2993.0,11130184
2993.0,11130634
2993.0,11128402
2993.0,11130800
2993.0,11129127
2993.0,11128267
2993.0,11131509
2993.0,11128075
2993.0,11129407
2993.0,11129453
2993.0,11127892
2993.0,11130598
2993.0,11128679
2993.0,11128442
2993.0,11128443
2993.0,11128284
2993.0,11129555
2993.0,11128383
2993.0,11130002
2993.0,11129656
3003.0,11120235
3003.0,11121057
3003.0,11121907
3003.0,11120514
3003.0,11119738
3003.0,11120492
3003.0,11120952
3003.0,11119762
3003.0,11122666
3003.0,11121804
3003.0,11121442
3003.0,11121098
3003.0,11121890
3003.0,11121273
3003.0,11121592
3003.0,11121187
3003.0,11119428
3003.0,11121805
3003.0,11121444
3003.0,11119608
3003.0,11121220
3003.0,11120275
3003.0,11122267
3003.0,11119299
3003.0,11120342
3003.0,11120693
3003.0,11121331
3003.0,11122933
3003.0,11120870
3003.0,11120689
3003.0,11121201
3003.0,11121404
3003.0,11120065
3003.0,11120541
3003.0,11119407
3003.0,11120850
3003.0,11119689
3003.0,11119919
3003.0,11120834
3003.0,11120595
3003.0,11120795
3003.0,11121404
3003.0,11120865
3003.0,11121240
3003.0,11121229
3003.0,11120479
3003.0,11120712
3003.0,11120625
3003.0,11120074
3003.0,11119900
3003.0,11121928
3003.0,11121418
3003.0,11120808
3003.0,11119200
3003.0,11121258
3003.0,11118967
3003.0,11121127
3003.0,11121947
3003.0,11121237
3003.0,11122525
3003.0,11121798
3003.0,11120905
3003.0,11121009
3003.0,11121225
3003.0,11121136
3003.0,11120679
3003.0,11119963
3003.0,11121686
3003.0,11120033
3003.0,11120846
3003.0,11122745
3003.0,11121868
3003.0,11120696
3003.0,11120266
3003.0,11120381
3003.0,11122105
3003.0,11121175
3003.0,11120572
3003.0,11122029
3003.0,11120328
3003.0,11119601
3003.0,11120147
3003.0,11121091
3003.0,11120461
3003.0,11121119
3003.0,11121101
3003.0,11119890
3003.0,11121562
3003.0,11121717
3003.0,11120327
3003.0,11120360
3003.0,11122323
3003.0,11123084
3003.0,11121976
3003.0,11122204
3003.0,11121773
3003.0,11119748
3003.0,11120737
3003.0,11121994
3003.0,11122450
3003.0,11121087
3003.0,11119565
3003.0,11119754
3003.0,11121864
3003.0,11122561
3003.0,11121219
3003.0,11122866
3003.0,11119520
3003.0,11119427
3003.0,11121584
3003.0,11121482
3003.0,11120988
3003.0,11121679
3003.0,11119417
3003.0,11121098
3003.0,11120848
3003.0,11121957
3003.0,11122609
3003.0,11120845
3003.0,11119337
3003.0,11119894
3003.0,11120956
3003.0,11121223
3003.0,11120546
3003.0,11118887
3003.0,11120705
3003.0,11122775
3003.0,11120885
3003.0,11121094
3013.0,11113816
3013.0,11111300
3013.0,11111804
3013.0,11112036
3013.0,11110795
3013.0,11113242
3013.0,11113012
3013.0,11112695
3013.0,11112985
3013.0,11112864
3013.0,11112599
3013.0,11110917
3013.0,11111073
3013.0,11113338
3013.0,11112909
3013.0,11113527
3013.0,11114599
3013.0,11111193
3013.0,11113566
3013.0,11113781
3013.0,11112756
3013.0,11113498
3013.0,11113183
3013.0,11114266
3013.0,11113744
3013.0,11112199
3013.0,11112467
3013.0,11112187
3013.0,11111409
3013.0,11112754
3013.0,11113396
3013.0,11112197
3013.0,11111788
3013.0,11111277
3013.0,11112175
3013.0,11114243
3013.0,11110750
3013.0,11113999
3013.0,11112733
3013.0,11111016
3013.0,11111474
3013.0,11111351
3013.0,11113048
3013.0,11111970
3013.0,11111538
3013.0,11111982
3013.0,11112008
3013.0,11111637
3013.0,11111887
3013.0,11111482
3013.0,11112699
3013.0,11112409
3013.0,11112070
3013.0,11112610
3013.0,11111594
3013.0,11113063
3013.0,11112637
3013.0,11111862
3013.0,11111800
3013.0,11112248
3023.0,11103596
3023.0,11103503
3023.0,11103830
3023.0,11102837
3023.0,11104096
3023.0,11104693
3023.0,11102272
3023.0,11104129
3023.0,11104378
3023.0,11104694
3023.0,11103098
3023.0,11103998
3023.0,11103505
3023.0,11103241
3023.0,11105305
3023.0,11104572
3023.0,11104796
3023.0,11103441
3023.0,11105460
3023.0,11103049
3023.0,11103361
3023.0,11104385
3023.0,11103816
3023.0,11104814
3023.0,11103689
3023.0,11104376
3023.0,11103433
3023.0,11103949
3023.0,11105681
3023.0,11104347
3023.0,11104895
3023.0,11104792
3023.0,11104158
3023.0,11105123
3023.0,11104730
3023.0,11105723
3023.0,11104468
3023.0,11103818
3023.0,11104038
3023.0,11102839
3023.0,11102172
3023.0,11104900
3023.0,11103212
3023.0,11102967
3023.0,11103683
3023.0,11102191
3023.0,11105453
3023.0,11103656
3023.0,11105760
3023.0,11104916
3023.0,11103223
3033.0,11096977
3033.0,11094856
3033.0,11095640
3033.0,11095905
3033.0,11094815
3033.0,11095282
3033.0,11095147
3033.0,11094528
3033.0,11094740
3033.0,11094950
3033.0,11094639
3033.0,11095949
3033.0,11095121
3033.0,11095240
3033.0,11096019
3033.0,11095784
3033.0,11096601
3033.0,11095143
3033.0,11095584
3033.0,11096144
3033.0,11096304
3033.0,11095401
3033.0,11095005
3033.0,11095524
3033.0,11094825
3033.0,11093702
3033.0,11095979
3033.0,11095160
3033.0,11095875
3033.0,11094741
3033.0,11095315
3033.0,11096179
3033.0,11097822
3033.0,11095838
3033.0,11094377
3033.0,11094573
3033.0,11095115
3033.0,11095772
3033.0,11095424
3043.0,11086061
3043.0,11085450
3043.0,11085842
3043.0,11086405
3043.0,11085075
3043.0,11086234
3043.0,11086057
3043.0,11086589
3043.0,11086349
3043.0,11086473
3043.0,11085471
3043.0,11085126
3043.0,11085278
3043.0,11087081
3043.0,11086331
3043.0,11086116
3043.0,11085660
3043.0,11086740
3043.0,11086549
3043.0,11084895
3043.0,11086415
3043.0,11085627
3043.0,11086155
3043.0,11085398
3043.0,11087096
3043.0,11085910
3043.0,11086202
3043.0,11085342
3043.0,11086980
3043.0,11084198
3043.0,11087027
3043.0,11086325
3043.0,11086708
3053.0,11077968
3053.0,11078324
3053.0,11079997
3053.0,11078787
3053.0,11078699
3053.0,11077758
3053.0,11077858
3053.0,11077208
3053.0,11078980
3053.0,11079852
3053.0,11078391
3053.0,11078958
3053.0,11079456
3053.0,11080210
3053.0,11079272
3053.0,11079023
3053.0,11078574
3053.0,11079425
3053.0,11080522
3053.0,11079318
3053.0,11079339
3053.0,11079830
3053.0,11077398
3053.0,11078366
3053.0,11078615
3053.0,11078110
3053.0,11079305
3053.0,11077375
3053.0,11077445
3053.0,11076011
3053.0,11080530
3053.0,11080374
3063.0,11068263
3063.0,11071099
3063.0,11069714
3063.0,11069352
3063.0,11069629
3063.0,11070428
3063.0,11071347
3063.0,11071035
3063.0,11070315
3063.0,11070565
3063.0,11070781
3063.0,11071000
3063.0,11071187
3063.0,11070494
3063.0,11070294
3063.0,11070993
3063.0,11070038
3063.0,11070519
3063.0,11071422
3063.0,11071400
3063.0,11070483
3063.0,11070289
3063.0,11069382
3063.0,11069379
3063.0,11068465
3063.0,11070778
3063.0,11070533
3063.0,11071771
3063.0,11071628
3063.0,11070075
3063.0,11070808
3063.0,11070796
3063.0,11070297
3063.0,11070933
3063.0,11072292
3063.0,11071342
3063.0,11070377
3073.0,11062206
3073.0,11061834
3073.0,11061223
3073.0,11062552
3073.0,11061884
3073.0,11062124
3073.0,11063172
3073.0,11062922
3073.0,11062803
3073.0,11062808
3073.0,11061261
3073.0,11062818
3073.0,11060820
3073.0,11061306
3073.0,11060043
3073.0,11062717
3073.0,11063379
3073.0,11061558
3073.0,11060894
3073.0,11062853
3073.0,11062095
3073.0,11062449
3073.0,11063053
3073.0,11061084
3073.0,11061234
3073.0,11061927
3073.0,11061308
3073.0,11061825
3073.0,11061314
3073.0,11060523
3073.0,11061994
3073.0,11062333
3073.0,11060615
3073.0,11061460
3073.0,11061675
3073.0,11061696
3073.0,11061058
3073.0,11061794
3073.0,11062543
3073.0,11062696
3073.0,11061468
3073.0,11062188
3073.0,11061894
3073.0,11063695
3073.0,11060798
3073.0,11063068
3073.0,11062908
3073.0,11062727
3073.0,11061773
3073.0,11061854
3073.0,11062174
3073.0,11062295
3073.0,11061809
3073.0,11060580
3073.0,11060870
3073.0,11062888
3073.0,11062445
3073.0,11062429
3073.0,11062545
3073.0,11062912
3083.0,11052999
3083.0,11053879
3083.0,11052564
3083.0,11053319
3083.0,11052997
3083.0,11054584
3083.0,11052631
3083.0,11052743
3083.0,11052870
3083.0,11052029
3083.0,11054101
3083.0,11053683
3083.0,11053349
3083.0,11053865
3083.0,11052990
3083.0,11052272
3083.0,11054392
3083.0,11053265
3083.0,11052074
3083.0,11053708
3083.0,11052923
3083.0,11052760
3083.0,11052390
3083.0,11053478
3083.0,11053900
3083.0,11052337
3083.0,11053304
3083.0,11052301
3083.0,11052756
3083.0,11053066
3083.0,11053209
3083.0,11053781
3083.0,11053433
3083.0,11053152
3083.0,11052260
3083.0,11052833
3083.0,11053207
3083.0,11051913
3083.0,11053188
3093.0,11044686
3093.0,11044691
3093.0,11044528
3093.0,11044715
3093.0,11045090
3093.0,11044140
3093.0,11044642
3093.0,11044761
3093.0,11044497
3093.0,11044428
3093.0,11045152
3093.0,11044654
3093.0,11045043
3093.0,11044417
3093.0,11046149
3093.0,11044822
3093.0,11043617
3093.0,11044444
3093.0,11044545
3093.0,11045079
3093.0,11044549
3093.0,11045461
3093.0,11044488
3093.0,11044782
3093.0,11044251
3093.0,11044003
3093.0,11043842
3093.0,11045357
3093.0,11043564
3093.0,11044688
3093.0,11044516
3093.0,11045331
3093.0,11045222
3093.0,11044886
3093.0,11044957
3093.0,11044847
3093.0,11043602
3093.0,11045340
3093.0,11044237
3093.0,11044331
3093.0,11044947
3093.0,11045305
3093.0,11044643
3093.0,11044512
3093.0,11043636
3093.0,11044447
3093.0,11045319
3093.0,11044448
3093.0,11045407
3093.0,11045029
3093.0,11044706
3093.0,11045088
3093.0,11045266
3093.0,11044275
3093.0,11044130
3093.0,11045081
3093.0,11043835
3093.0,11044984
3093.0,11045092
3093.0,11044589
3093.0,11044702
3093.0,11044317
3093.0,11044682
3093.0,11044793
3093.0,11044121
3093.0,11045490
3093.0,11044229
3093.0,11044542
3093.0,11046834
3093.0,11044355
3093.0,11044659
3093.0,11045641
3093.0,11044687
3103.0,11036434
3103.0,11036148
3103.0,11036363
3103.0,11036555
3103.0,11035651
3103.0,11036850
3103.0,11036645
3103.0,11037495
3103.0,11036807
3103.0,11036857
3103.0,11037879
3103.0,11036771
3103.0,11036339
3103.0,11037100
3103.0,11037598
3103.0,11037111
3103.0,11036425
3103.0,11035784
3103.0,11037058
3103.0,11036706
3103.0,11036709
3103.0,11036590
3103.0,11036818
3103.0,11037022
3103.0,11036031
3103.0,11037226
3103.0,11037141
3103.0,11036888
3103.0,11035953
3103.0,11036778
3103.0,11036460
3103.0,11035059
3103.0,11036460
3103.0,11036984
3103.0,11036207
3103.0,11036288
3103.0,11037446
3103.0,11035741
3103.0,11035996
3103.0,11035930
3103.0,11036160
3103.0,11036580
3103.0,11037198
3103.0,11037079
3113.0,11028923
3113.0,11029672
3113.0,11029342
3113.0,11028713
3113.0,11028556
3113.0,11030153
3113.0,11030142
3113.0,11029379
3113.0,11029105
3113.0,11030080
3113.0,11028749
3113.0,11029891
3113.0,11029748
3113.0,11028081
3113.0,11027752
3113.0,11029144
3113.0,11030602
3113.0,11027659
3113.0,11029735
3113.0,11029587
3113.0,11028892
3113.0,11029858
3113.0,11029759
3113.0,11030581
3113.0,11028468
3113.0,11028671
3113.0,11030355
3113.0,11030387
3113.0,11030374
3113.0,11031742
3113.0,11031221
3113.0,11029491
3113.0,11029878
3113.0,11028445
3113.0,11029482
3113.0,11029520
3113.0,11028274
3113.0,11029475
3113.0,11028438
3113.0,11029228
3113.0,11029982
3113.0,11029395
3113.0,11029225
3113.0,11030066
3113.0,11029163
3113.0,11028373
3113.0,11029449
3113.0,11028449
3113.0,11027338
3113.0,11028887
3113.0,11028764
3113.0,11028897
3113.0,11029149
3113.0,11029722
3123.0,11021329
3123.0,11021097
3123.0,11022561
3123.0,11022085
3123.0,11021908
3123.0,11022829
3123.0,11022012
3123.0,11022873
3123.0,11022689
3123.0,11022847
3123.0,11021108
3123.0,11021270
3123.0,11023054
3123.0,11021204
3123.0,11022272
3123.0,11022241
3123.0,11022347
3123.0,11022890
3123.0,11021853
3123.0,11022664
3123.0,11021710
3123.0,11024199
3123.0,11022003
3123.0,11022391
3123.0,11023480
3123.0,11022754
3123.0,11022401
3123.0,11021587
3123.0,11021856
3123.0,11023576
3123.0,11020457
3123.0,11022986
3123.0,11021989
3123.0,11021874
3123.0,11022573
3123.0,11021634
3123.0,11023577
3123.0,11021202
3123.0,11022028
3123.0,11021167
3123.0,11020620
3123.0,11021560
3123.0,11020984
3123.0,11024395
3123.0,11022216
3123.0,11021419
3123.0,11022077
3123.0,11022285
3123.0,11022129
3123.0,11022183
3123.0,11021379
3123.0,11020961
3123.0,11019425
3123.0,11021623
3123.0,11020663
3123.0,11021732
3123.0,11021592
3123.0,11021667
3133.0,11012915
3133.0,11014418
3133.0,11013207
3133.0,11011809
3133.0,11013153
3133.0,11013463
3133.0,11012477
3133.0,11013413
3133.0,11012698
3133.0,11013270
3133.0,11013235
3133.0,11014646
3133.0,11013428
3133.0,11014561
3133.0,11013194
3133.0,11014459
3133.0,11013416
3133.0,11013234
3133.0,11014291
3133.0,11012930
3133.0,11013267
3133.0,11011327
3133.0,11014114
3133.0,11011682
3133.0,11014227
3133.0,11013586
3133.0,11013596
3133.0,11014212
3133.0,11012709
3133.0,11013723
3133.0,11015144
3133.0,11013576
3133.0,11014048
3133.0,11013005
3133.0,11014255
3133.0,11014291
3133.0,11013919
3133.0,11014149
3133.0,11012686
3133.0,11014402
3133.0,11014514
3133.0,11014202
3133.0,11013404
3133.0,11013849
3133.0,11012719
3133.0,11012433
3133.0,11013115
3133.0,11014071
3133.0,11013029
3133.0,11012677
3133.0,11011708
3133.0,11013399
3133.0,11013580
3133.0,11013594
3143.0,11006337
3143.0,11007267
3143.0,11006474
3143.0,11006489
3143.0,11007091
3143.0,11004905
3143.0,11005964
3143.0,11007413
3143.0,11007019
3143.0,11008576
3143.0,11005552
3143.0,11007252
3143.0,11004234
3143.0,11007200
3143.0,11005212
3143.0,11006204
3143.0,11007166
3143.0,11005178
3143.0,11006898
3143.0,11007531
3143.0,11005767
3143.0,11006892
3143.0,11007088
3143.0,11005531
3143.0,11006848
3143.0,11006528
3143.0,11006903
3143.0,11006857
3143.0,11006758
3143.0,11007712
3143.0,11006845
3143.0,11006178
3143.0,11006475
3143.0,11005169
3143.0,11007030
3143.0,11006083
3143.0,11006474
3143.0,11005661
3143.0,11005804
3143.0,11006965
3143.0,11006252
3143.0,11007908
3143.0,11007833
3143.0,11007034
3143.0,11006039
3143.0,11006541
3143.0,11007728
3143.0,11005753
3143.0,11006157
3143.0,11005885
3143.0,11007260
3143.0,11008114
3143.0,11006681
3143.0,11005563
3143.0,11006743
3143.0,11007412
3143.0,11005892
3143.0,11005543
3143.0,11007486
3143.0,11006361
3143.0,11007552
3143.0,11006905
3143.0,11008620
3143.0,11006098
3143.0,11006740
3143.0,11006599
3143.0,11006821
3143.0,11007734
3143.0,11006579
3143.0,11007776
3143.0,11006792
3143.0,11005290
3143.0,11007922
3143.0,11006987
3153.0,10997422
3153.0,10999692
3153.0,10997910
3153.0,10998767
3153.0,10996185
3153.0,10995481
3153.0,10998153
3153.0,10997372
3153.0,10997598
3153.0,10996972
3153.0,10998946
3153.0,10996968
3153.0,10998990
3153.0,10996560
3153.0,10995533
3153.0,10997880
3153.0,10996827
3153.0,10996855
3153.0,10997047
3153.0,10998424
3153.0,10997465
3153.0,10997734
3153.0,10997618
3153.0,10999054
3153.0,10998505
3153.0,10997356
3153.0,10996792
3153.0,10997298
3153.0,10996152
3153.0,10997787
3153.0,10998563
3153.0,10998537
3153.0,10998915
3153.0,10996506
3153.0,10996429
3153.0,10995856
3153.0,10996542
3153.0,10998238
3153.0,10999649
3153.0,10997379
3153.0,10998675
3153.0,10996594
3153.0,10997686
3153.0,10997523
3153.0,10997784
3153.0,10996649
3153.0,10997747
3153.0,10998119
3153.0,10997050
3153.0,10997270
3153.0,10997761
3153.0,10997333
3153.0,10999305
3153.0,10996795
3153.0,10996465
3153.0,10997865
3153.0,10997474
3153.0,10998067
3153.0,10996798
3153.0,10997518
3153.0,10998230
3153.0,10997182
3153.0,10998563
3153.0,10996253
3153.0,10996435
3153.0,10997983
3153.0,10998741
3153.0,10998658
3153.0,10997399
3153.0,10998226
3153.0,10996306
3153.0,10996391
3153.0,10996641
3153.0,10997573
3163.0,10990605
3163.0,10990346
3163.0,10990535
3163.0,10990467
3163.0,10991142
3163.0,10990269
3163.0,10990401
3163.0,10990376
3163.0,10990864
3163.0,10990975
3163.0,10989130
3163.0,10990102
3163.0,10991033
3163.0,10990756
3163.0,10990159
3163.0,10990608
3163.0,10989622
3163.0,10989097
3163.0,10989990
3163.0,10990181
3163.0,10990390
3163.0,10990368
3163.0,10989612
3163.0,10989561
3163.0,10991167
3163.0,10991325
3163.0,10991009
3163.0,10990760
3163.0,10990113
3163.0,10989802
3163.0,10990523
3163.0,10989742
3163.0,10989855
3163.0,10990365
3163.0,10991266
3163.0,10991004
3163.0,10991112
3163.0,10990792
3163.0,10991534
3163.0,10990099
3163.0,10990673
3163.0,10989961
3163.0,10990832
3163.0,10990861
3163.0,10990925
3163.0,10989955
3163.0,10990379
3163.0,10990998
3163.0,10990915
3163.0,10990623
3173.0,10982330
3173.0,10983145
3173.0,10982748
3173.0,10983111
3173.0,10982465
3173.0,10983064
3173.0,10982357
3173.0,10983201
3173.0,10983330
3173.0,10981855
3173.0,10983376
3173.0,10982923
3173.0,10982491
3173.0,10983216
3173.0,10985176
3173.0,10982824
3173.0,10983196
3173.0,10985171
3173.0,10980463
3173.0,10984721
3173.0,10983094
3173.0,10982713
3173.0,10983129
3173.0,10982812
3173.0,10983143
3173.0,10984070
3173.0,10982663
3173.0,10983148
3173.0,10984922
3173.0,10983137
3173.0,10983167
3173.0,10983389
3173.0,10983056
3183.0,10973291
3183.0,10973154
3183.0,10974522
3183.0,10974925
3183.0,10974435
3183.0,10973931
3183.0,10973489
3183.0,10974913
3183.0,10974338
3183.0,10974056
3183.0,10974100
3183.0,10973871
3183.0,10971558
3183.0,10973864
3183.0,10973646
3183.0,10974640
3183.0,10975430
3183.0,10974821
3183.0,10974175
3183.0,10973431
3183.0,10975186
3183.0,10974672
3183.0,10975404
3183.0,10975732
3183.0,10972994
3183.0,10974455
3183.0,10975168
3183.0,10974976
3183.0,10974678
3183.0,10974179
3183.0,10974638
3183.0,10974894
3183.0,10975991
3183.0,10974258
3183.0,10974015
3183.0,10975377
3183.0,10973740
3183.0,10973369
3183.0,10975894
3183.0,10974310
3183.0,10974859
3183.0,10973205
3183.0,10975154
3183.0,10973273
3183.0,10974638
3183.0,10975273
3183.0,10973735
3183.0,10974905
3183.0,10974676
3183.0,10975638
3183.0,10974238
3183.0,10974947
3183.0,10976117
3183.0,10974526
3183.0,10975131
3183.0,10975425
3183.0,10974895
3183.0,10975251
3183.0,10975214
3183.0,10974925
3183.0,10974980
3183.0,10974874
3183.0,10974043
3183.0,10975298
3183.0,10974419
3183.0,10975690
3183.0,10974201
3183.0,10974459
3183.0,10975613
3183.0,10973032
3183.0,10974379
3183.0,10974964
3183.0,10973788
3183.0,10974121
3183.0,10974136
3183.0,10975268
3183.0,10975008
3183.0,10974008
3183.0,10974582
3183.0,10975438
3183.0,10974702
3183.0,10973771
3183.0,10974866
3183.0,10972496
3183.0,10975987
3183.0,10974921
3183.0,10974455
3183.0,10973017
3183.0,10972929
3183.0,10975352
3183.0,10974396
3183.0,10974759
3183.0,10974793
3183.0,10975541
3183.0,10974539
3183.0,10976173
3183.0,10974848
3183.0,10973938
3183.0,10973671
3183.0,10974485
3183.0,10975960
3183.0,10974057
3193.0,10966687
3193.0,10968366
3193.0,10968283
3193.0,10967623
3193.0,10967944
3193.0,10966258
3193.0,10969569
3193.0,10967350
3193.0,10967013
3193.0,10967483
3193.0,10967275
3193.0,10968141
3193.0,10969966
3193.0,10968690
3193.0,10967898
3193.0,10968374
3193.0,10969376
3193.0,10968556
3193.0,10967947
3193.0,10969565
3193.0,10967483
3193.0,10968671
3193.0,10968011
3193.0,10967308
3193.0,10969299
3193.0,10966733
3193.0,10967351
3193.0,10969715
3193.0,10967311
3193.0,10968093
3193.0,10967664
3193.0,10968510
3193.0,10967457
3193.0,10969386
3193.0,10969354
3193.0,10969321
3193.0,10967899
3193.0,10967965
3193.0,10968551
3193.0,10968586
3193.0,10968841
3193.0,10968334
3193.0,10969227
3193.0,10966996
3193.0,10968615
3193.0,10969604
3193.0,10969488
3193.0,10968924
3193.0,10968243
3193.0,10968045
3193.0,10968471
3193.0,10968046
3193.0,10967397
3193.0,10968598
3193.0,10968354
3193.0,10968082
3193.0,10968552
3193.0,10966673
3193.0,10968169
3193.0,10969224
3193.0,10968008
3193.0,10969037
3193.0,10968806
3193.0,10968453
3193.0,10966036
3193.0,10969015
3203.0,10960313
3203.0,10960972
3203.0,10959974
3203.0,10960388
3203.0,10959603
3203.0,10959729
3203.0,10960280
3203.0,10960789
3203.0,10958602
3203.0,10958885
3203.0,10960277
3203.0,10960907
3203.0,10959898
3203.0,10959154
3203.0,10958945
3203.0,10959969
3203.0,10958833
3203.0,10958745
3203.0,10959748
3203.0,10960214
3203.0,10960263
3203.0,10959244
3203.0,10960686
3203.0,10959696
3203.0,10959630
3203.0,10961049
3213.0,10951897
3213.0,10951112
3213.0,10952477
3213.0,10951507
3213.0,10951308
3213.0,10952115
3213.0,10952212
3213.0,10953181
3213.0,10951811
3213.0,10952862
3213.0,10953666
3213.0,10951485
3213.0,10951821
3213.0,10951832
3213.0,10953094
3213.0,10953094
3213.0,10951036
3213.0,10950808
3213.0,10951410
3213.0,10952153
3213.0,10953824
3213.0,10950513
3213.0,10950827
3213.0,10951919
3213.0,10952404
3213.0,10950272
3213.0,10950971
3213.0,10951362
3213.0,10951872
3213.0,10951544
3213.0,10951388
3213.0,10951586
3213.0,10952685
3213.0,10950839
3213.0,10951719
3213.0,10952382
3213.0,10951330
3213.0,10948914
3213.0,10952320
3213.0,10952881
3213.0,10952269
3213.0,10952524
3213.0,10951548
3213.0,10952377
3213.0,10950993
3213.0,10951197
3213.0,10952168
3213.0,10952065
3213.0,10953597
3213.0,10952920
3213.0,10952428
3213.0,10952294
3213.0,10951353
3213.0,10953340
3213.0,10953529
3213.0,10950622
3213.0,10952110
3213.0,10951307
3213.0,10951221
3213.0,10951522
3213.0,10950349
3213.0,10951043
3223.0,10944686
3223.0,10945209
3223.0,10943412
3223.0,10943935
3223.0,10945044
3223.0,10944682
3223.0,10945354
3223.0,10943585
3223.0,10944782
3223.0,10944236
3223.0,10943062
3223.0,10945856
3223.0,10945377
3223.0,10944595
3223.0,10944984
3223.0,10945245
3223.0,10946205
3223.0,10943563
3223.0,10944594
3223.0,10946190
3223.0,10943223
3223.0,10945325
3223.0,10944593
3223.0,10946178
3223.0,10945731
3223.0,10945330
3223.0,10943319
3223.0,10944540
3223.0,10943195
3223.0,10944369
3223.0,10943477
3223.0,10945016
3223.0,10945623
3223.0,10943947
3223.0,10944763
3223.0,10944362
3223.0,10944745
3223.0,10945887
3223.0,10946602
3223.0,10944815
3223.0,10944345
3223.0,10944365
3223.0,10945545
3223.0,10945498
3223.0,10944372
3223.0,10945551
3223.0,10945180
3223.0,10943923
3223.0,10945097
3223.0,10944748
3223.0,10945332
3223.0,10946012
3223.0,10945700
3223.0,10945530
3223.0,10944482
3223.0,10945679
3233.0,10937623
3233.0,10938474
3233.0,10937620
3233.0,10936974
3233.0,10938285
3233.0,10936607
3233.0,10939152
3233.0,10937383
3233.0,10937524
3233.0,10938448
3233.0,10938271
3233.0,10938086
3233.0,10937454
3233.0,10937888
3233.0,10938389
3233.0,10936906
3233.0,10937574
3233.0,10938520
3233.0,10938601
3233.0,10938775
3233.0,10937086
3233.0,10939008
3233.0,10937916
3233.0,10937682
3233.0,10939577
3233.0,10938470
3233.0,10938107
3233.0,10939613
3233.0,10938246
3233.0,10937352
3233.0,10937354
3233.0,10939361
3233.0,10938888
3233.0,10937888
3233.0,10939263
3233.0,10937477
3233.0,10936949
3233.0,10939939
3233.0,10937559
3233.0,10937807
3233.0,10938657
3233.0,10939248
3233.0,10937997
3233.0,10937738
3233.0,10937907
3233.0,10939001
3233.0,10938556
3233.0,10937871
3233.0,10938865
3233.0,10939382
3233.0,10937450
3233.0,10938348
3233.0,10938267
3233.0,10938124
3233.0,10937089
3233.0,10938144
3233.0,10937273
3333.0,10861064
3333.0,10863462
3333.0,10863497
3333.0,10862962
3333.0,10862989
3333.0,10861424
3333.0,10861699
3333.0,10859919
3333.0,10863536
3333.0,10862328
3333.0,10861678
3333.0,10862764
3333.0,10863289
3333.0,10862259
3333.0,10862158
3333.0,10862834
3333.0,10862187
3333.0,10863556
3333.0,10861770
3333.0,10862292
3333.0,10863258
3333.0,10863534
3333.0,10862984
3333.0,10862868
3333.0,10863548
3333.0,10864495
3333.0,10861552
3333.0,10863888
3333.0,10862475
3333.0,10862007
3333.0,10863309
3333.0,10862642
3333.0,10862570
3333.0,10863042
3333.0,10861641
3333.0,10864267
3333.0,10861378
3333.0,10860842
3333.0,10862629
3333.0,10862629
3333.0,10861208
3333.0,10862928
3333.0,10862076
3333.0,10862989
3333.0,10861608
3333.0,10862485
3333.0,10862541
3333.0,10861973
3333.0,10862110
3333.0,10865195
3333.0,10864153
3333.0,10862185
3333.0,10860825
3333.0,10862064
3333.0,10860753
3333.0,10862742
3333.0,10861158
3333.0,10861744
3333.0,10862279
3333.0,10863194
3333.0,10862634
3333.0,10862731
3333.0,10862552
3333.0,10864091
3333.0,10862606
3333.0,10862779
3333.0,10864610
3333.0,10862378
3333.0,10863006
3333.0,10862352
3333.0,10860856
3333.0,10861575
3333.0,10862910
3333.0,10863500
3333.0,10862241
3333.0,10861908
3333.0,10863345
3333.0,10862552
3333.0,10861149
3333.0,10862306
3333.0,10862663
3333.0,10862251
3333.0,10863513
3333.0,10862946
3333.0,10861272
3333.0,10862207
3333.0,10862586
3333.0,10862442
3333.0,10862696
3333.0,10863129
3333.0,10863114
3333.0,10863250
3333.0,10861973
3333.0,10861047
3333.0,10862222
3333.0,10864253
3333.0,10862127
3333.0,10861456
3333.0,10861948
3333.0,10862270
3433.0,10795601
3433.0,10797431
3433.0,10795441
3433.0,10795720
3433.0,10795393
3433.0,10796194
3433.0,10796526
3433.0,10797662
3433.0,10797696
3433.0,10794962
3433.0,10796050
3433.0,10796433
3433.0,10795548
3433.0,10798656
3433.0,10795931
3433.0,10797667
3433.0,10797978
3433.0,10797218
3433.0,10796578
3433.0,10796100
3433.0,10795571
3433.0,10795503
3433.0,10796251
3433.0,10796882
3433.0,10796261
3433.0,10796392
3433.0,10796794
3433.0,10795416
3433.0,10795891
3433.0,10796806
3433.0,10795310
3433.0,10795573
3433.0,10794717
3433.0,10794573
3433.0,10797271
3433.0,10797110
3433.0,10796607
3433.0,10797149
3433.0,10796898
3433.0,10796381
3433.0,10796149
3433.0,10797003
3433.0,10797325
3433.0,10796559
3433.0,10796281
3433.0,10798475
3433.0,10796649
3433.0,10797369
3433.0,10796332
3433.0,10795508
3433.0,10795987
3433.0,10794966
3433.0,10795262
3433.0,10797142
3433.0,10796161
3433.0,10796160
3433.0,10796923
3433.0,10794667
3433.0,10796818
3433.0,10796880
3433.0,10796151
3433.0,10796457
3533.0,10732222
3533.0,10731860
3533.0,10732391
3533.0,10732741
3533.0,10731440
3533.0,10731659
3533.0,10730433
3533.0,10730951
3533.0,10731662
3533.0,10730434
3533.0,10730369
3533.0,10730538
3533.0,10732056
3533.0,10733532
3533.0,10731152
3533.0,10731874
3533.0,10731617
3533.0,10731801
3533.0,10731224
3533.0,10730109
3533.0,10731591
3533.0,10732584
3533.0,10732297
3533.0,10731393
3533.0,10731959
3533.0,10731873
3533.0,10732697
3533.0,10731358
3533.0,10731889
3533.0,10731142
3533.0,10731087
3533.0,10731623
3533.0,10730823
3533.0,10731810
3533.0,10732351
3533.0,10731322
3533.0,10732997
3533.0,10731449
3533.0,10733401
3533.0,10732053
3533.0,10732727
3533.0,10732849
3533.0,10732509
3533.0,10731689
3533.0,10730892
3533.0,10730980
3533.0,10731944
3533.0,10731428
3533.0,10731887
3533.0,10731629
3533.0,10733363
3533.0,10732936
3533.0,10731643
3533.0,10732908
3533.0,10731628
3533.0,10731523
3533.0,10730905
3533.0,10729010
3533.0,10732309
3533.0,10730305
3533.0,10732023
3533.0,10732354
3533.0,10733113
3533.0,10731205
3633.0,10671295
3633.0,10670936
3633.0,10670556
3633.0,10670423
3633.0,10671262
3633.0,10672439
3633.0,10670205
3633.0,10671355
3633.0,10671456
3633.0,10671906
3633.0,10671191
3633.0,10671197
3633.0,10670783
3633.0,10672345
3633.0,10673046
3633.0,10671076
3633.0,10671539
3633.0,10670320
3633.0,10670213
3633.0,10671999
3633.0,10671474
3633.0,10669918
3633.0,10672678
3633.0,10670370
3633.0,10671445
3633.0,10673142
3633.0,10670305
3633.0,10671537
3633.0,10670741
3633.0,10670978
3633.0,10672034
3633.0,10670545
3633.0,10671111
3633.0,10672540
3633.0,10672758
3633.0,10672152
3633.0,10671748
3633.0,10670322
3633.0,10669980
3633.0,10670623
3633.0,10670576
3633.0,10671263
3633.0,10670583
3633.0,10671831
3633.0,10670474
3633.0,10671871
3633.0,10670833
3633.0,10671976
3633.0,10670115
3633.0,10671874
3633.0,10670695
3633.0,10671172
3633.0,10671407
3633.0,10671726
3633.0,10670983
3633.0,10672328
3633.0,10672519
3633.0,10671055
3633.0,10671352
3633.0,10670718
3633.0,10672048
3633.0,10672558
3633.0,10671024
3633.0,10673772
3633.0,10670583
3633.0,10670619
3633.0,10672037
3633.0,10672013
3633.0,10669105
3633.0,10670680
3633.0,10669999
3633.0,10671700
3633.0,10670823
3633.0,10671927
3633.0,10669873
3633.0,10669531
3633.0,10671283
3633.0,10671253
3633.0,10671239
3633.0,10671547
3633.0,10670414
3633.0,10671924
3633.0,10671681
3633.0,10669880
3633.0,10671432
3633.0,10670945
3633.0,10672904
3633.0,10672467
3633.0,10671257
3633.0,10670927
3633.0,10670753
3633.0,10672085
3633.0,10671297
3633.0,10671484
3633.0,10672902
3633.0,10672455
3733.0,10614258
3733.0,10611737
3733.0,10611197
3733.0,10612634
3733.0,10611210
3733.0,10611488
3733.0,10612885
3733.0,10613943
3733.0,10613600
3733.0,10611788
3733.0,10610947
3733.0,10611255
3733.0,10611545
3733.0,10612644
3733.0,10612575
3733.0,10612484
3733.0,10614229
3733.0,10612058
3733.0,10612575
3733.0,10613562
3733.0,10610913
3733.0,10610182
3733.0,10612255
3733.0,10611481
3733.0,10611462
3733.0,10611163
3733.0,10612570
3733.0,10612277
3733.0,10612898
3733.0,10612597
3733.0,10612234
3733.0,10611440
3733.0,10612499
3733.0,10612682
3733.0,10611729
3733.0,10614013
3733.0,10613069
3733.0,10611914
3733.0,10611637
3733.0,10611824
3733.0,10612679
3733.0,10612688
3733.0,10611788
3833.0,10555650
3833.0,10554970
3833.0,10556290
3833.0,10555307
3833.0,10555119
3833.0,10556329
3833.0,10555350
3833.0,10556409
3833.0,10553944
3833.0,10554875
3833.0,10556061
3833.0,10555287
3833.0,10555419
3833.0,10555415
3833.0,10554469
3833.0,10554148
3833.0,10555907
3833.0,10555680
3833.0,10555806
3833.0,10555635
3833.0,10555781
3833.0,10554828
3833.0,10555097
3833.0,10554933
3833.0,10556932
3833.0,10555627
3833.0,10556906
3833.0,10556404
3833.0,10556891
3833.0,10555020
3833.0,10556130
3833.0,10553613
3833.0,10555739
3833.0,10555806
3833.0,10555441
3833.0,10555998
3833.0,10556568
3833.0,10555988
3833.0,10554933
3833.0,10555449
3833.0,10555260
3833.0,10555073
3833.0,10554887
3833.0,10556899
3833.0,10556182
3833.0,10554694
3833.0,10555724
3833.0,10555640
3833.0,10554340
3833.0,10555960
3833.0,10556540
3833.0,10554928
3833.0,10554874
3833.0,10554788
3833.0,10555740
3833.0,10556737
3833.0,10554011
3833.0,10555555
3833.0,10556332
3833.0,10555026
3833.0,10554390
3833.0,10554980
3833.0,10554488
3833.0,10555099
3833.0,10555804
3833.0,10555666
3833.0,10555383
3833.0,10556232
3833.0,10555028
3833.0,10555417
3833.0,10555871
3833.0,10555394
3833.0,10554648
3833.0,10555616
3833.0,10555740
3833.0,10555166
3833.0,10555015
3833.0,10555414
3833.0,10555973
3833.0,10555489
3833.0,10554203
3833.0,10555913
3833.0,10556368
3833.0,10556350
3833.0,10554381
3833.0,10556600
3833.0,10554503
3833.0,10555015
3833.0,10554989
3933.0,10505009
3933.0,10504888
3933.0,10505504
3933.0,10503855
3933.0,10504664
3933.0,10504558
3933.0,10505251
3933.0,10504989
3933.0,10504511
3933.0,10503318
3933.0,10503848
3933.0,10505142
3933.0,10503443
3933.0,10504919
3933.0,10505083
3933.0,10503477
3933.0,10504878
3933.0,10505325
3933.0,10504683
3933.0,10503930
3933.0,10504284
3933.0,10504363
3933.0,10504013
3933.0,10505205
3933.0,10505250
3933.0,10504647
3933.0,10504495
3933.0,10505260
3933.0,10505420
3933.0,10504660
3933.0,10503687
3933.0,10503717
3933.0,10504764
3933.0,10503918
3933.0,10504263
3933.0,10503600
3933.0,10504479
3933.0,10504969
3933.0,10506096
3933.0,10504182
3933.0,10505109
3933.0,10504402
3933.0,10503387
3933.0,10504750
3933.0,10504738
3933.0,10505699
3933.0,10504951
3933.0,10505536
3933.0,10505064
3933.0,10505855
3933.0,10505173
3933.0,10505042
3933.0,10504041
3933.0,10506037
3933.0,10504239
3933.0,10504056
3933.0,10504600
3933.0,10503622
3933.0,10506814
3933.0,10503625
3933.0,10502580
3933.0,10505463
3933.0,10504537
3933.0,10505050
3933.0,10503786
3933.0,10504497
3933.0,10504544
3933.0,10503813
3933.0,10503850
3933.0,10504408
3933.0,10504681
3933.0,10504906
3933.0,10505427
3933.0,10505232
3933.0,10505662
4033.0,10455203
4033.0,10455237
4033.0,10452879
4033.0,10456219
4033.0,10455116
4033.0,10454191
4033.0,10453374
4033.0,10453528
4033.0,10453965
4033.0,10454441
4033.0,10454976
4033.0,10454274
4033.0,10454054
4033.0,10454590
4033.0,10456270
4033.0,10454394
4033.0,10454290
4033.0,10454407
4033.0,10454703
4033.0,10454513
4033.0,10454412
4033.0,10454883
4033.0,10454912
4033.0,10454167
4033.0,10456436
4033.0,10453794
4033.0,10454427
4033.0,10453482
4033.0,10455039
4033.0,10453972
4033.0,10455437
4033.0,10454795
4033.0,10454780
4033.0,10453313
4033.0,10455160
4033.0,10455053
4033.0,10455042
4033.0,10454537
4033.0,10454866
4033.0,10453983
4033.0,10454948
4033.0,10454949
4033.0,10454777
4033.0,10454495
4033.0,10454821
4033.0,10454614
4033.0,10455071
4033.0,10454366
4033.0,10455899
4033.0,10455061
4033.0,10454765
4033.0,10453158
4033.0,10455397
4033.0,10454973
4033.0,10454385
4033.0,10455579
4033.0,10454645
4033.0,10455054
4033.0,10454790
4033.0,10454691
4033.0,10454248
4033.0,10454524
4033.0,10454554
4033.0,10454329
4033.0,10454509
4033.0,10455038
4033.0,10454749
4033.0,10455112
4033.0,10454443
4033.0,10454553
4033.0,10454477
4033.0,10454803
4033.0,10454292
4033.0,10455359
4033.0,10454483
4033.0,10454263
4033.0,10454528
4033.0,10453503
4033.0,10454183
4033.0,10454424
4033.0,10455182
4033.0,10454277
4033.0,10455559
4033.0,10454066
4033.0,10454004
4033.0,10454396
4033.0,10454275
4133.0,10406565
4133.0,10405748
4133.0,10404885
4133.0,10405882
4133.0,10405978
4133.0,10404560
4133.0,10404745
4133.0,10406167
4133.0,10406056
4133.0,10404501
4133.0,10405579
4133.0,10404793
4133.0,10405587
4133.0,10406692
4133.0,10406352
4133.0,10406169
4133.0,10405500
4133.0,10404498
4133.0,10404825
4133.0,10404770
4133.0,10404911
4133.0,10405242
4133.0,10404689
4133.0,10405117
4133.0,10405621
4133.0,10405799
4133.0,10405280
4133.0,10405390
4133.0,10406155
4133.0,10405465
4133.0,10406006
4133.0,10406295
4133.0,10404745
4133.0,10404656
4133.0,10404778
4133.0,10406532
4133.0,10404493
4133.0,10404396
4133.0,10406136
4133.0,10406754
4133.0,10405221
4133.0,10407991
4133.0,10404554
4133.0,10406314
4133.0,10405244
4133.0,10406524
4133.0,10404849
4133.0,10406435
4133.0,10405485
4133.0,10404922
4133.0,10403691
4133.0,10407446
4133.0,10405519
4133.0,10404557
4133.0,10404425
4133.0,10405568
4133.0,10406698
4133.0,10405403
4133.0,10404722
4133.0,10405489
4133.0,10406007
4133.0,10406729
4133.0,10406074
4133.0,10405557
4133.0,10403938
4133.0,10405476
4133.0,10406062
4133.0,10405480
4133.0,10405803
4133.0,10405930
4133.0,10405530
4133.0,10404461
4133.0,10407337
4133.0,10405787
4133.0,10405115
4133.0,10404653
4133.0,10404802
4133.0,10404080
4133.0,10405447
4133.0,10405374
4133.0,10406792
4133.0,10404877
4133.0,10405423
4133.0,10405942
4133.0,10404284
4233.0,10359889
4233.0,10361661
4233.0,10359605
4233.0,10359419
4233.0,10359465
4233.0,10358568
4233.0,10357995
4233.0,10357754
4233.0,10360706
4233.0,10360252
4233.0,10360299
4233.0,10360307
4233.0,10356211
4233.0,10359871
4233.0,10359298
4233.0,10358606
4233.0,10360603
4233.0,10359951
4233.0,10358580
4233.0,10360620
4233.0,10359828
4233.0,10359006
4233.0,10360121
4233.0,10359199
4233.0,10359632
4233.0,10359907
4233.0,10359703
4233.0,10360269
4233.0,10359978
4233.0,10359792
4233.0,10361598
4233.0,10359130
4233.0,10357109
4233.0,10359939
4233.0,10358578
4233.0,10360212
4233.0,10357250
4233.0,10360498
4233.0,10359994
4233.0,10360367
4233.0,10360007
4333.0,10314324
4333.0,10314682
4333.0,10313385
4333.0,10313792
4333.0,10314117
4333.0,10314185
4333.0,10313590
4333.0,10314338
4333.0,10313080
4333.0,10314398
4333.0,10314447
4333.0,10314524
4333.0,10314842
4333.0,10314991
4333.0,10314396
4333.0,10314489
4333.0,10314051
4333.0,10313197
4333.0,10313764
4333.0,10314419
4333.0,10314862
4333.0,10313949
4333.0,10313961
4333.0,10313940
4333.0,10313695
4333.0,10314208
4333.0,10315254
4333.0,10314200
4333.0,10314999
4333.0,10314519
4333.0,10313826
4333.0,10315734
4333.0,10314079
4333.0,10313995
4333.0,10313265
4333.0,10313832
4333.0,10314117
4333.0,10314130
4333.0,10314775
4333.0,10313676
4333.0,10312156
4333.0,10312832
4333.0,10315629
4333.0,10314808
4333.0,10313560
4333.0,10314706
4333.0,10313262
4333.0,10313348
4333.0,10315638
4333.0,10315264
4333.0,10313441
4333.0,10314687
4333.0,10314551
4333.0,10313397
4333.0,10313655
4333.0,10313856
4333.0,10313891
4333.0,10313829
4333.0,10312950
4333.0,10313398
4333.0,10315336
4333.0,10313271
4333.0,10313348
4333.0,10312867
4333.0,10314333
4333.0,10314734
4333.0,10315625
4333.0,10313561
4333.0,10314159
4333.0,10313518
4333.0,10315768
4333.0,10314147
4333.0,10314657
4333.0,10315058
4333.0,10314131
4333.0,10314642
4333.0,10313405
4333.0,10315404
4333.0,10315135
4333.0,10313987
4333.0,10314623
4333.0,10312703
4333.0,10314189
4333.0,10313975
4433.0,10273537
4433.0,10273022
4433.0,10272553
4433.0,10272504
4433.0,10272868
4433.0,10274392
4433.0,10273237
4433.0,10273399
4433.0,10273301
4433.0,10272976
4433.0,10273406
4433.0,10273752
4433.0,10273235
4433.0,10274738
4433.0,10275777
4433.0,10273263
4433.0,10273578
4433.0,10272489
4433.0,10272800
4433.0,10272899
4433.0,10272612
4433.0,10273603
4433.0,10272955
4433.0,10273416
4433.0,10274209
4433.0,10274132
4433.0,10274525
4433.0,10273627
4433.0,10274963
4433.0,10273662
4433.0,10274187
4433.0,10273485
4433.0,10274350
4433.0,10274851
4433.0,10274862
4433.0,10274413
4433.0,10272769
4433.0,10274509
4433.0,10273016
4433.0,10274075
4433.0,10273633
4433.0,10273697
4433.0,10273733
4433.0,10274298
4433.0,10274487
4433.0,10273934
4433.0,10273621
4433.0,10272910
4433.0,10272502
4433.0,10272504
4433.0,10274784
4433.0,10273940
4433.0,10274455
4433.0,10274218
4433.0,10272711
4433.0,10273995
4433.0,10272438
4433.0,10273712
4433.0,10274095
4433.0,10273482
4433.0,10274456
4433.0,10273644
4433.0,10274444
4433.0,10273595
4433.0,10273878
4433.0,10274581
4433.0,10274656
4433.0,10273067
4433.0,10274630
4433.0,10274291
4433.0,10272691
4433.0,10273626
4433.0,10273610
4433.0,10274189
4433.0,10274358
4433.0,10274122
4433.0,10274286
4433.0,10273895
4433.0,10272311
4433.0,10273386
4433.0,10273181
4433.0,10273958
4433.0,10272870
4433.0,10274055
4433.0,10273635
4433.0,10272816
4433.0,10275379
4433.0,10274835
4433.0,10273462
4433.0,10274756
4433.0,10273230
4433.0,10274181
4433.0,10273390
4433.0,10273683
4433.0,10274055
4433.0,10273486
4433.0,10274040
4433.0,10274186
4433.0,10272891
4433.0,10273492
4433.0,10273410
4433.0,10275008
4433.0,10273001
4433.0,10273881
4433.0,10274293
4433.0,10273947
4433.0,10272793
4433.0,10273477
4433.0,10273650
4433.0,10273100
4433.0,10274082
4433.0,10274451
4433.0,10273393
4433.0,10273399
4433.0,10273226
4433.0,10273451
4433.0,10273545
4533.0,10232572
4533.0,10232510
4533.0,10234674
4533.0,10232815
4533.0,10232811
4533.0,10232987
4533.0,10233202
4533.0,10232760
4533.0,10233671
4533.0,10232358
4533.0,10235203
4533.0,10234099
4533.0,10232429
4533.0,10233952
4533.0,10234053
4533.0,10232559
4533.0,10233007
4533.0,10233869
4533.0,10231437
4533.0,10231990
4533.0,10233295
4533.0,10231505
4533.0,10233636
4533.0,10233220
4533.0,10232576
4533.0,10231242
4533.0,10232591
4533.0,10232611
4533.0,10232005
4533.0,10233657
4533.0,10233261
4533.0,10232473
4533.0,10234249
4533.0,10232895
4533.0,10232726
4533.0,10232977
4533.0,10231949
4533.0,10232675
4533.0,10233106
4533.0,10232951
4533.0,10232433
4533.0,10233695
4533.0,10232956
4533.0,10233422
4533.0,10232987
4533.0,10233767
4533.0,10233432
4533.0,10233096
4533.0,10231510
4533.0,10232662
4533.0,10234129
4533.0,10232613
4533.0,10233229
4533.0,10232687
4533.0,10233962
4533.0,10233600
4533.0,10234116
4533.0,10233264
4533.0,10232654
4533.0,10233175
4533.0,10233560
4533.0,10233090
4533.0,10232115
4533.0,10233923
4533.0,10233007
4533.0,10231860
4533.0,10232372
4533.0,10233135
4533.0,10231036
4533.0,10233833
4533.0,10233447
4533.0,10233158
4533.0,10231802
4533.0,10232893
4533.0,10233661
4533.0,10232832
4533.0,10232557
4533.0,10234195
4533.0,10233374
4533.0,10233684
4533.0,10231962
4533.0,10233341
4533.0,10233274
4533.0,10232386
4533.0,10232845
4533.0,10232192
4533.0,10232842
4533.0,10234163
4533.0,10233648
4533.0,10233073
4533.0,10233327
4533.0,10233672
4533.0,10232590
4533.0,10232087
4533.0,10233599
4533.0,10233106
4533.0,10233066
4533.0,10232675
4533.0,10232423
4533.0,10232886
4533.0,10233418
4533.0,10233708
4533.0,10231670
4533.0,10232560
4533.0,10234382
4533.0,10232919
4533.0,10233466
4533.0,10233569
4533.0,10233255
4533.0,10232685
4533.0,10233665
4533.0,10232880
4533.0,10233095
4533.0,10232599
4533.0,10233142
4533.0,10232456
4533.0,10234080
4533.0,10233058
4533.0,10233599
4533.0,10234053
4533.0,10232324
4533.0,10233289
4533.0,10232835
4533.0,10232962
4533.0,10232864
4533.0,10233399
4533.0,10233374
4533.0,10232985
4533.0,10234310
4533.0,10233516
4533.0,10232615
4533.0,10232243
4533.0,10233515
4533.0,10232923
4533.0,10232909
4533.0,10232955
4533.0,10233090
4533.0,10233399
4633.0,10194947
4633.0,10194419
4633.0,10194414
4633.0,10195561
4633.0,10195482
4633.0,10193146
4633.0,10194495
4633.0,10194386
4633.0,10193128
4633.0,10194832
4633.0,10194242
4633.0,10193867
4633.0,10194218
4633.0,10193589
4633.0,10194893
4633.0,10193945
4633.0,10194735
4633.0,10194153
4633.0,10193442
4633.0,10194228
4633.0,10193217
4633.0,10193786
4633.0,10193947
4633.0,10194189
4633.0,10195337
4633.0,10194148
4633.0,10193534
4633.0,10194697
4633.0,10194257
4633.0,10194232
4633.0,10193400
4633.0,10194927
4633.0,10193629
4633.0,10194615
4633.0,10194354
4633.0,10193891
4633.0,10192479
4633.0,10194080
4633.0,10194566
4633.0,10194423
4633.0,10193436
4633.0,10193235
4633.0,10194244
4633.0,10193816
4633.0,10194215
4633.0,10194702
4633.0,10194327
4633.0,10194979
4633.0,10194518
4633.0,10192927
4633.0,10195178
4633.0,10194539
4633.0,10193622
4633.0,10195285
4633.0,10195001
4633.0,10194244
4633.0,10194241
4633.0,10194309
4633.0,10193691
4633.0,10194365
4633.0,10194401
4633.0,10193863
4633.0,10194110
4633.0,10195369
4633.0,10194257
4633.0,10193555
4733.0,10156797
4733.0,10158239
4733.0,10156532
4733.0,10156205
4733.0,10157537
4733.0,10155723
4733.0,10157948
4733.0,10156667
4733.0,10157249
4733.0,10157037
4733.0,10156834
4733.0,10156275
4733.0,10156422
4733.0,10156786
4733.0,10157353
4733.0,10156409
4733.0,10156321
4733.0,10156838
4733.0,10156706
4733.0,10158480
4733.0,10156887
4733.0,10155986
4733.0,10156350
4733.0,10157082
4733.0,10156793
4733.0,10157557
4733.0,10155602
4733.0,10157847
4733.0,10157337
4733.0,10156549
4733.0,10157493
4733.0,10157110
4733.0,10156987
4733.0,10156156
4733.0,10156532
4733.0,10158077
4733.0,10158222
4733.0,10157230
4733.0,10154402
4733.0,10156658
4733.0,10156941
4733.0,10156986
4733.0,10155849
4733.0,10156540
4733.0,10156968
4733.0,10156517
4733.0,10157195
4733.0,10157028
4733.0,10158284
4733.0,10157549
4733.0,10157225
4733.0,10157140
4733.0,10155083
4733.0,10156952
4733.0,10156033
4733.0,10156995
4733.0,10158332
4733.0,10157681
4733.0,10154855
4733.0,10157019
4733.0,10156665
4733.0,10156041
4733.0,10158113
4733.0,10156212
4733.0,10157448
4733.0,10156615
4733.0,10155944
4733.0,10156597
4733.0,10156267
4733.0,10156471
4733.0,10157409
4733.0,10156806
4733.0,10157254
4733.0,10157542
4733.0,10156692
4733.0,10157676
4733.0,10157347
5233.0,9988984
5233.0,9988577
5233.0,9988603
5233.0,9989013
5233.0,9988696
5233.0,9987505
5233.0,9989195
5233.0,9989566
5233.0,9988535
5233.0,9989324
5233.0,9989343
5233.0,9987255
5233.0,9988337
5233.0,9988927
5233.0,9988557
5233.0,9988335
5233.0,9987804
5233.0,9988668
5233.0,9986993
5233.0,9991026
5233.0,9988676
5233.0,9989248
5233.0,9988451
5233.0,9987577
5233.0,9990654
5233.0,9989027
5233.0,9988274
5233.0,9989300
5233.0,9988224
5233.0,9988549
5233.0,9989862
5233.0,9987424
5233.0,9988928
5233.0,9989021
5233.0,9988500
5233.0,9987542
5233.0,9992853
5233.0,9987959
5233.0,9987397
5233.0,9989545
5233.0,9989446
5233.0,9989404
5233.0,9989327
5233.0,9988931
5233.0,9987917
5233.0,9990955
5233.0,9988314
5233.0,9987153
5233.0,9987991
5233.0,9989258
5233.0,9987283
5233.0,9988541
5233.0,9989054
5233.0,9988794
5233.0,9989256
5233.0,9990401
5233.0,9987502
5233.0,9987826
5233.0,9990536
5233.0,9989363
5233.0,9986879
5233.0,9988288
5233.0,9989297
5233.0,9988220
5233.0,9989655
5233.0,9988836
5233.0,9989237
5233.0,9988198
5233.0,9989766
5233.0,9989211
5233.0,9988407
5233.0,9989835
5233.0,9990381
5233.0,9988690
5233.0,9989696
5733.0,9848312
5733.0,9848403
5733.0,9848098
5733.0,9850265
5733.0,9848229
5733.0,9849186
5733.0,9849313
5733.0,9851066
5733.0,9849539
5733.0,9848370
5733.0,9848639
5733.0,9848411
5733.0,9850174
5733.0,9849201
5733.0,9849142
5733.0,9849850
5733.0,9850489
5733.0,9850391
5733.0,9848308
5733.0,9847496
5733.0,9850246
5733.0,9850841
5733.0,9851184
5733.0,9847712
5733.0,9850476
5733.0,9848500
5733.0,9849654
5733.0,9848226
5733.0,9850581
5733.0,9849437
5733.0,9849451
5733.0,9848120
5733.0,9848350
5733.0,9849696
5733.0,9848145
5733.0,9848636
5733.0,9850925
5733.0,9851164
5733.0,9849363
5733.0,9847507
5733.0,9848511
5733.0,9849851
5733.0,9848812
5733.0,9848482
5733.0,9846165
5733.0,9847888
5733.0,9849367
5733.0,9849426
5733.0,9849013
5733.0,9848129
5733.0,9850442
5733.0,9850057
5733.0,9848784
5733.0,9851916
5733.0,9849929
5733.0,9848294
5733.0,9848386
5733.0,9849481
5733.0,9849495
5733.0,9849318
5733.0,9849621
5733.0,9847378
5733.0,9848107
5733.0,9848715
5733.0,9848911
5733.0,9850148
5733.0,9849070
5733.0,9848672
5733.0,9848059
5733.0,9848990
5733.0,9848587
5733.0,9847587
5733.0,9849892
5733.0,9849841
5733.0,9850127
5733.0,9849800
5733.0,9849608
5733.0,9846271
5733.0,9851214
5733.0,9851955
5733.0,9849007
5733.0,9849331
5733.0,9848150
5733.0,9849176
5733.0,9850598
5733.0,9851109
5733.0,9848544
5733.0,9848882
5733.0,9848069
5733.0,9848378
5733.0,9849867
5733.0,9848404
5733.0,9849978
5733.0,9850312
6233.0,9729103
6233.0,9729637
6233.0,9730202
6233.0,9727169
6233.0,9729302
6233.0,9730637
6233.0,9731126
6233.0,9731357
6233.0,9731062
6233.0,9730149
6233.0,9729603
6233.0,9731155
6233.0,9729276
6233.0,9728393
6233.0,9729833
6233.0,9729371
6233.0,9730530
6233.0,9730932
6233.0,9729812
6233.0,9730036
6233.0,9729441
6233.0,9727229
6233.0,9729998
6233.0,9731662
6233.0,9729444
6233.0,9729229
6233.0,9729313
6233.0,9728461
6233.0,9728595
6233.0,9728192
6233.0,9730913
6233.0,9729438
6233.0,9729253
6233.0,9728551
6233.0,9729032
6233.0,9731710
6233.0,9731217
6233.0,9729379
6233.0,9728847
6233.0,9729397
6233.0,9730257
6233.0,9729810
6233.0,9730965
6233.0,9729957
6233.0,9730743
6233.0,9730882
6233.0,9730261
6233.0,9730527
6233.0,9731398
6233.0,9729480
6233.0,9729261
6233.0,9729882
6233.0,9728847
6233.0,9730055
6233.0,9729309
6233.0,9730629
6233.0,9730259
6233.0,9727283
6233.0,9727483
6233.0,9728719
6233.0,9729064
6233.0,9729682
6233.0,9730896
6233.0,9729863
6233.0,9729609
6233.0,9727113
6233.0,9728886
6233.0,9727987
6233.0,9729837
6233.0,9731228
6233.0,9729881
6233.0,9730783
6233.0,9728406
6233.0,9729779
6233.0,9729366
6233.0,9730212
6733.0,9625524
6733.0,9627105
6733.0,9626064
6733.0,9627211
6733.0,9626755
6733.0,9628069
6733.0,9627877
6733.0,9627141
6733.0,9626084
6733.0,9626341
6733.0,9626185
6733.0,9626399
6733.0,9626933
6733.0,9625329
6733.0,9626728
6733.0,9627585
6733.0,9628115
6733.0,9627452
6733.0,9625223
6733.0,9627534
6733.0,9626973
6733.0,9624675
6733.0,9627377
6733.0,9629631
6733.0,9626988
6733.0,9626715
6733.0,9626427
6733.0,9626383
6733.0,9625167
6733.0,9625505
6733.0,9628430
6733.0,9626709
6733.0,9625422
6733.0,9626045
6733.0,9626486
6733.0,9627827
6733.0,9626850
6733.0,9629761
6733.0,9626916
6733.0,9625808
6733.0,9627130
6733.0,9625164
6733.0,9625490
6733.0,9624995
6733.0,9625651
6733.0,9626474
6733.0,9628649
6733.0,9626671
6733.0,9624752
6733.0,9627226
6733.0,9627033
6733.0,9625475
6733.0,9626742
6733.0,9627778
6733.0,9624607
6733.0,9627139
6733.0,9626797
6733.0,9627073
6733.0,9629710
6733.0,9628379
6733.0,9629364
6733.0,9624483
6733.0,9624761
6733.0,9625557
6733.0,9629822
6733.0,9626642
6733.0,9628363
6733.0,9626752
6733.0,9626983
6733.0,9624069
6733.0,9627366
6733.0,9626528
6733.0,9627130
6733.0,9627298
6733.0,9627913
6733.0,9626215
6733.0,9626229
6733.0,9625267
7233.0,9537458
7233.0,9537773
7233.0,9536368
7233.0,9536392
7233.0,9536938
7233.0,9536628
7233.0,9536336
7233.0,9537118
7233.0,9536849
7233.0,9535191
7233.0,9535573
7233.0,9537034
7233.0,9537811
7233.0,9536588
7233.0,9535749
7233.0,9536259
7233.0,9537332
7233.0,9537933
7233.0,9538148
7233.0,9537026
7233.0,9537522
7233.0,9534153
7233.0,9535235
7233.0,9536114
7233.0,9535835
7233.0,9538109
7233.0,9536811
7233.0,9539054
7233.0,9536853
7233.0,9534998
7233.0,9535968
7233.0,9535010
7233.0,9537323
7233.0,9536978
7233.0,9536332
7233.0,9536737
7233.0,9536253
7233.0,9538745
7233.0,9538810
7233.0,9536673
7233.0,9535635
7233.0,9535443
7233.0,9535513
7233.0,9537225
7233.0,9535216
7233.0,9535401
7233.0,9536854
7233.0,9535726
7233.0,9536782
7233.0,9537003
7233.0,9537654
7233.0,9537248
7233.0,9536130
7233.0,9536251
7233.0,9537682
7233.0,9535244
7233.0,9538013
7233.0,9534768
7733.0,9457277
7733.0,9458836
7733.0,9455230
7733.0,9457542
7733.0,9458670
7733.0,9458215
7733.0,9458797
7733.0,9455328
7733.0,9457982
7733.0,9456698
7733.0,9456756
7733.0,9455787
7733.0,9457217
7733.0,9457699
7733.0,9457389
7733.0,9458428
7733.0,9455845
7733.0,9455839
7733.0,9456762
7733.0,9458495
7733.0,9457950
7733.0,9458035
7733.0,9460349
7733.0,9459119
7733.0,9456383
7733.0,9459024
7733.0,9458224
7733.0,9457888
7733.0,9458056
7733.0,9459082
7733.0,9459734
7733.0,9460300
7733.0,9456321
7733.0,9457212
7733.0,9456760
7733.0,9459036
7733.0,9458345
7733.0,9458279
7733.0,9457418
7733.0,9456987
7733.0,9457616
7733.0,9458587
7733.0,9457945
7733.0,9458409
7733.0,9456212
7733.0,9457454
7733.0,9457059
7733.0,9457668
7733.0,9457888
7733.0,9457515
7733.0,9457988
7733.0,9456883
7733.0,9456864
7733.0,9456821
7733.0,9458843
7733.0,9457273
7733.0,9457698
7733.0,9459265
7733.0,9457357
7733.0,9459202
7733.0,9455697
7733.0,9456255
7733.0,9457228
7733.0,9456849
7733.0,9459414
7733.0,9458156
7733.0,9458993
7733.0,9457063
7733.0,9456765
7733.0,9458447
7733.0,9457315
7733.0,9456887
7733.0,9457524
7733.0,9457922
7733.0,9457990
7733.0,9459005
7733.0,9457102
7733.0,9458092
7733.0,9458775
7733.0,9456538
7733.0,9457045
7733.0,9457333
7733.0,9457410
7733.0,9457592
7733.0,9457174
7733.0,9457760
7733.0,9456998
7733.0,9458366
7733.0,9460335
7733.0,9455769
7733.0,9458102
8233.0,9386587
8233.0,9386913
8233.0,9385954
8233.0,9389727
8233.0,9387675
8233.0,9387223
8233.0,9387249
8233.0,9389298
8233.0,9386664
8233.0,9390128
8233.0,9387141
8233.0,9386864
8233.0,9388339
8233.0,9388203
8233.0,9388243
8233.0,9387423
8233.0,9387536
8233.0,9386641
8233.0,9388296
8233.0,9387558
8233.0,9389303
8233.0,9388719
8233.0,9387576
8233.0,9384758
8233.0,9388171
8233.0,9388077
8233.0,9387909
8233.0,9387447
8233.0,9385456
8233.0,9388376
8233.0,9388400
8233.0,9389077
8233.0,9387286
8233.0,9385683
8233.0,9386152
8233.0,9387101
8233.0,9389672
8233.0,9386509
8233.0,9386364
8233.0,9388033
8233.0,9386089
8233.0,9386157
8233.0,9388407
8233.0,9386276
8233.0,9388856
8233.0,9385681
8233.0,9386821
8233.0,9386419
8233.0,9386279
8233.0,9386489
8233.0,9388665
8233.0,9386861
8233.0,9388574
8233.0,9386742
8233.0,9387857
8233.0,9387773
8233.0,9387179
8233.0,9386719
8233.0,9387360
8233.0,9386874
8233.0,9387772
8233.0,9388126
8233.0,9386965
8233.0,9385708
8233.0,9388957
8233.0,9387843
8233.0,9386386
8233.0,9388026
8233.0,9386998
8233.0,9388696
8233.0,9388531
8233.0,9388765
8233.0,9388147
8233.0,9387765
8233.0,9389297
8233.0,9388131
8233.0,9386339
8233.0,9388152
8233.0,9386439
8233.0,9386048
8233.0,9387176
8733.0,9324588
8733.0,9322774
8733.0,9324563
8733.0,9325524
8733.0,9324397
8733.0,9323631
8733.0,9324453
8733.0,9323671
8733.0,9324536
8733.0,9324809
8733.0,9323625
8733.0,9324820
8733.0,9321221
8733.0,9323528
8733.0,9322869
8733.0,9324481
8733.0,9324666
8733.0,9326103
8733.0,9324809
8733.0,9323332
8733.0,9324940
8733.0,9323312
8733.0,9326454
8733.0,9324479
8733.0,9324501
8733.0,9322784
8733.0,9323240
8733.0,9326154
8733.0,9324014
8733.0,9324816
8733.0,9323018
8733.0,9323857
8733.0,9323966
8733.0,9324874
8733.0,9324843
8733.0,9321766
8733.0,9324668
8733.0,9325198
8733.0,9322043
8733.0,9323198
8733.0,9323299
8733.0,9323954
8733.0,9325599
8733.0,9324340
8733.0,9325162
8733.0,9324575
9233.0,9269423
9233.0,9268988
9233.0,9268525
9233.0,9269198
9233.0,9266811
9233.0,9264878
9233.0,9268757
9233.0,9271162
9233.0,9266099
9233.0,9268560
9233.0,9270238
9233.0,9267968
9233.0,9267911
9233.0,9269203
9233.0,9266807
9233.0,9266390
9233.0,9267595
9233.0,9267453
9233.0,9268162
9233.0,9269675
9233.0,9268335
9233.0,9266909
9233.0,9269110
9233.0,9269752
9233.0,9268862
9233.0,9269015
9233.0,9267154
9233.0,9267760
9233.0,9267403
9233.0,9269393
9233.0,9267960
9233.0,9269250
9233.0,9269117
9233.0,9267999
9233.0,9267308
9233.0,9266521
9233.0,9270123
9233.0,9267845
9233.0,9266999
9233.0,9267699
9233.0,9269099
9233.0,9268331
9233.0,9268382
9233.0,9269873
9233.0,9268559
9233.0,9268308
9233.0,9269151
9233.0,9268322
9233.0,9268683
9233.0,9269270
9233.0,9268707
9233.0,9269847
9233.0,9267675
9233.0,9267129
9233.0,9269039
9233.0,9268051
9233.0,9269720
9233.0,9267681
9233.0,9268151
9233.0,9267374
9733.0,9217324
9733.0,9218821
9733.0,9217709
9733.0,9217699
9733.0,9217891
9733.0,9216505
9733.0,9216664
9733.0,9217077
9733.0,9216868
9733.0,9217377
9733.0,9218549
9733.0,9216611
9733.0,9218948
9733.0,9218302
9733.0,9217975
9733.0,9217582
9733.0,9217178
9733.0,9217998
9733.0,9217853
9733.0,9216024
9733.0,9217968
9733.0,9217034
9733.0,9217226
9733.0,9217508
9733.0,9216583
9733.0,9217332
9733.0,9216246
9733.0,9216898
9733.0,9217813
9733.0,9217666
9733.0,9217583
9733.0,9216283
9733.0,9217123
9733.0,9217171
9733.0,9216244
9733.0,9216762
9733.0,9217332
9733.0,9216898
9733.0,9217769
9733.0,9217039
9733.0,9216656
9733.0,9217757
9733.0,9216581
9733.0,9217366
9733.0,9216796
9733.0,9217709
9733.0,9217010
9733.0,9218657
9733.0,9219459
9733.0,9216944
9733.0,9215134
9733.0,9216515
9733.0,9217601
9733.0,9216377
9733.0,9219319
9733.0,9217754
9733.0,9216932
9733.0,9218736
9733.0,9217343
9733.0,9217045
9733.0,9217604
9733.0,9218510
9733.0,9217332
9733.0,9216282
9733.0,9217172
9733.0,9216992
9733.0,9216781
9733.0,9217074
9733.0,9218950
9733.0,9216841
10233.0,9168787
10233.0,9169888
10233.0,9170510
10233.0,9170640
10233.0,9171314
10233.0,9171104
10233.0,9169631
10233.0,9171848
10233.0,9170755
10233.0,9171109
10233.0,9170834
10233.0,9171157
10233.0,9172425
10233.0,9170238
10233.0,9171878
10233.0,9171899
10233.0,9171104
10233.0,9169443
10233.0,9170623
10233.0,9170797
10233.0,9171201
10233.0,9170567
10233.0,9170960
10233.0,9169579
10233.0,9170282
10233.0,9170669
10233.0,9171427
10233.0,9170971
10233.0,9171240
10233.0,9171346
10233.0,9170794
10233.0,9170841
10233.0,9172236
10233.0,9169964
10233.0,9171203
10233.0,9171569
10233.0,9171683
10233.0,9171251
10233.0,9171073
10233.0,9170592
10233.0,9172017
10233.0,9172385
10233.0,9170283
10233.0,9168969
10233.0,9170132
10233.0,9169928
10233.0,9170112
10233.0,9170459
10233.0,9170591
10233.0,9171021
10233.0,9171895
10233.0,9171247
10233.0,9171749
10233.0,9171249
10233.0,9171166
10233.0,9170723
10233.0,9171958
10233.0,9173396
10233.0,9170661
10233.0,9171282
10233.0,9171102
10233.0,9171227
10233.0,9169527
10233.0,9171009
10233.0,9171383
10233.0,9170442
10733.0,9128868
10733.0,9128642
10733.0,9126235
10733.0,9127985
10733.0,9128529
10733.0,9128597
10733.0,9126656
10733.0,9127292
10733.0,9127918
10733.0,9129054
10733.0,9126735
10733.0,9128093
10733.0,9126905
10733.0,9128644
10733.0,9128709
10733.0,9128436
10733.0,9128130
10733.0,9127829
10733.0,9129510
10733.0,9130305
10733.0,9128093
10733.0,9128669
10733.0,9128651
10733.0,9127854
10733.0,9128130
10733.0,9128899
10733.0,9130254
10733.0,9129812
10733.0,9129479
10733.0,9127775
10733.0,9128028
10733.0,9129355
10733.0,9129343
10733.0,9129290
10733.0,9127895
10733.0,9127856
10733.0,9129116
10733.0,9127762
10733.0,9130367
10733.0,9128936
10733.0,9128099
10733.0,9128356
10733.0,9128193
10733.0,9127922
10733.0,9127197
10733.0,9129600
10733.0,9129095
10733.0,9128742
10733.0,9129501
10733.0,9128628
10733.0,9129590
10733.0,9126776
10733.0,9129754
10733.0,9128624
10733.0,9129003
10733.0,9127352
10733.0,9130969
10733.0,9128905
10733.0,9127221
10733.0,9127785
10733.0,9129534
10733.0,9128107
10733.0,9129149
10733.0,9127069
10733.0,9128722
10733.0,9128676
10733.0,9129297
10733.0,9126926
10733.0,9127955
